force,crime_type,month,predicted_n_crimes
Avon and Somerset Constabulary,Anti-social behaviour,2026-03,2354
Avon and Somerset Constabulary,Bicycle theft,2026-03,129
Avon and Somerset Constabulary,Burglary,2026-03,687
Avon and Somerset Constabulary,Criminal damage and arson,2026-03,1072
Avon and Somerset Constabulary,Drugs,2026-03,305
Avon and Somerset Constabulary,Other crime,2026-03,372
Avon and Somerset Constabulary,Other theft,2026-03,1101
Avon and Somerset Constabulary,Possession of weapons,2026-03,122
Avon and Somerset Constabulary,Public order,2026-03,1715
Avon and Somerset Constabulary,Robbery,2026-03,263
Avon and Somerset Constabulary,Shoplifting,2026-03,1554
Avon and Somerset Constabulary,Theft from the person,2026-03,55
Avon and Somerset Constabulary,Vehicle crime,2026-03,747
Avon and Somerset Constabulary,Violence and sexual offences,2026-03,6727
Bedfordshire Police,Anti-social behaviour,2026-03,784
Bedfordshire Police,Bicycle theft,2026-03,38
Bedfordshire Police,Burglary,2026-03,170
Bedfordshire Police,Criminal damage and arson,2026-03,365
Bedfordshire Police,Drugs,2026-03,220
Bedfordshire Police,Other crime,2026-03,136
Bedfordshire Police,Other theft,2026-03,333
Bedfordshire Police,Possession of weapons,2026-03,67
Bedfordshire Police,Public order,2026-03,331
Bedfordshire Police,Robbery,2026-03,57
Bedfordshire Police,Shoplifting,2026-03,417
Bedfordshire Police,Theft from the person,2026-03,38
Bedfordshire Police,Vehicle crime,2026-03,304
Bedfordshire Police,Violence and sexual offences,2026-03,1871
Cambridgeshire Constabulary,Anti-social behaviour,2026-03,1132
Cambridgeshire Constabulary,Bicycle theft,2026-03,105
Cambridgeshire Constabulary,Burglary,2026-03,286
Cambridgeshire Constabulary,Criminal damage and arson,2026-03,521
Cambridgeshire Constabulary,Drugs,2026-03,247
Cambridgeshire Constabulary,Other crime,2026-03,225
Cambridgeshire Constabulary,Other theft,2026-03,430
Cambridgeshire Constabulary,Possession of weapons,2026-03,99
Cambridgeshire Constabulary,Public order,2026-03,400
Cambridgeshire Constabulary,Robbery,2026-03,53
Cambridgeshire Constabulary,Shoplifting,2026-03,609
Cambridgeshire Constabulary,Theft from the person,2026-03,62
Cambridgeshire Constabulary,Vehicle crime,2026-03,323
Cambridgeshire Constabulary,Violence and sexual offences,2026-03,2491
Cheshire Constabulary,Anti-social behaviour,2026-03,598
Cheshire Constabulary,Bicycle theft,2026-03,52
Cheshire Constabulary,Burglary,2026-03,194
Cheshire Constabulary,Criminal damage and arson,2026-03,470
Cheshire Constabulary,Drugs,2026-03,356
Cheshire Constabulary,Other crime,2026-03,187
Cheshire Constabulary,Other theft,2026-03,426
Cheshire Constabulary,Possession of weapons,2026-03,68
Cheshire Constabulary,Public order,2026-03,755
Cheshire Constabulary,Robbery,2026-03,40
Cheshire Constabulary,Shoplifting,2026-03,454
Cheshire Constabulary,Theft from the person,2026-03,16
Cheshire Constabulary,Vehicle crime,2026-03,186
Cheshire Constabulary,Violence and sexual offences,2026-03,3269
City of London Police,Anti-social behaviour,2026-03,11
City of London Police,Bicycle theft,2026-03,22
City of London Police,Burglary,2026-03,35
City of London Police,Criminal damage and arson,2026-03,24
City of London Police,Drugs,2026-03,69
City of London Police,Other crime,2026-03,7
City of London Police,Other theft,2026-03,158
City of London Police,Possession of weapons,2026-03,5
City of London Police,Public order,2026-03,56
City of London Police,Robbery,2026-03,18
City of London Police,Shoplifting,2026-03,122
City of London Police,Theft from the person,2026-03,94
City of London Police,Vehicle crime,2026-03,11
City of London Police,Violence and sexual offences,2026-03,136
Cleveland Police,Anti-social behaviour,2026-03,1355
Cleveland Police,Bicycle theft,2026-03,32
Cleveland Police,Burglary,2026-03,307
Cleveland Police,Criminal damage and arson,2026-03,797
Cleveland Police,Drugs,2026-03,261
Cleveland Police,Other crime,2026-03,260
Cleveland Police,Other theft,2026-03,367
Cleveland Police,Possession of weapons,2026-03,78
Cleveland Police,Public order,2026-03,564
Cleveland Police,Robbery,2026-03,122
Cleveland Police,Shoplifting,2026-03,867
Cleveland Police,Theft from the person,2026-03,21
Cleveland Police,Vehicle crime,2026-03,303
Cleveland Police,Violence and sexual offences,2026-03,2700
Cumbria Constabulary,Anti-social behaviour,2026-03,169
Cumbria Constabulary,Bicycle theft,2026-03,20
Cumbria Constabulary,Burglary,2026-03,90
Cumbria Constabulary,Criminal damage and arson,2026-03,291
Cumbria Constabulary,Drugs,2026-03,153
Cumbria Constabulary,Other crime,2026-03,104
Cumbria Constabulary,Other theft,2026-03,191
Cumbria Constabulary,Possession of weapons,2026-03,44
Cumbria Constabulary,Public order,2026-03,348
Cumbria Constabulary,Robbery,2026-03,15
Cumbria Constabulary,Shoplifting,2026-03,201
Cumbria Constabulary,Theft from the person,2026-03,11
Cumbria Constabulary,Vehicle crime,2026-03,75
Cumbria Constabulary,Violence and sexual offences,2026-03,1562
Derbyshire Constabulary,Anti-social behaviour,2026-03,1181
Derbyshire Constabulary,Bicycle theft,2026-03,29
Derbyshire Constabulary,Burglary,2026-03,257
Derbyshire Constabulary,Criminal damage and arson,2026-03,567
Derbyshire Constabulary,Drugs,2026-03,374
Derbyshire Constabulary,Other crime,2026-03,193
Derbyshire Constabulary,Other theft,2026-03,492
Derbyshire Constabulary,Possession of weapons,2026-03,109
Derbyshire Constabulary,Public order,2026-03,717
Derbyshire Constabulary,Robbery,2026-03,65
Derbyshire Constabulary,Shoplifting,2026-03,661
Derbyshire Constabulary,Theft from the person,2026-03,54
Derbyshire Constabulary,Vehicle crime,2026-03,276
Derbyshire Constabulary,Violence and sexual offences,2026-03,3585
Devon & Cornwall Police,Anti-social behaviour,2026-03,1324
Devon & Cornwall Police,Bicycle theft,2026-03,59
Devon & Cornwall Police,Burglary,2026-03,321
Devon & Cornwall Police,Criminal damage and arson,2026-03,1103
Devon & Cornwall Police,Drugs,2026-03,338
Devon & Cornwall Police,Other crime,2026-03,306
Devon & Cornwall Police,Other theft,2026-03,902
Devon & Cornwall Police,Possession of weapons,2026-03,149
Devon & Cornwall Police,Public order,2026-03,756
Devon & Cornwall Police,Robbery,2026-03,62
Devon & Cornwall Police,Shoplifting,2026-03,848
Devon & Cornwall Police,Theft from the person,2026-03,66
Devon & Cornwall Police,Vehicle crime,2026-03,341
Devon & Cornwall Police,Violence and sexual offences,2026-03,5444
Dorset Police,Anti-social behaviour,2026-03,1168
Dorset Police,Bicycle theft,2026-03,40
Dorset Police,Burglary,2026-03,172
Dorset Police,Criminal damage and arson,2026-03,354
Dorset Police,Drugs,2026-03,92
Dorset Police,Other crime,2026-03,54
Dorset Police,Other theft,2026-03,308
Dorset Police,Possession of weapons,2026-03,28
Dorset Police,Public order,2026-03,250
Dorset Police,Robbery,2026-03,34
Dorset Police,Shoplifting,2026-03,396
Dorset Police,Theft from the person,2026-03,24
Dorset Police,Vehicle crime,2026-03,261
Dorset Police,Violence and sexual offences,2026-03,1642
Durham Constabulary,Anti-social behaviour,2026-03,1252
Durham Constabulary,Bicycle theft,2026-03,18
Durham Constabulary,Burglary,2026-03,229
Durham Constabulary,Criminal damage and arson,2026-03,765
Durham Constabulary,Drugs,2026-03,115
Durham Constabulary,Other crime,2026-03,195
Durham Constabulary,Other theft,2026-03,282
Durham Constabulary,Possession of weapons,2026-03,57
Durham Constabulary,Public order,2026-03,377
Durham Constabulary,Robbery,2026-03,34
Durham Constabulary,Shoplifting,2026-03,644
Durham Constabulary,Theft from the person,2026-03,18
Durham Constabulary,Vehicle crime,2026-03,203
Durham Constabulary,Violence and sexual offences,2026-03,2255
Dyfed-Powys Police,Anti-social behaviour,2026-03,293
Dyfed-Powys Police,Bicycle theft,2026-03,8
Dyfed-Powys Police,Burglary,2026-03,105
Dyfed-Powys Police,Criminal damage and arson,2026-03,305
Dyfed-Powys Police,Drugs,2026-03,120
Dyfed-Powys Police,Other crime,2026-03,103
Dyfed-Powys Police,Other theft,2026-03,187
Dyfed-Powys Police,Possession of weapons,2026-03,44
Dyfed-Powys Police,Public order,2026-03,242
Dyfed-Powys Police,Robbery,2026-03,9
Dyfed-Powys Police,Shoplifting,2026-03,156
Dyfed-Powys Police,Theft from the person,2026-03,16
Dyfed-Powys Police,Vehicle crime,2026-03,71
Dyfed-Powys Police,Violence and sexual offences,2026-03,1673
Essex Police,Anti-social behaviour,2026-03,1263
Essex Police,Bicycle theft,2026-03,90
Essex Police,Burglary,2026-03,474
Essex Police,Criminal damage and arson,2026-03,962
Essex Police,Drugs,2026-03,600
Essex Police,Other crime,2026-03,306
Essex Police,Other theft,2026-03,869
Essex Police,Possession of weapons,2026-03,145
Essex Police,Public order,2026-03,868
Essex Police,Robbery,2026-03,110
Essex Police,Shoplifting,2026-03,1319
Essex Police,Theft from the person,2026-03,71
Essex Police,Vehicle crime,2026-03,813
Essex Police,Violence and sexual offences,2026-03,5531
Gloucestershire Constabulary,Anti-social behaviour,2026-03,866
Gloucestershire Constabulary,Bicycle theft,2026-03,47
Gloucestershire Constabulary,Burglary,2026-03,190
Gloucestershire Constabulary,Criminal damage and arson,2026-03,283
Gloucestershire Constabulary,Drugs,2026-03,101
Gloucestershire Constabulary,Other crime,2026-03,126
Gloucestershire Constabulary,Other theft,2026-03,328
Gloucestershire Constabulary,Possession of weapons,2026-03,35
Gloucestershire Constabulary,Public order,2026-03,309
Gloucestershire Constabulary,Robbery,2026-03,22
Gloucestershire Constabulary,Shoplifting,2026-03,363
Gloucestershire Constabulary,Theft from the person,2026-03,19
Gloucestershire Constabulary,Vehicle crime,2026-03,213
Gloucestershire Constabulary,Violence and sexual offences,2026-03,1753
Gwent Police,Anti-social behaviour,2026-03,1014
Gwent Police,Bicycle theft,2026-03,21
Gwent Police,Burglary,2026-03,160
Gwent Police,Criminal damage and arson,2026-03,621
Gwent Police,Drugs,2026-03,118
Gwent Police,Other crime,2026-03,167
Gwent Police,Other theft,2026-03,324
Gwent Police,Possession of weapons,2026-03,59
Gwent Police,Public order,2026-03,662
Gwent Police,Robbery,2026-03,32
Gwent Police,Shoplifting,2026-03,445
Gwent Police,Theft from the person,2026-03,19
Gwent Police,Vehicle crime,2026-03,180
Gwent Police,Violence and sexual offences,2026-03,2093
Hampshire Constabulary,Anti-social behaviour,2026-03,1606
Hampshire Constabulary,Bicycle theft,2026-03,114
Hampshire Constabulary,Burglary,2026-03,481
Hampshire Constabulary,Criminal damage and arson,2026-03,968
Hampshire Constabulary,Drugs,2026-03,459
Hampshire Constabulary,Other crime,2026-03,298
Hampshire Constabulary,Other theft,2026-03,836
Hampshire Constabulary,Possession of weapons,2026-03,195
Hampshire Constabulary,Public order,2026-03,1155
Hampshire Constabulary,Robbery,2026-03,137
Hampshire Constabulary,Shoplifting,2026-03,1345
Hampshire Constabulary,Theft from the person,2026-03,76
Hampshire Constabulary,Vehicle crime,2026-03,564
Hampshire Constabulary,Violence and sexual offences,2026-03,5865
Hertfordshire Constabulary,Anti-social behaviour,2026-03,1629
Hertfordshire Constabulary,Bicycle theft,2026-03,67
Hertfordshire Constabulary,Burglary,2026-03,330
Hertfordshire Constabulary,Criminal damage and arson,2026-03,580
Hertfordshire Constabulary,Drugs,2026-03,337
Hertfordshire Constabulary,Other crime,2026-03,198
Hertfordshire Constabulary,Other theft,2026-03,704
Hertfordshire Constabulary,Possession of weapons,2026-03,82
Hertfordshire Constabulary,Public order,2026-03,454
Hertfordshire Constabulary,Robbery,2026-03,75
Hertfordshire Constabulary,Shoplifting,2026-03,788
Hertfordshire Constabulary,Theft from the person,2026-03,85
Hertfordshire Constabulary,Vehicle crime,2026-03,503
Hertfordshire Constabulary,Violence and sexual offences,2026-03,3124
Humberside Police,Anti-social behaviour,2026-03,610
Humberside Police,Bicycle theft,2026-03,96
Humberside Police,Burglary,2026-03,379
Humberside Police,Criminal damage and arson,2026-03,749
Humberside Police,Drugs,2026-03,210
Humberside Police,Other crime,2026-03,268
Humberside Police,Other theft,2026-03,533
Humberside Police,Possession of weapons,2026-03,90
Humberside Police,Public order,2026-03,743
Humberside Police,Robbery,2026-03,69
Humberside Police,Shoplifting,2026-03,774
Humberside Police,Theft from the person,2026-03,28
Humberside Police,Vehicle crime,2026-03,299
Humberside Police,Violence and sexual offences,2026-03,3435
Kent Police,Anti-social behaviour,2026-03,2714
Kent Police,Bicycle theft,2026-03,81
Kent Police,Burglary,2026-03,386
Kent Police,Criminal damage and arson,2026-03,1409
Kent Police,Drugs,2026-03,611
Kent Police,Other crime,2026-03,466
Kent Police,Other theft,2026-03,934
Kent Police,Possession of weapons,2026-03,175
Kent Police,Public order,2026-03,595
Kent Police,Robbery,2026-03,117
Kent Police,Shoplifting,2026-03,1405
Kent Police,Theft from the person,2026-03,64
Kent Police,Vehicle crime,2026-03,631
Kent Police,Violence and sexual offences,2026-03,5652
Lancashire Constabulary,Anti-social behaviour,2026-03,2415
Lancashire Constabulary,Bicycle theft,2026-03,70
Lancashire Constabulary,Burglary,2026-03,477
Lancashire Constabulary,Criminal damage and arson,2026-03,1054
Lancashire Constabulary,Drugs,2026-03,365
Lancashire Constabulary,Other crime,2026-03,409
Lancashire Constabulary,Other theft,2026-03,820
Lancashire Constabulary,Possession of weapons,2026-03,147
Lancashire Constabulary,Public order,2026-03,762
Lancashire Constabulary,Robbery,2026-03,104
Lancashire Constabulary,Shoplifting,2026-03,853
Lancashire Constabulary,Theft from the person,2026-03,56
Lancashire Constabulary,Vehicle crime,2026-03,537
Lancashire Constabulary,Violence and sexual offences,2026-03,5487
Leicestershire Police,Anti-social behaviour,2026-03,1158
Leicestershire Police,Bicycle theft,2026-03,86
Leicestershire Police,Burglary,2026-03,342
Leicestershire Police,Criminal damage and arson,2026-03,758
Leicestershire Police,Drugs,2026-03,266
Leicestershire Police,Other crime,2026-03,212
Leicestershire Police,Other theft,2026-03,576
Leicestershire Police,Possession of weapons,2026-03,76
Leicestershire Police,Public order,2026-03,729
Leicestershire Police,Robbery,2026-03,74
Leicestershire Police,Shoplifting,2026-03,720
Leicestershire Police,Theft from the person,2026-03,65
Leicestershire Police,Vehicle crime,2026-03,438
Leicestershire Police,Violence and sexual offences,2026-03,3274
Lincolnshire Police,Anti-social behaviour,2026-03,1248
Lincolnshire Police,Bicycle theft,2026-03,48
Lincolnshire Police,Burglary,2026-03,198
Lincolnshire Police,Criminal damage and arson,2026-03,417
Lincolnshire Police,Drugs,2026-03,95
Lincolnshire Police,Other crime,2026-03,162
Lincolnshire Police,Other theft,2026-03,300
Lincolnshire Police,Possession of weapons,2026-03,37
Lincolnshire Police,Public order,2026-03,337
Lincolnshire Police,Robbery,2026-03,46
Lincolnshire Police,Shoplifting,2026-03,582
Lincolnshire Police,Theft from the person,2026-03,8
Lincolnshire Police,Vehicle crime,2026-03,172
Lincolnshire Police,Violence and sexual offences,2026-03,2155
Merseyside Police,Anti-social behaviour,2026-03,1237
Merseyside Police,Bicycle theft,2026-03,81
Merseyside Police,Burglary,2026-03,293
Merseyside Police,Criminal damage and arson,2026-03,1008
Merseyside Police,Drugs,2026-03,1090
Merseyside Police,Other crime,2026-03,343
Merseyside Police,Other theft,2026-03,668
Merseyside Police,Possession of weapons,2026-03,123
Merseyside Police,Public order,2026-03,1198
Merseyside Police,Robbery,2026-03,116
Merseyside Police,Shoplifting,2026-03,985
Merseyside Police,Theft from the person,2026-03,54
Merseyside Police,Vehicle crime,2026-03,365
Merseyside Police,Violence and sexual offences,2026-03,4914
Metropolitan Police Service,Anti-social behaviour,2026-03,19466
Metropolitan Police Service,Bicycle theft,2026-03,949
Metropolitan Police Service,Burglary,2026-03,4041
Metropolitan Police Service,Criminal damage and arson,2026-03,4404
Metropolitan Police Service,Drugs,2026-03,3993
Metropolitan Police Service,Other crime,2026-03,1165
Metropolitan Police Service,Other theft,2026-03,7190
Metropolitan Police Service,Possession of weapons,2026-03,573
Metropolitan Police Service,Public order,2026-03,4835
Metropolitan Police Service,Robbery,2026-03,2443
Metropolitan Police Service,Shoplifting,2026-03,7246
Metropolitan Police Service,Theft from the person,2026-03,6748
Metropolitan Police Service,Vehicle crime,2026-03,6402
Metropolitan Police Service,Violence and sexual offences,2026-03,21433
Norfolk Constabulary,Anti-social behaviour,2026-03,708
Norfolk Constabulary,Bicycle theft,2026-03,59
Norfolk Constabulary,Burglary,2026-03,165
Norfolk Constabulary,Criminal damage and arson,2026-03,477
Norfolk Constabulary,Drugs,2026-03,173
Norfolk Constabulary,Other crime,2026-03,163
Norfolk Constabulary,Other theft,2026-03,342
Norfolk Constabulary,Possession of weapons,2026-03,75
Norfolk Constabulary,Public order,2026-03,367
Norfolk Constabulary,Robbery,2026-03,37
Norfolk Constabulary,Shoplifting,2026-03,524
Norfolk Constabulary,Theft from the person,2026-03,31
Norfolk Constabulary,Vehicle crime,2026-03,131
Norfolk Constabulary,Violence and sexual offences,2026-03,2311
North Wales Police,Anti-social behaviour,2026-03,1090
North Wales Police,Bicycle theft,2026-03,27
North Wales Police,Burglary,2026-03,136
North Wales Police,Criminal damage and arson,2026-03,424
North Wales Police,Drugs,2026-03,142
North Wales Police,Other crime,2026-03,100
North Wales Police,Other theft,2026-03,280
North Wales Police,Possession of weapons,2026-03,43
North Wales Police,Public order,2026-03,363
North Wales Police,Robbery,2026-03,17
North Wales Police,Shoplifting,2026-03,468
North Wales Police,Theft from the person,2026-03,9
North Wales Police,Vehicle crime,2026-03,115
North Wales Police,Violence and sexual offences,2026-03,2197
North Yorkshire Police,Anti-social behaviour,2026-03,1102
North Yorkshire Police,Bicycle theft,2026-03,47
North Yorkshire Police,Burglary,2026-03,151
North Yorkshire Police,Criminal damage and arson,2026-03,394
North Yorkshire Police,Drugs,2026-03,124
North Yorkshire Police,Other crime,2026-03,82
North Yorkshire Police,Other theft,2026-03,256
North Yorkshire Police,Possession of weapons,2026-03,46
North Yorkshire Police,Public order,2026-03,268
North Yorkshire Police,Robbery,2026-03,26
North Yorkshire Police,Shoplifting,2026-03,429
North Yorkshire Police,Theft from the person,2026-03,9
North Yorkshire Police,Vehicle crime,2026-03,123
North Yorkshire Police,Violence and sexual offences,2026-03,1857
Northamptonshire Police,Anti-social behaviour,2026-03,1331
Northamptonshire Police,Bicycle theft,2026-03,29
Northamptonshire Police,Burglary,2026-03,205
Northamptonshire Police,Criminal damage and arson,2026-03,362
Northamptonshire Police,Drugs,2026-03,196
Northamptonshire Police,Other crime,2026-03,120
Northamptonshire Police,Other theft,2026-03,355
Northamptonshire Police,Possession of weapons,2026-03,88
Northamptonshire Police,Public order,2026-03,348
Northamptonshire Police,Robbery,2026-03,99
Northamptonshire Police,Shoplifting,2026-03,475
Northamptonshire Police,Theft from the person,2026-03,21
Northamptonshire Police,Vehicle crime,2026-03,359
Northamptonshire Police,Violence and sexual offences,2026-03,2218
Northumbria Police,Anti-social behaviour,2026-03,2468
Northumbria Police,Bicycle theft,2026-03,64
Northumbria Police,Burglary,2026-03,433
Northumbria Police,Criminal damage and arson,2026-03,1221
Northumbria Police,Drugs,2026-03,366
Northumbria Police,Other crime,2026-03,311
Northumbria Police,Other theft,2026-03,759
Northumbria Police,Possession of weapons,2026-03,132
Northumbria Police,Public order,2026-03,970
Northumbria Police,Robbery,2026-03,79
Northumbria Police,Shoplifting,2026-03,1638
Northumbria Police,Theft from the person,2026-03,74
Northumbria Police,Vehicle crime,2026-03,362
Northumbria Police,Violence and sexual offences,2026-03,4385
Nottinghamshire Police,Anti-social behaviour,2026-03,1650
Nottinghamshire Police,Bicycle theft,2026-03,99
Nottinghamshire Police,Burglary,2026-03,342
Nottinghamshire Police,Criminal damage and arson,2026-03,783
Nottinghamshire Police,Drugs,2026-03,349
Nottinghamshire Police,Other crime,2026-03,414
Nottinghamshire Police,Other theft,2026-03,609
Nottinghamshire Police,Possession of weapons,2026-03,153
Nottinghamshire Police,Public order,2026-03,640
Nottinghamshire Police,Robbery,2026-03,168
Nottinghamshire Police,Shoplifting,2026-03,1282
Nottinghamshire Police,Theft from the person,2026-03,82
Nottinghamshire Police,Vehicle crime,2026-03,482
Nottinghamshire Police,Violence and sexual offences,2026-03,3509
South Wales Police,Anti-social behaviour,2026-03,1194
South Wales Police,Bicycle theft,2026-03,69
South Wales Police,Burglary,2026-03,256
South Wales Police,Criminal damage and arson,2026-03,832
South Wales Police,Drugs,2026-03,348
South Wales Police,Other crime,2026-03,284
South Wales Police,Other theft,2026-03,554
South Wales Police,Possession of weapons,2026-03,103
South Wales Police,Public order,2026-03,1132
South Wales Police,Robbery,2026-03,88
South Wales Police,Shoplifting,2026-03,975
South Wales Police,Theft from the person,2026-03,50
South Wales Police,Vehicle crime,2026-03,491
South Wales Police,Violence and sexual offences,2026-03,3999
South Yorkshire Police,Anti-social behaviour,2026-03,2100
South Yorkshire Police,Bicycle theft,2026-03,62
South Yorkshire Police,Burglary,2026-03,681
South Yorkshire Police,Criminal damage and arson,2026-03,1142
South Yorkshire Police,Drugs,2026-03,441
South Yorkshire Police,Other crime,2026-03,470
South Yorkshire Police,Other theft,2026-03,780
South Yorkshire Police,Possession of weapons,2026-03,183
South Yorkshire Police,Public order,2026-03,938
South Yorkshire Police,Robbery,2026-03,170
South Yorkshire Police,Shoplifting,2026-03,1303
South Yorkshire Police,Theft from the person,2026-03,73
South Yorkshire Police,Vehicle crime,2026-03,847
South Yorkshire Police,Violence and sexual offences,2026-03,5171
Staffordshire Police,Anti-social behaviour,2026-03,1403
Staffordshire Police,Bicycle theft,2026-03,51
Staffordshire Police,Burglary,2026-03,326
Staffordshire Police,Criminal damage and arson,2026-03,625
Staffordshire Police,Drugs,2026-03,252
Staffordshire Police,Other crime,2026-03,215
Staffordshire Police,Other theft,2026-03,524
Staffordshire Police,Possession of weapons,2026-03,97
Staffordshire Police,Public order,2026-03,718
Staffordshire Police,Robbery,2026-03,99
Staffordshire Police,Shoplifting,2026-03,611
Staffordshire Police,Theft from the person,2026-03,22
Staffordshire Police,Vehicle crime,2026-03,453
Staffordshire Police,Violence and sexual offences,2026-03,3779
Suffolk Constabulary,Anti-social behaviour,2026-03,325
Suffolk Constabulary,Bicycle theft,2026-03,30
Suffolk Constabulary,Burglary,2026-03,173
Suffolk Constabulary,Criminal damage and arson,2026-03,358
Suffolk Constabulary,Drugs,2026-03,110
Suffolk Constabulary,Other crime,2026-03,134
Suffolk Constabulary,Other theft,2026-03,268
Suffolk Constabulary,Possession of weapons,2026-03,59
Suffolk Constabulary,Public order,2026-03,237
Suffolk Constabulary,Robbery,2026-03,23
Suffolk Constabulary,Shoplifting,2026-03,388
Suffolk Constabulary,Theft from the person,2026-03,23
Suffolk Constabulary,Vehicle crime,2026-03,202
Suffolk Constabulary,Violence and sexual offences,2026-03,1844
Surrey Police,Anti-social behaviour,2026-03,1006
Surrey Police,Bicycle theft,2026-03,44
Surrey Police,Burglary,2026-03,270
Surrey Police,Criminal damage and arson,2026-03,555
Surrey Police,Drugs,2026-03,272
Surrey Police,Other crime,2026-03,228
Surrey Police,Other theft,2026-03,530
Surrey Police,Possession of weapons,2026-03,83
Surrey Police,Public order,2026-03,663
Surrey Police,Robbery,2026-03,54
Surrey Police,Shoplifting,2026-03,549
Surrey Police,Theft from the person,2026-03,41
Surrey Police,Vehicle crime,2026-03,356
Surrey Police,Violence and sexual offences,2026-03,2572
Sussex Police,Anti-social behaviour,2026-03,2634
Sussex Police,Bicycle theft,2026-03,94
Sussex Police,Burglary,2026-03,385
Sussex Police,Criminal damage and arson,2026-03,1011
Sussex Police,Drugs,2026-03,444
Sussex Police,Other crime,2026-03,351
Sussex Police,Other theft,2026-03,829
Sussex Police,Possession of weapons,2026-03,230
Sussex Police,Public order,2026-03,1098
Sussex Police,Robbery,2026-03,135
Sussex Police,Shoplifting,2026-03,1638
Sussex Police,Theft from the person,2026-03,68
Sussex Police,Vehicle crime,2026-03,438
Sussex Police,Violence and sexual offences,2026-03,4521
Thames Valley Police,Anti-social behaviour,2026-03,1609
Thames Valley Police,Bicycle theft,2026-03,223
Thames Valley Police,Burglary,2026-03,560
Thames Valley Police,Criminal damage and arson,2026-03,1199
Thames Valley Police,Drugs,2026-03,571
Thames Valley Police,Other crime,2026-03,421
Thames Valley Police,Other theft,2026-03,1266
Thames Valley Police,Possession of weapons,2026-03,119
Thames Valley Police,Public order,2026-03,1263
Thames Valley Police,Robbery,2026-03,174
Thames Valley Police,Shoplifting,2026-03,1636
Thames Valley Police,Theft from the person,2026-03,129
Thames Valley Police,Vehicle crime,2026-03,977
Thames Valley Police,Violence and sexual offences,2026-03,6340
Warwickshire Police,Anti-social behaviour,2026-03,898
Warwickshire Police,Bicycle theft,2026-03,28
Warwickshire Police,Burglary,2026-03,199
Warwickshire Police,Criminal damage and arson,2026-03,281
Warwickshire Police,Drugs,2026-03,87
Warwickshire Police,Other crime,2026-03,109
Warwickshire Police,Other theft,2026-03,236
Warwickshire Police,Possession of weapons,2026-03,50
Warwickshire Police,Public order,2026-03,245
Warwickshire Police,Robbery,2026-03,43
Warwickshire Police,Shoplifting,2026-03,316
Warwickshire Police,Theft from the person,2026-03,19
Warwickshire Police,Vehicle crime,2026-03,260
Warwickshire Police,Violence and sexual offences,2026-03,1514
West Mercia Police,Anti-social behaviour,2026-03,1298
West Mercia Police,Bicycle theft,2026-03,50
West Mercia Police,Burglary,2026-03,312
West Mercia Police,Criminal damage and arson,2026-03,653
West Mercia Police,Drugs,2026-03,197
West Mercia Police,Other crime,2026-03,221
West Mercia Police,Other theft,2026-03,521
West Mercia Police,Possession of weapons,2026-03,106
West Mercia Police,Public order,2026-03,501
West Mercia Police,Robbery,2026-03,78
West Mercia Police,Shoplifting,2026-03,760
West Mercia Police,Theft from the person,2026-03,29
West Mercia Police,Vehicle crime,2026-03,239
West Mercia Police,Violence and sexual offences,2026-03,3441
West Midlands Police,Anti-social behaviour,2026-03,1044
West Midlands Police,Bicycle theft,2026-03,118
West Midlands Police,Burglary,2026-03,1121
West Midlands Police,Criminal damage and arson,2026-03,2092
West Midlands Police,Drugs,2026-03,794
West Midlands Police,Other crime,2026-03,539
West Midlands Police,Other theft,2026-03,1552
West Midlands Police,Possession of weapons,2026-03,576
West Midlands Police,Public order,2026-03,1531
West Midlands Police,Robbery,2026-03,501
West Midlands Police,Shoplifting,2026-03,2841
West Midlands Police,Theft from the person,2026-03,209
West Midlands Police,Vehicle crime,2026-03,2315
West Midlands Police,Violence and sexual offences,2026-03,11537
West Yorkshire Police,Anti-social behaviour,2026-03,2192
West Yorkshire Police,Bicycle theft,2026-03,113
West Yorkshire Police,Burglary,2026-03,1157
West Yorkshire Police,Criminal damage and arson,2026-03,1761
West Yorkshire Police,Drugs,2026-03,962
West Yorkshire Police,Other crime,2026-03,866
West Yorkshire Police,Other theft,2026-03,1565
West Yorkshire Police,Possession of weapons,2026-03,217
West Yorkshire Police,Public order,2026-03,1880
West Yorkshire Police,Robbery,2026-03,331
West Yorkshire Police,Shoplifting,2026-03,1779
West Yorkshire Police,Theft from the person,2026-03,169
West Yorkshire Police,Vehicle crime,2026-03,1317
West Yorkshire Police,Violence and sexual offences,2026-03,10041
Wiltshire Police,Anti-social behaviour,2026-03,823
Wiltshire Police,Bicycle theft,2026-03,40
Wiltshire Police,Burglary,2026-03,142
Wiltshire Police,Criminal damage and arson,2026-03,365
Wiltshire Police,Drugs,2026-03,111
Wiltshire Police,Other crime,2026-03,117
Wiltshire Police,Other theft,2026-03,224
Wiltshire Police,Possession of weapons,2026-03,43
Wiltshire Police,Public order,2026-03,341
Wiltshire Police,Robbery,2026-03,18
Wiltshire Police,Shoplifting,2026-03,318
Wiltshire Police,Theft from the person,2026-03,23
Wiltshire Police,Vehicle crime,2026-03,175
Wiltshire Police,Violence and sexual offences,2026-03,1674
Avon and Somerset Constabulary,Anti-social behaviour,2026-04,2554
Avon and Somerset Constabulary,Bicycle theft,2026-04,137
Avon and Somerset Constabulary,Burglary,2026-04,654
Avon and Somerset Constabulary,Criminal damage and arson,2026-04,1121
Avon and Somerset Constabulary,Drugs,2026-04,304
Avon and Somerset Constabulary,Other crime,2026-04,354
Avon and Somerset Constabulary,Other theft,2026-04,1154
Avon and Somerset Constabulary,Possession of weapons,2026-04,116
Avon and Somerset Constabulary,Public order,2026-04,1750
Avon and Somerset Constabulary,Robbery,2026-04,257
Avon and Somerset Constabulary,Shoplifting,2026-04,1521
Avon and Somerset Constabulary,Theft from the person,2026-04,54
Avon and Somerset Constabulary,Vehicle crime,2026-04,734
Avon and Somerset Constabulary,Violence and sexual offences,2026-04,6530
Bedfordshire Police,Anti-social behaviour,2026-04,836
Bedfordshire Police,Bicycle theft,2026-04,41
Bedfordshire Police,Burglary,2026-04,171
Bedfordshire Police,Criminal damage and arson,2026-04,366
Bedfordshire Police,Drugs,2026-04,214
Bedfordshire Police,Other crime,2026-04,129
Bedfordshire Police,Other theft,2026-04,334
Bedfordshire Police,Possession of weapons,2026-04,70
Bedfordshire Police,Public order,2026-04,339
Bedfordshire Police,Robbery,2026-04,59
Bedfordshire Police,Shoplifting,2026-04,410
Bedfordshire Police,Theft from the person,2026-04,36
Bedfordshire Police,Vehicle crime,2026-04,304
Bedfordshire Police,Violence and sexual offences,2026-04,1780
Cambridgeshire Constabulary,Anti-social behaviour,2026-04,1214
Cambridgeshire Constabulary,Bicycle theft,2026-04,111
Cambridgeshire Constabulary,Burglary,2026-04,274
Cambridgeshire Constabulary,Criminal damage and arson,2026-04,516
Cambridgeshire Constabulary,Drugs,2026-04,235
Cambridgeshire Constabulary,Other crime,2026-04,215
Cambridgeshire Constabulary,Other theft,2026-04,424
Cambridgeshire Constabulary,Possession of weapons,2026-04,99
Cambridgeshire Constabulary,Public order,2026-04,407
Cambridgeshire Constabulary,Robbery,2026-04,53
Cambridgeshire Constabulary,Shoplifting,2026-04,586
Cambridgeshire Constabulary,Theft from the person,2026-04,61
Cambridgeshire Constabulary,Vehicle crime,2026-04,312
Cambridgeshire Constabulary,Violence and sexual offences,2026-04,2464
Cheshire Constabulary,Anti-social behaviour,2026-04,648
Cheshire Constabulary,Bicycle theft,2026-04,55
Cheshire Constabulary,Burglary,2026-04,187
Cheshire Constabulary,Criminal damage and arson,2026-04,465
Cheshire Constabulary,Drugs,2026-04,338
Cheshire Constabulary,Other crime,2026-04,178
Cheshire Constabulary,Other theft,2026-04,414
Cheshire Constabulary,Possession of weapons,2026-04,68
Cheshire Constabulary,Public order,2026-04,755
Cheshire Constabulary,Robbery,2026-04,39
Cheshire Constabulary,Shoplifting,2026-04,445
Cheshire Constabulary,Theft from the person,2026-04,18
Cheshire Constabulary,Vehicle crime,2026-04,178
Cheshire Constabulary,Violence and sexual offences,2026-04,3225
City of London Police,Anti-social behaviour,2026-04,13
City of London Police,Bicycle theft,2026-04,23
City of London Police,Burglary,2026-04,37
City of London Police,Criminal damage and arson,2026-04,23
City of London Police,Drugs,2026-04,65
City of London Police,Other crime,2026-04,7
City of London Police,Other theft,2026-04,152
City of London Police,Possession of weapons,2026-04,5
City of London Police,Public order,2026-04,54
City of London Police,Robbery,2026-04,18
City of London Police,Shoplifting,2026-04,119
City of London Police,Theft from the person,2026-04,95
City of London Police,Vehicle crime,2026-04,11
City of London Police,Violence and sexual offences,2026-04,131
Cleveland Police,Anti-social behaviour,2026-04,1546
Cleveland Police,Bicycle theft,2026-04,37
Cleveland Police,Burglary,2026-04,296
Cleveland Police,Criminal damage and arson,2026-04,775
Cleveland Police,Drugs,2026-04,255
Cleveland Police,Other crime,2026-04,249
Cleveland Police,Other theft,2026-04,367
Cleveland Police,Possession of weapons,2026-04,77
Cleveland Police,Public order,2026-04,566
Cleveland Police,Robbery,2026-04,118
Cleveland Police,Shoplifting,2026-04,836
Cleveland Police,Theft from the person,2026-04,22
Cleveland Police,Vehicle crime,2026-04,294
Cleveland Police,Violence and sexual offences,2026-04,2590
Cumbria Constabulary,Anti-social behaviour,2026-04,179
Cumbria Constabulary,Bicycle theft,2026-04,22
Cumbria Constabulary,Burglary,2026-04,87
Cumbria Constabulary,Criminal damage and arson,2026-04,302
Cumbria Constabulary,Drugs,2026-04,147
Cumbria Constabulary,Other crime,2026-04,98
Cumbria Constabulary,Other theft,2026-04,190
Cumbria Constabulary,Possession of weapons,2026-04,45
Cumbria Constabulary,Public order,2026-04,349
Cumbria Constabulary,Robbery,2026-04,15
Cumbria Constabulary,Shoplifting,2026-04,202
Cumbria Constabulary,Theft from the person,2026-04,12
Cumbria Constabulary,Vehicle crime,2026-04,73
Cumbria Constabulary,Violence and sexual offences,2026-04,1533
Derbyshire Constabulary,Anti-social behaviour,2026-04,1286
Derbyshire Constabulary,Bicycle theft,2026-04,31
Derbyshire Constabulary,Burglary,2026-04,250
Derbyshire Constabulary,Criminal damage and arson,2026-04,566
Derbyshire Constabulary,Drugs,2026-04,344
Derbyshire Constabulary,Other crime,2026-04,179
Derbyshire Constabulary,Other theft,2026-04,487
Derbyshire Constabulary,Possession of weapons,2026-04,106
Derbyshire Constabulary,Public order,2026-04,727
Derbyshire Constabulary,Robbery,2026-04,65
Derbyshire Constabulary,Shoplifting,2026-04,635
Derbyshire Constabulary,Theft from the person,2026-04,51
Derbyshire Constabulary,Vehicle crime,2026-04,277
Derbyshire Constabulary,Violence and sexual offences,2026-04,3479
Devon & Cornwall Police,Anti-social behaviour,2026-04,1445
Devon & Cornwall Police,Bicycle theft,2026-04,63
Devon & Cornwall Police,Burglary,2026-04,313
Devon & Cornwall Police,Criminal damage and arson,2026-04,1108
Devon & Cornwall Police,Drugs,2026-04,330
Devon & Cornwall Police,Other crime,2026-04,293
Devon & Cornwall Police,Other theft,2026-04,902
Devon & Cornwall Police,Possession of weapons,2026-04,148
Devon & Cornwall Police,Public order,2026-04,757
Devon & Cornwall Police,Robbery,2026-04,63
Devon & Cornwall Police,Shoplifting,2026-04,829
Devon & Cornwall Police,Theft from the person,2026-04,67
Devon & Cornwall Police,Vehicle crime,2026-04,318
Devon & Cornwall Police,Violence and sexual offences,2026-04,5317
Dorset Police,Anti-social behaviour,2026-04,1215
Dorset Police,Bicycle theft,2026-04,43
Dorset Police,Burglary,2026-04,170
Dorset Police,Criminal damage and arson,2026-04,356
Dorset Police,Drugs,2026-04,93
Dorset Police,Other crime,2026-04,51
Dorset Police,Other theft,2026-04,310
Dorset Police,Possession of weapons,2026-04,27
Dorset Police,Public order,2026-04,253
Dorset Police,Robbery,2026-04,34
Dorset Police,Shoplifting,2026-04,390
Dorset Police,Theft from the person,2026-04,24
Dorset Police,Vehicle crime,2026-04,251
Dorset Police,Violence and sexual offences,2026-04,1653
Durham Constabulary,Anti-social behaviour,2026-04,1304
Durham Constabulary,Bicycle theft,2026-04,19
Durham Constabulary,Burglary,2026-04,214
Durham Constabulary,Criminal damage and arson,2026-04,754
Durham Constabulary,Drugs,2026-04,114
Durham Constabulary,Other crime,2026-04,182
Durham Constabulary,Other theft,2026-04,280
Durham Constabulary,Possession of weapons,2026-04,56
Durham Constabulary,Public order,2026-04,387
Durham Constabulary,Robbery,2026-04,33
Durham Constabulary,Shoplifting,2026-04,618
Durham Constabulary,Theft from the person,2026-04,18
Durham Constabulary,Vehicle crime,2026-04,195
Durham Constabulary,Violence and sexual offences,2026-04,2200
Dyfed-Powys Police,Anti-social behaviour,2026-04,313
Dyfed-Powys Police,Bicycle theft,2026-04,9
Dyfed-Powys Police,Burglary,2026-04,101
Dyfed-Powys Police,Criminal damage and arson,2026-04,296
Dyfed-Powys Police,Drugs,2026-04,120
Dyfed-Powys Police,Other crime,2026-04,98
Dyfed-Powys Police,Other theft,2026-04,184
Dyfed-Powys Police,Possession of weapons,2026-04,42
Dyfed-Powys Police,Public order,2026-04,240
Dyfed-Powys Police,Robbery,2026-04,9
Dyfed-Powys Police,Shoplifting,2026-04,145
Dyfed-Powys Police,Theft from the person,2026-04,15
Dyfed-Powys Police,Vehicle crime,2026-04,70
Dyfed-Powys Police,Violence and sexual offences,2026-04,1558
Essex Police,Anti-social behaviour,2026-04,1329
Essex Police,Bicycle theft,2026-04,95
Essex Police,Burglary,2026-04,440
Essex Police,Criminal damage and arson,2026-04,971
Essex Police,Drugs,2026-04,572
Essex Police,Other crime,2026-04,291
Essex Police,Other theft,2026-04,846
Essex Police,Possession of weapons,2026-04,143
Essex Police,Public order,2026-04,867
Essex Police,Robbery,2026-04,110
Essex Police,Shoplifting,2026-04,1248
Essex Police,Theft from the person,2026-04,71
Essex Police,Vehicle crime,2026-04,765
Essex Police,Violence and sexual offences,2026-04,5419
Gloucestershire Constabulary,Anti-social behaviour,2026-04,960
Gloucestershire Constabulary,Bicycle theft,2026-04,52
Gloucestershire Constabulary,Burglary,2026-04,179
Gloucestershire Constabulary,Criminal damage and arson,2026-04,284
Gloucestershire Constabulary,Drugs,2026-04,97
Gloucestershire Constabulary,Other crime,2026-04,125
Gloucestershire Constabulary,Other theft,2026-04,314
Gloucestershire Constabulary,Possession of weapons,2026-04,36
Gloucestershire Constabulary,Public order,2026-04,316
Gloucestershire Constabulary,Robbery,2026-04,26
Gloucestershire Constabulary,Shoplifting,2026-04,362
Gloucestershire Constabulary,Theft from the person,2026-04,18
Gloucestershire Constabulary,Vehicle crime,2026-04,206
Gloucestershire Constabulary,Violence and sexual offences,2026-04,1749
Gwent Police,Anti-social behaviour,2026-04,1117
Gwent Police,Bicycle theft,2026-04,23
Gwent Police,Burglary,2026-04,157
Gwent Police,Criminal damage and arson,2026-04,617
Gwent Police,Drugs,2026-04,129
Gwent Police,Other crime,2026-04,167
Gwent Police,Other theft,2026-04,319
Gwent Police,Possession of weapons,2026-04,60
Gwent Police,Public order,2026-04,655
Gwent Police,Robbery,2026-04,30
Gwent Police,Shoplifting,2026-04,429
Gwent Police,Theft from the person,2026-04,18
Gwent Police,Vehicle crime,2026-04,179
Gwent Police,Violence and sexual offences,2026-04,2094
Hampshire Constabulary,Anti-social behaviour,2026-04,1717
Hampshire Constabulary,Bicycle theft,2026-04,121
Hampshire Constabulary,Burglary,2026-04,455
Hampshire Constabulary,Criminal damage and arson,2026-04,988
Hampshire Constabulary,Drugs,2026-04,439
Hampshire Constabulary,Other crime,2026-04,287
Hampshire Constabulary,Other theft,2026-04,820
Hampshire Constabulary,Possession of weapons,2026-04,195
Hampshire Constabulary,Public order,2026-04,1184
Hampshire Constabulary,Robbery,2026-04,130
Hampshire Constabulary,Shoplifting,2026-04,1297
Hampshire Constabulary,Theft from the person,2026-04,73
Hampshire Constabulary,Vehicle crime,2026-04,547
Hampshire Constabulary,Violence and sexual offences,2026-04,5948
Hertfordshire Constabulary,Anti-social behaviour,2026-04,1800
Hertfordshire Constabulary,Bicycle theft,2026-04,73
Hertfordshire Constabulary,Burglary,2026-04,314
Hertfordshire Constabulary,Criminal damage and arson,2026-04,571
Hertfordshire Constabulary,Drugs,2026-04,314
Hertfordshire Constabulary,Other crime,2026-04,187
Hertfordshire Constabulary,Other theft,2026-04,683
Hertfordshire Constabulary,Possession of weapons,2026-04,81
Hertfordshire Constabulary,Public order,2026-04,454
Hertfordshire Constabulary,Robbery,2026-04,79
Hertfordshire Constabulary,Shoplifting,2026-04,753
Hertfordshire Constabulary,Theft from the person,2026-04,84
Hertfordshire Constabulary,Vehicle crime,2026-04,486
Hertfordshire Constabulary,Violence and sexual offences,2026-04,3039
Humberside Police,Anti-social behaviour,2026-04,656
Humberside Police,Bicycle theft,2026-04,100
Humberside Police,Burglary,2026-04,363
Humberside Police,Criminal damage and arson,2026-04,743
Humberside Police,Drugs,2026-04,207
Humberside Police,Other crime,2026-04,253
Humberside Police,Other theft,2026-04,527
Humberside Police,Possession of weapons,2026-04,89
Humberside Police,Public order,2026-04,741
Humberside Police,Robbery,2026-04,71
Humberside Police,Shoplifting,2026-04,748
Humberside Police,Theft from the person,2026-04,27
Humberside Police,Vehicle crime,2026-04,295
Humberside Police,Violence and sexual offences,2026-04,3362
Kent Police,Anti-social behaviour,2026-04,3035
Kent Police,Bicycle theft,2026-04,88
Kent Police,Burglary,2026-04,374
Kent Police,Criminal damage and arson,2026-04,1405
Kent Police,Drugs,2026-04,577
Kent Police,Other crime,2026-04,441
Kent Police,Other theft,2026-04,952
Kent Police,Possession of weapons,2026-04,174
Kent Police,Public order,2026-04,620
Kent Police,Robbery,2026-04,119
Kent Police,Shoplifting,2026-04,1386
Kent Police,Theft from the person,2026-04,65
Kent Police,Vehicle crime,2026-04,613
Kent Police,Violence and sexual offences,2026-04,5679
Lancashire Constabulary,Anti-social behaviour,2026-04,2608
Lancashire Constabulary,Bicycle theft,2026-04,77
Lancashire Constabulary,Burglary,2026-04,465
Lancashire Constabulary,Criminal damage and arson,2026-04,1066
Lancashire Constabulary,Drugs,2026-04,353
Lancashire Constabulary,Other crime,2026-04,394
Lancashire Constabulary,Other theft,2026-04,803
Lancashire Constabulary,Possession of weapons,2026-04,150
Lancashire Constabulary,Public order,2026-04,771
Lancashire Constabulary,Robbery,2026-04,101
Lancashire Constabulary,Shoplifting,2026-04,826
Lancashire Constabulary,Theft from the person,2026-04,55
Lancashire Constabulary,Vehicle crime,2026-04,521
Lancashire Constabulary,Violence and sexual offences,2026-04,5344
Leicestershire Police,Anti-social behaviour,2026-04,1232
Leicestershire Police,Bicycle theft,2026-04,93
Leicestershire Police,Burglary,2026-04,339
Leicestershire Police,Criminal damage and arson,2026-04,748
Leicestershire Police,Drugs,2026-04,261
Leicestershire Police,Other crime,2026-04,204
Leicestershire Police,Other theft,2026-04,563
Leicestershire Police,Possession of weapons,2026-04,75
Leicestershire Police,Public order,2026-04,748
Leicestershire Police,Robbery,2026-04,75
Leicestershire Police,Shoplifting,2026-04,710
Leicestershire Police,Theft from the person,2026-04,64
Leicestershire Police,Vehicle crime,2026-04,428
Leicestershire Police,Violence and sexual offences,2026-04,3245
Lincolnshire Police,Anti-social behaviour,2026-04,1347
Lincolnshire Police,Bicycle theft,2026-04,50
Lincolnshire Police,Burglary,2026-04,195
Lincolnshire Police,Criminal damage and arson,2026-04,423
Lincolnshire Police,Drugs,2026-04,94
Lincolnshire Police,Other crime,2026-04,151
Lincolnshire Police,Other theft,2026-04,306
Lincolnshire Police,Possession of weapons,2026-04,37
Lincolnshire Police,Public order,2026-04,339
Lincolnshire Police,Robbery,2026-04,45
Lincolnshire Police,Shoplifting,2026-04,565
Lincolnshire Police,Theft from the person,2026-04,8
Lincolnshire Police,Vehicle crime,2026-04,172
Lincolnshire Police,Violence and sexual offences,2026-04,2083
Merseyside Police,Anti-social behaviour,2026-04,1323
Merseyside Police,Bicycle theft,2026-04,89
Merseyside Police,Burglary,2026-04,287
Merseyside Police,Criminal damage and arson,2026-04,992
Merseyside Police,Drugs,2026-04,1051
Merseyside Police,Other crime,2026-04,325
Merseyside Police,Other theft,2026-04,641
Merseyside Police,Possession of weapons,2026-04,122
Merseyside Police,Public order,2026-04,1214
Merseyside Police,Robbery,2026-04,113
Merseyside Police,Shoplifting,2026-04,943
Merseyside Police,Theft from the person,2026-04,56
Merseyside Police,Vehicle crime,2026-04,360
Merseyside Police,Violence and sexual offences,2026-04,4724
Metropolitan Police Service,Anti-social behaviour,2026-04,19466
Metropolitan Police Service,Bicycle theft,2026-04,1028
Metropolitan Police Service,Burglary,2026-04,3679
Metropolitan Police Service,Criminal damage and arson,2026-04,4267
Metropolitan Police Service,Drugs,2026-04,3951
Metropolitan Police Service,Other crime,2026-04,1142
Metropolitan Police Service,Other theft,2026-04,6866
Metropolitan Police Service,Possession of weapons,2026-04,563
Metropolitan Police Service,Public order,2026-04,4814
Metropolitan Police Service,Robbery,2026-04,2444
Metropolitan Police Service,Shoplifting,2026-04,7000
Metropolitan Police Service,Theft from the person,2026-04,6533
Metropolitan Police Service,Vehicle crime,2026-04,5870
Metropolitan Police Service,Violence and sexual offences,2026-04,19665
Norfolk Constabulary,Anti-social behaviour,2026-04,737
Norfolk Constabulary,Bicycle theft,2026-04,63
Norfolk Constabulary,Burglary,2026-04,156
Norfolk Constabulary,Criminal damage and arson,2026-04,478
Norfolk Constabulary,Drugs,2026-04,161
Norfolk Constabulary,Other crime,2026-04,156
Norfolk Constabulary,Other theft,2026-04,336
Norfolk Constabulary,Possession of weapons,2026-04,73
Norfolk Constabulary,Public order,2026-04,376
Norfolk Constabulary,Robbery,2026-04,35
Norfolk Constabulary,Shoplifting,2026-04,513
Norfolk Constabulary,Theft from the person,2026-04,31
Norfolk Constabulary,Vehicle crime,2026-04,130
Norfolk Constabulary,Violence and sexual offences,2026-04,2303
North Wales Police,Anti-social behaviour,2026-04,1129
North Wales Police,Bicycle theft,2026-04,28
North Wales Police,Burglary,2026-04,135
North Wales Police,Criminal damage and arson,2026-04,430
North Wales Police,Drugs,2026-04,136
North Wales Police,Other crime,2026-04,98
North Wales Police,Other theft,2026-04,284
North Wales Police,Possession of weapons,2026-04,44
North Wales Police,Public order,2026-04,368
North Wales Police,Robbery,2026-04,16
North Wales Police,Shoplifting,2026-04,461
North Wales Police,Theft from the person,2026-04,9
North Wales Police,Vehicle crime,2026-04,112
North Wales Police,Violence and sexual offences,2026-04,2136
North Yorkshire Police,Anti-social behaviour,2026-04,1190
North Yorkshire Police,Bicycle theft,2026-04,56
North Yorkshire Police,Burglary,2026-04,156
North Yorkshire Police,Criminal damage and arson,2026-04,392
North Yorkshire Police,Drugs,2026-04,126
North Yorkshire Police,Other crime,2026-04,81
North Yorkshire Police,Other theft,2026-04,260
North Yorkshire Police,Possession of weapons,2026-04,45
North Yorkshire Police,Public order,2026-04,276
North Yorkshire Police,Robbery,2026-04,28
North Yorkshire Police,Shoplifting,2026-04,420
North Yorkshire Police,Theft from the person,2026-04,10
North Yorkshire Police,Vehicle crime,2026-04,127
North Yorkshire Police,Violence and sexual offences,2026-04,1773
Northamptonshire Police,Anti-social behaviour,2026-04,1399
Northamptonshire Police,Bicycle theft,2026-04,31
Northamptonshire Police,Burglary,2026-04,200
Northamptonshire Police,Criminal damage and arson,2026-04,366
Northamptonshire Police,Drugs,2026-04,195
Northamptonshire Police,Other crime,2026-04,116
Northamptonshire Police,Other theft,2026-04,353
Northamptonshire Police,Possession of weapons,2026-04,88
Northamptonshire Police,Public order,2026-04,355
Northamptonshire Police,Robbery,2026-04,97
Northamptonshire Police,Shoplifting,2026-04,473
Northamptonshire Police,Theft from the person,2026-04,20
Northamptonshire Police,Vehicle crime,2026-04,334
Northamptonshire Police,Violence and sexual offences,2026-04,2142
Northumbria Police,Anti-social behaviour,2026-04,2746
Northumbria Police,Bicycle theft,2026-04,84
Northumbria Police,Burglary,2026-04,435
Northumbria Police,Criminal damage and arson,2026-04,1201
Northumbria Police,Drugs,2026-04,371
Northumbria Police,Other crime,2026-04,313
Northumbria Police,Other theft,2026-04,762
Northumbria Police,Possession of weapons,2026-04,130
Northumbria Police,Public order,2026-04,1037
Northumbria Police,Robbery,2026-04,82
Northumbria Police,Shoplifting,2026-04,1595
Northumbria Police,Theft from the person,2026-04,73
Northumbria Police,Vehicle crime,2026-04,375
Northumbria Police,Violence and sexual offences,2026-04,4428
Nottinghamshire Police,Anti-social behaviour,2026-04,1728
Nottinghamshire Police,Bicycle theft,2026-04,104
Nottinghamshire Police,Burglary,2026-04,330
Nottinghamshire Police,Criminal damage and arson,2026-04,781
Nottinghamshire Police,Drugs,2026-04,338
Nottinghamshire Police,Other crime,2026-04,394
Nottinghamshire Police,Other theft,2026-04,601
Nottinghamshire Police,Possession of weapons,2026-04,151
Nottinghamshire Police,Public order,2026-04,643
Nottinghamshire Police,Robbery,2026-04,165
Nottinghamshire Police,Shoplifting,2026-04,1215
Nottinghamshire Police,Theft from the person,2026-04,80
Nottinghamshire Police,Vehicle crime,2026-04,460
Nottinghamshire Police,Violence and sexual offences,2026-04,3318
South Wales Police,Anti-social behaviour,2026-04,1353
South Wales Police,Bicycle theft,2026-04,80
South Wales Police,Burglary,2026-04,255
South Wales Police,Criminal damage and arson,2026-04,811
South Wales Police,Drugs,2026-04,338
South Wales Police,Other crime,2026-04,283
South Wales Police,Other theft,2026-04,559
South Wales Police,Possession of weapons,2026-04,102
South Wales Police,Public order,2026-04,1154
South Wales Police,Robbery,2026-04,90
South Wales Police,Shoplifting,2026-04,957
South Wales Police,Theft from the person,2026-04,55
South Wales Police,Vehicle crime,2026-04,478
South Wales Police,Violence and sexual offences,2026-04,3835
South Yorkshire Police,Anti-social behaviour,2026-04,2322
South Yorkshire Police,Bicycle theft,2026-04,69
South Yorkshire Police,Burglary,2026-04,646
South Yorkshire Police,Criminal damage and arson,2026-04,1123
South Yorkshire Police,Drugs,2026-04,427
South Yorkshire Police,Other crime,2026-04,450
South Yorkshire Police,Other theft,2026-04,757
South Yorkshire Police,Possession of weapons,2026-04,181
South Yorkshire Police,Public order,2026-04,990
South Yorkshire Police,Robbery,2026-04,174
South Yorkshire Police,Shoplifting,2026-04,1239
South Yorkshire Police,Theft from the person,2026-04,75
South Yorkshire Police,Vehicle crime,2026-04,820
South Yorkshire Police,Violence and sexual offences,2026-04,4839
Staffordshire Police,Anti-social behaviour,2026-04,1474
Staffordshire Police,Bicycle theft,2026-04,57
Staffordshire Police,Burglary,2026-04,315
Staffordshire Police,Criminal damage and arson,2026-04,629
Staffordshire Police,Drugs,2026-04,256
Staffordshire Police,Other crime,2026-04,207
Staffordshire Police,Other theft,2026-04,517
Staffordshire Police,Possession of weapons,2026-04,99
Staffordshire Police,Public order,2026-04,726
Staffordshire Police,Robbery,2026-04,100
Staffordshire Police,Shoplifting,2026-04,590
Staffordshire Police,Theft from the person,2026-04,22
Staffordshire Police,Vehicle crime,2026-04,442
Staffordshire Police,Violence and sexual offences,2026-04,3582
Suffolk Constabulary,Anti-social behaviour,2026-04,345
Suffolk Constabulary,Bicycle theft,2026-04,30
Suffolk Constabulary,Burglary,2026-04,164
Suffolk Constabulary,Criminal damage and arson,2026-04,362
Suffolk Constabulary,Drugs,2026-04,105
Suffolk Constabulary,Other crime,2026-04,129
Suffolk Constabulary,Other theft,2026-04,270
Suffolk Constabulary,Possession of weapons,2026-04,59
Suffolk Constabulary,Public order,2026-04,246
Suffolk Constabulary,Robbery,2026-04,23
Suffolk Constabulary,Shoplifting,2026-04,370
Suffolk Constabulary,Theft from the person,2026-04,22
Suffolk Constabulary,Vehicle crime,2026-04,192
Suffolk Constabulary,Violence and sexual offences,2026-04,1766
Surrey Police,Anti-social behaviour,2026-04,1148
Surrey Police,Bicycle theft,2026-04,48
Surrey Police,Burglary,2026-04,259
Surrey Police,Criminal damage and arson,2026-04,555
Surrey Police,Drugs,2026-04,260
Surrey Police,Other crime,2026-04,212
Surrey Police,Other theft,2026-04,520
Surrey Police,Possession of weapons,2026-04,80
Surrey Police,Public order,2026-04,669
Surrey Police,Robbery,2026-04,52
Surrey Police,Shoplifting,2026-04,530
Surrey Police,Theft from the person,2026-04,40
Surrey Police,Vehicle crime,2026-04,347
Surrey Police,Violence and sexual offences,2026-04,2513
Sussex Police,Anti-social behaviour,2026-04,2853
Sussex Police,Bicycle theft,2026-04,101
Sussex Police,Burglary,2026-04,374
Sussex Police,Criminal damage and arson,2026-04,998
Sussex Police,Drugs,2026-04,428
Sussex Police,Other crime,2026-04,333
Sussex Police,Other theft,2026-04,811
Sussex Police,Possession of weapons,2026-04,225
Sussex Police,Public order,2026-04,1125
Sussex Police,Robbery,2026-04,141
Sussex Police,Shoplifting,2026-04,1643
Sussex Police,Theft from the person,2026-04,72
Sussex Police,Vehicle crime,2026-04,424
Sussex Police,Violence and sexual offences,2026-04,4500
Thames Valley Police,Anti-social behaviour,2026-04,1788
Thames Valley Police,Bicycle theft,2026-04,234
Thames Valley Police,Burglary,2026-04,534
Thames Valley Police,Criminal damage and arson,2026-04,1198
Thames Valley Police,Drugs,2026-04,541
Thames Valley Police,Other crime,2026-04,395
Thames Valley Police,Other theft,2026-04,1247
Thames Valley Police,Possession of weapons,2026-04,114
Thames Valley Police,Public order,2026-04,1292
Thames Valley Police,Robbery,2026-04,170
Thames Valley Police,Shoplifting,2026-04,1615
Thames Valley Police,Theft from the person,2026-04,125
Thames Valley Police,Vehicle crime,2026-04,922
Thames Valley Police,Violence and sexual offences,2026-04,6037
Warwickshire Police,Anti-social behaviour,2026-04,1003
Warwickshire Police,Bicycle theft,2026-04,28
Warwickshire Police,Burglary,2026-04,192
Warwickshire Police,Criminal damage and arson,2026-04,286
Warwickshire Police,Drugs,2026-04,88
Warwickshire Police,Other crime,2026-04,105
Warwickshire Police,Other theft,2026-04,238
Warwickshire Police,Possession of weapons,2026-04,52
Warwickshire Police,Public order,2026-04,255
Warwickshire Police,Robbery,2026-04,44
Warwickshire Police,Shoplifting,2026-04,316
Warwickshire Police,Theft from the person,2026-04,19
Warwickshire Police,Vehicle crime,2026-04,265
Warwickshire Police,Violence and sexual offences,2026-04,1480
West Mercia Police,Anti-social behaviour,2026-04,1427
West Mercia Police,Bicycle theft,2026-04,55
West Mercia Police,Burglary,2026-04,308
West Mercia Police,Criminal damage and arson,2026-04,653
West Mercia Police,Drugs,2026-04,189
West Mercia Police,Other crime,2026-04,214
West Mercia Police,Other theft,2026-04,511
West Mercia Police,Possession of weapons,2026-04,102
West Mercia Police,Public order,2026-04,514
West Mercia Police,Robbery,2026-04,77
West Mercia Police,Shoplifting,2026-04,749
West Mercia Police,Theft from the person,2026-04,27
West Mercia Police,Vehicle crime,2026-04,240
West Mercia Police,Violence and sexual offences,2026-04,3412
West Midlands Police,Anti-social behaviour,2026-04,1132
West Midlands Police,Bicycle theft,2026-04,124
West Midlands Police,Burglary,2026-04,1060
West Midlands Police,Criminal damage and arson,2026-04,2014
West Midlands Police,Drugs,2026-04,746
West Midlands Police,Other crime,2026-04,508
West Midlands Police,Other theft,2026-04,1508
West Midlands Police,Possession of weapons,2026-04,554
West Midlands Police,Public order,2026-04,1523
West Midlands Police,Robbery,2026-04,491
West Midlands Police,Shoplifting,2026-04,2758
West Midlands Police,Theft from the person,2026-04,202
West Midlands Police,Vehicle crime,2026-04,2259
West Midlands Police,Violence and sexual offences,2026-04,10856
West Yorkshire Police,Anti-social behaviour,2026-04,2434
West Yorkshire Police,Bicycle theft,2026-04,124
West Yorkshire Police,Burglary,2026-04,1107
West Yorkshire Police,Criminal damage and arson,2026-04,1745
West Yorkshire Police,Drugs,2026-04,911
West Yorkshire Police,Other crime,2026-04,822
West Yorkshire Police,Other theft,2026-04,1560
West Yorkshire Police,Possession of weapons,2026-04,216
West Yorkshire Police,Public order,2026-04,1906
West Yorkshire Police,Robbery,2026-04,322
West Yorkshire Police,Shoplifting,2026-04,1749
West Yorkshire Police,Theft from the person,2026-04,172
West Yorkshire Police,Vehicle crime,2026-04,1277
West Yorkshire Police,Violence and sexual offences,2026-04,10344
Wiltshire Police,Anti-social behaviour,2026-04,867
Wiltshire Police,Bicycle theft,2026-04,42
Wiltshire Police,Burglary,2026-04,136
Wiltshire Police,Criminal damage and arson,2026-04,363
Wiltshire Police,Drugs,2026-04,108
Wiltshire Police,Other crime,2026-04,113
Wiltshire Police,Other theft,2026-04,224
Wiltshire Police,Possession of weapons,2026-04,42
Wiltshire Police,Public order,2026-04,339
Wiltshire Police,Robbery,2026-04,19
Wiltshire Police,Shoplifting,2026-04,314
Wiltshire Police,Theft from the person,2026-04,23
Wiltshire Police,Vehicle crime,2026-04,168
Wiltshire Police,Violence and sexual offences,2026-04,1631
Avon and Somerset Constabulary,Anti-social behaviour,2026-05,2704
Avon and Somerset Constabulary,Bicycle theft,2026-05,149
Avon and Somerset Constabulary,Burglary,2026-05,656
Avon and Somerset Constabulary,Criminal damage and arson,2026-05,1178
Avon and Somerset Constabulary,Drugs,2026-05,319
Avon and Somerset Constabulary,Other crime,2026-05,367
Avon and Somerset Constabulary,Other theft,2026-05,1251
Avon and Somerset Constabulary,Possession of weapons,2026-05,120
Avon and Somerset Constabulary,Public order,2026-05,1983
Avon and Somerset Constabulary,Robbery,2026-05,266
Avon and Somerset Constabulary,Shoplifting,2026-05,1567
Avon and Somerset Constabulary,Theft from the person,2026-05,54
Avon and Somerset Constabulary,Vehicle crime,2026-05,753
Avon and Somerset Constabulary,Violence and sexual offences,2026-05,6736
Bedfordshire Police,Anti-social behaviour,2026-05,896
Bedfordshire Police,Bicycle theft,2026-05,45
Bedfordshire Police,Burglary,2026-05,181
Bedfordshire Police,Criminal damage and arson,2026-05,376
Bedfordshire Police,Drugs,2026-05,217
Bedfordshire Police,Other crime,2026-05,130
Bedfordshire Police,Other theft,2026-05,352
Bedfordshire Police,Possession of weapons,2026-05,72
Bedfordshire Police,Public order,2026-05,366
Bedfordshire Police,Robbery,2026-05,65
Bedfordshire Police,Shoplifting,2026-05,423
Bedfordshire Police,Theft from the person,2026-05,37
Bedfordshire Police,Vehicle crime,2026-05,322
Bedfordshire Police,Violence and sexual offences,2026-05,1949
Cambridgeshire Constabulary,Anti-social behaviour,2026-05,1285
Cambridgeshire Constabulary,Bicycle theft,2026-05,122
Cambridgeshire Constabulary,Burglary,2026-05,281
Cambridgeshire Constabulary,Criminal damage and arson,2026-05,534
Cambridgeshire Constabulary,Drugs,2026-05,248
Cambridgeshire Constabulary,Other crime,2026-05,221
Cambridgeshire Constabulary,Other theft,2026-05,446
Cambridgeshire Constabulary,Possession of weapons,2026-05,105
Cambridgeshire Constabulary,Public order,2026-05,443
Cambridgeshire Constabulary,Robbery,2026-05,56
Cambridgeshire Constabulary,Shoplifting,2026-05,614
Cambridgeshire Constabulary,Theft from the person,2026-05,64
Cambridgeshire Constabulary,Vehicle crime,2026-05,316
Cambridgeshire Constabulary,Violence and sexual offences,2026-05,2687
Cheshire Constabulary,Anti-social behaviour,2026-05,674
Cheshire Constabulary,Bicycle theft,2026-05,58
Cheshire Constabulary,Burglary,2026-05,192
Cheshire Constabulary,Criminal damage and arson,2026-05,463
Cheshire Constabulary,Drugs,2026-05,335
Cheshire Constabulary,Other crime,2026-05,178
Cheshire Constabulary,Other theft,2026-05,425
Cheshire Constabulary,Possession of weapons,2026-05,72
Cheshire Constabulary,Public order,2026-05,795
Cheshire Constabulary,Robbery,2026-05,39
Cheshire Constabulary,Shoplifting,2026-05,450
Cheshire Constabulary,Theft from the person,2026-05,21
Cheshire Constabulary,Vehicle crime,2026-05,177
Cheshire Constabulary,Violence and sexual offences,2026-05,3318
City of London Police,Anti-social behaviour,2026-05,13
City of London Police,Bicycle theft,2026-05,24
City of London Police,Burglary,2026-05,40
City of London Police,Criminal damage and arson,2026-05,25
City of London Police,Drugs,2026-05,64
City of London Police,Other crime,2026-05,8
City of London Police,Other theft,2026-05,152
City of London Police,Possession of weapons,2026-05,5
City of London Police,Public order,2026-05,56
City of London Police,Robbery,2026-05,19
City of London Police,Shoplifting,2026-05,120
City of London Police,Theft from the person,2026-05,98
City of London Police,Vehicle crime,2026-05,12
City of London Police,Violence and sexual offences,2026-05,138
Cleveland Police,Anti-social behaviour,2026-05,1613
Cleveland Police,Bicycle theft,2026-05,42
Cleveland Police,Burglary,2026-05,308
Cleveland Police,Criminal damage and arson,2026-05,786
Cleveland Police,Drugs,2026-05,261
Cleveland Police,Other crime,2026-05,256
Cleveland Police,Other theft,2026-05,380
Cleveland Police,Possession of weapons,2026-05,80
Cleveland Police,Public order,2026-05,611
Cleveland Police,Robbery,2026-05,121
Cleveland Police,Shoplifting,2026-05,838
Cleveland Police,Theft from the person,2026-05,23
Cleveland Police,Vehicle crime,2026-05,303
Cleveland Police,Violence and sexual offences,2026-05,2684
Cumbria Constabulary,Anti-social behaviour,2026-05,195
Cumbria Constabulary,Bicycle theft,2026-05,25
Cumbria Constabulary,Burglary,2026-05,92
Cumbria Constabulary,Criminal damage and arson,2026-05,312
Cumbria Constabulary,Drugs,2026-05,151
Cumbria Constabulary,Other crime,2026-05,102
Cumbria Constabulary,Other theft,2026-05,197
Cumbria Constabulary,Possession of weapons,2026-05,46
Cumbria Constabulary,Public order,2026-05,369
Cumbria Constabulary,Robbery,2026-05,16
Cumbria Constabulary,Shoplifting,2026-05,206
Cumbria Constabulary,Theft from the person,2026-05,13
Cumbria Constabulary,Vehicle crime,2026-05,74
Cumbria Constabulary,Violence and sexual offences,2026-05,1605
Derbyshire Constabulary,Anti-social behaviour,2026-05,1379
Derbyshire Constabulary,Bicycle theft,2026-05,37
Derbyshire Constabulary,Burglary,2026-05,255
Derbyshire Constabulary,Criminal damage and arson,2026-05,596
Derbyshire Constabulary,Drugs,2026-05,347
Derbyshire Constabulary,Other crime,2026-05,187
Derbyshire Constabulary,Other theft,2026-05,507
Derbyshire Constabulary,Possession of weapons,2026-05,111
Derbyshire Constabulary,Public order,2026-05,805
Derbyshire Constabulary,Robbery,2026-05,68
Derbyshire Constabulary,Shoplifting,2026-05,650
Derbyshire Constabulary,Theft from the person,2026-05,54
Derbyshire Constabulary,Vehicle crime,2026-05,282
Derbyshire Constabulary,Violence and sexual offences,2026-05,3709
Devon & Cornwall Police,Anti-social behaviour,2026-05,1571
Devon & Cornwall Police,Bicycle theft,2026-05,68
Devon & Cornwall Police,Burglary,2026-05,316
Devon & Cornwall Police,Criminal damage and arson,2026-05,1152
Devon & Cornwall Police,Drugs,2026-05,345
Devon & Cornwall Police,Other crime,2026-05,308
Devon & Cornwall Police,Other theft,2026-05,947
Devon & Cornwall Police,Possession of weapons,2026-05,164
Devon & Cornwall Police,Public order,2026-05,834
Devon & Cornwall Police,Robbery,2026-05,68
Devon & Cornwall Police,Shoplifting,2026-05,881
Devon & Cornwall Police,Theft from the person,2026-05,74
Devon & Cornwall Police,Vehicle crime,2026-05,327
Devon & Cornwall Police,Violence and sexual offences,2026-05,5628
Dorset Police,Anti-social behaviour,2026-05,1311
Dorset Police,Bicycle theft,2026-05,48
Dorset Police,Burglary,2026-05,177
Dorset Police,Criminal damage and arson,2026-05,363
Dorset Police,Drugs,2026-05,97
Dorset Police,Other crime,2026-05,53
Dorset Police,Other theft,2026-05,322
Dorset Police,Possession of weapons,2026-05,30
Dorset Police,Public order,2026-05,272
Dorset Police,Robbery,2026-05,36
Dorset Police,Shoplifting,2026-05,392
Dorset Police,Theft from the person,2026-05,26
Dorset Police,Vehicle crime,2026-05,254
Dorset Police,Violence and sexual offences,2026-05,1747
Durham Constabulary,Anti-social behaviour,2026-05,1387
Durham Constabulary,Bicycle theft,2026-05,21
Durham Constabulary,Burglary,2026-05,215
Durham Constabulary,Criminal damage and arson,2026-05,764
Durham Constabulary,Drugs,2026-05,119
Durham Constabulary,Other crime,2026-05,186
Durham Constabulary,Other theft,2026-05,293
Durham Constabulary,Possession of weapons,2026-05,56
Durham Constabulary,Public order,2026-05,411
Durham Constabulary,Robbery,2026-05,36
Durham Constabulary,Shoplifting,2026-05,622
Durham Constabulary,Theft from the person,2026-05,20
Durham Constabulary,Vehicle crime,2026-05,198
Durham Constabulary,Violence and sexual offences,2026-05,2278
Dyfed-Powys Police,Anti-social behaviour,2026-05,330
Dyfed-Powys Police,Bicycle theft,2026-05,12
Dyfed-Powys Police,Burglary,2026-05,106
Dyfed-Powys Police,Criminal damage and arson,2026-05,306
Dyfed-Powys Police,Drugs,2026-05,127
Dyfed-Powys Police,Other crime,2026-05,101
Dyfed-Powys Police,Other theft,2026-05,195
Dyfed-Powys Police,Possession of weapons,2026-05,45
Dyfed-Powys Police,Public order,2026-05,265
Dyfed-Powys Police,Robbery,2026-05,10
Dyfed-Powys Police,Shoplifting,2026-05,150
Dyfed-Powys Police,Theft from the person,2026-05,17
Dyfed-Powys Police,Vehicle crime,2026-05,69
Dyfed-Powys Police,Violence and sexual offences,2026-05,1597
Essex Police,Anti-social behaviour,2026-05,1408
Essex Police,Bicycle theft,2026-05,105
Essex Police,Burglary,2026-05,438
Essex Police,Criminal damage and arson,2026-05,1018
Essex Police,Drugs,2026-05,588
Essex Police,Other crime,2026-05,305
Essex Police,Other theft,2026-05,870
Essex Police,Possession of weapons,2026-05,149
Essex Police,Public order,2026-05,946
Essex Police,Robbery,2026-05,113
Essex Police,Shoplifting,2026-05,1248
Essex Police,Theft from the person,2026-05,78
Essex Police,Vehicle crime,2026-05,779
Essex Police,Violence and sexual offences,2026-05,5973
Gloucestershire Constabulary,Anti-social behaviour,2026-05,1037
Gloucestershire Constabulary,Bicycle theft,2026-05,58
Gloucestershire Constabulary,Burglary,2026-05,184
Gloucestershire Constabulary,Criminal damage and arson,2026-05,299
Gloucestershire Constabulary,Drugs,2026-05,102
Gloucestershire Constabulary,Other crime,2026-05,126
Gloucestershire Constabulary,Other theft,2026-05,325
Gloucestershire Constabulary,Possession of weapons,2026-05,40
Gloucestershire Constabulary,Public order,2026-05,337
Gloucestershire Constabulary,Robbery,2026-05,32
Gloucestershire Constabulary,Shoplifting,2026-05,364
Gloucestershire Constabulary,Theft from the person,2026-05,20
Gloucestershire Constabulary,Vehicle crime,2026-05,200
Gloucestershire Constabulary,Violence and sexual offences,2026-05,1920
Gwent Police,Anti-social behaviour,2026-05,1152
Gwent Police,Bicycle theft,2026-05,25
Gwent Police,Burglary,2026-05,161
Gwent Police,Criminal damage and arson,2026-05,623
Gwent Police,Drugs,2026-05,137
Gwent Police,Other crime,2026-05,176
Gwent Police,Other theft,2026-05,333
Gwent Police,Possession of weapons,2026-05,60
Gwent Police,Public order,2026-05,703
Gwent Police,Robbery,2026-05,32
Gwent Police,Shoplifting,2026-05,434
Gwent Police,Theft from the person,2026-05,20
Gwent Police,Vehicle crime,2026-05,189
Gwent Police,Violence and sexual offences,2026-05,2235
Hampshire Constabulary,Anti-social behaviour,2026-05,1815
Hampshire Constabulary,Bicycle theft,2026-05,133
Hampshire Constabulary,Burglary,2026-05,459
Hampshire Constabulary,Criminal damage and arson,2026-05,1018
Hampshire Constabulary,Drugs,2026-05,446
Hampshire Constabulary,Other crime,2026-05,294
Hampshire Constabulary,Other theft,2026-05,862
Hampshire Constabulary,Possession of weapons,2026-05,212
Hampshire Constabulary,Public order,2026-05,1269
Hampshire Constabulary,Robbery,2026-05,136
Hampshire Constabulary,Shoplifting,2026-05,1320
Hampshire Constabulary,Theft from the person,2026-05,77
Hampshire Constabulary,Vehicle crime,2026-05,555
Hampshire Constabulary,Violence and sexual offences,2026-05,6843
Hertfordshire Constabulary,Anti-social behaviour,2026-05,1922
Hertfordshire Constabulary,Bicycle theft,2026-05,82
Hertfordshire Constabulary,Burglary,2026-05,316
Hertfordshire Constabulary,Criminal damage and arson,2026-05,602
Hertfordshire Constabulary,Drugs,2026-05,312
Hertfordshire Constabulary,Other crime,2026-05,189
Hertfordshire Constabulary,Other theft,2026-05,733
Hertfordshire Constabulary,Possession of weapons,2026-05,88
Hertfordshire Constabulary,Public order,2026-05,499
Hertfordshire Constabulary,Robbery,2026-05,84
Hertfordshire Constabulary,Shoplifting,2026-05,764
Hertfordshire Constabulary,Theft from the person,2026-05,89
Hertfordshire Constabulary,Vehicle crime,2026-05,495
Hertfordshire Constabulary,Violence and sexual offences,2026-05,3340
Humberside Police,Anti-social behaviour,2026-05,698
Humberside Police,Bicycle theft,2026-05,106
Humberside Police,Burglary,2026-05,358
Humberside Police,Criminal damage and arson,2026-05,754
Humberside Police,Drugs,2026-05,208
Humberside Police,Other crime,2026-05,260
Humberside Police,Other theft,2026-05,542
Humberside Police,Possession of weapons,2026-05,90
Humberside Police,Public order,2026-05,796
Humberside Police,Robbery,2026-05,73
Humberside Police,Shoplifting,2026-05,758
Humberside Police,Theft from the person,2026-05,29
Humberside Police,Vehicle crime,2026-05,298
Humberside Police,Violence and sexual offences,2026-05,3485
Kent Police,Anti-social behaviour,2026-05,3166
Kent Police,Bicycle theft,2026-05,97
Kent Police,Burglary,2026-05,372
Kent Police,Criminal damage and arson,2026-05,1437
Kent Police,Drugs,2026-05,583
Kent Police,Other crime,2026-05,452
Kent Police,Other theft,2026-05,992
Kent Police,Possession of weapons,2026-05,185
Kent Police,Public order,2026-05,673
Kent Police,Robbery,2026-05,125
Kent Police,Shoplifting,2026-05,1415
Kent Police,Theft from the person,2026-05,66
Kent Police,Vehicle crime,2026-05,615
Kent Police,Violence and sexual offences,2026-05,6131
Lancashire Constabulary,Anti-social behaviour,2026-05,2828
Lancashire Constabulary,Bicycle theft,2026-05,87
Lancashire Constabulary,Burglary,2026-05,464
Lancashire Constabulary,Criminal damage and arson,2026-05,1089
Lancashire Constabulary,Drugs,2026-05,364
Lancashire Constabulary,Other crime,2026-05,407
Lancashire Constabulary,Other theft,2026-05,837
Lancashire Constabulary,Possession of weapons,2026-05,163
Lancashire Constabulary,Public order,2026-05,831
Lancashire Constabulary,Robbery,2026-05,108
Lancashire Constabulary,Shoplifting,2026-05,851
Lancashire Constabulary,Theft from the person,2026-05,59
Lancashire Constabulary,Vehicle crime,2026-05,528
Lancashire Constabulary,Violence and sexual offences,2026-05,5537
Leicestershire Police,Anti-social behaviour,2026-05,1320
Leicestershire Police,Bicycle theft,2026-05,103
Leicestershire Police,Burglary,2026-05,338
Leicestershire Police,Criminal damage and arson,2026-05,775
Leicestershire Police,Drugs,2026-05,272
Leicestershire Police,Other crime,2026-05,210
Leicestershire Police,Other theft,2026-05,586
Leicestershire Police,Possession of weapons,2026-05,82
Leicestershire Police,Public order,2026-05,805
Leicestershire Police,Robbery,2026-05,82
Leicestershire Police,Shoplifting,2026-05,729
Leicestershire Police,Theft from the person,2026-05,67
Leicestershire Police,Vehicle crime,2026-05,451
Leicestershire Police,Violence and sexual offences,2026-05,3494
Lincolnshire Police,Anti-social behaviour,2026-05,1450
Lincolnshire Police,Bicycle theft,2026-05,53
Lincolnshire Police,Burglary,2026-05,194
Lincolnshire Police,Criminal damage and arson,2026-05,439
Lincolnshire Police,Drugs,2026-05,99
Lincolnshire Police,Other crime,2026-05,156
Lincolnshire Police,Other theft,2026-05,315
Lincolnshire Police,Possession of weapons,2026-05,38
Lincolnshire Police,Public order,2026-05,364
Lincolnshire Police,Robbery,2026-05,48
Lincolnshire Police,Shoplifting,2026-05,583
Lincolnshire Police,Theft from the person,2026-05,9
Lincolnshire Police,Vehicle crime,2026-05,174
Lincolnshire Police,Violence and sexual offences,2026-05,2182
Merseyside Police,Anti-social behaviour,2026-05,1389
Merseyside Police,Bicycle theft,2026-05,102
Merseyside Police,Burglary,2026-05,298
Merseyside Police,Criminal damage and arson,2026-05,1029
Merseyside Police,Drugs,2026-05,1083
Merseyside Police,Other crime,2026-05,331
Merseyside Police,Other theft,2026-05,680
Merseyside Police,Possession of weapons,2026-05,127
Merseyside Police,Public order,2026-05,1330
Merseyside Police,Robbery,2026-05,121
Merseyside Police,Shoplifting,2026-05,947
Merseyside Police,Theft from the person,2026-05,61
Merseyside Police,Vehicle crime,2026-05,374
Merseyside Police,Violence and sexual offences,2026-05,5050
Metropolitan Police Service,Anti-social behaviour,2026-05,21529
Metropolitan Police Service,Bicycle theft,2026-05,1155
Metropolitan Police Service,Burglary,2026-05,3771
Metropolitan Police Service,Criminal damage and arson,2026-05,4545
Metropolitan Police Service,Drugs,2026-05,4210
Metropolitan Police Service,Other crime,2026-05,1184
Metropolitan Police Service,Other theft,2026-05,7238
Metropolitan Police Service,Possession of weapons,2026-05,602
Metropolitan Police Service,Public order,2026-05,5226
Metropolitan Police Service,Robbery,2026-05,2607
Metropolitan Police Service,Shoplifting,2026-05,7401
Metropolitan Police Service,Theft from the person,2026-05,6240
Metropolitan Police Service,Vehicle crime,2026-05,6315
Metropolitan Police Service,Violence and sexual offences,2026-05,22104
Norfolk Constabulary,Anti-social behaviour,2026-05,798
Norfolk Constabulary,Bicycle theft,2026-05,68
Norfolk Constabulary,Burglary,2026-05,155
Norfolk Constabulary,Criminal damage and arson,2026-05,491
Norfolk Constabulary,Drugs,2026-05,163
Norfolk Constabulary,Other crime,2026-05,158
Norfolk Constabulary,Other theft,2026-05,349
Norfolk Constabulary,Possession of weapons,2026-05,76
Norfolk Constabulary,Public order,2026-05,405
Norfolk Constabulary,Robbery,2026-05,39
Norfolk Constabulary,Shoplifting,2026-05,522
Norfolk Constabulary,Theft from the person,2026-05,32
Norfolk Constabulary,Vehicle crime,2026-05,130
Norfolk Constabulary,Violence and sexual offences,2026-05,2497
North Wales Police,Anti-social behaviour,2026-05,1164
North Wales Police,Bicycle theft,2026-05,29
North Wales Police,Burglary,2026-05,138
North Wales Police,Criminal damage and arson,2026-05,440
North Wales Police,Drugs,2026-05,140
North Wales Police,Other crime,2026-05,102
North Wales Police,Other theft,2026-05,299
North Wales Police,Possession of weapons,2026-05,45
North Wales Police,Public order,2026-05,394
North Wales Police,Robbery,2026-05,17
North Wales Police,Shoplifting,2026-05,453
North Wales Police,Theft from the person,2026-05,10
North Wales Police,Vehicle crime,2026-05,112
North Wales Police,Violence and sexual offences,2026-05,2259
North Yorkshire Police,Anti-social behaviour,2026-05,1276
North Yorkshire Police,Bicycle theft,2026-05,63
North Yorkshire Police,Burglary,2026-05,163
North Yorkshire Police,Criminal damage and arson,2026-05,400
North Yorkshire Police,Drugs,2026-05,130
North Yorkshire Police,Other crime,2026-05,87
North Yorkshire Police,Other theft,2026-05,272
North Yorkshire Police,Possession of weapons,2026-05,47
North Yorkshire Police,Public order,2026-05,309
North Yorkshire Police,Robbery,2026-05,30
North Yorkshire Police,Shoplifting,2026-05,436
North Yorkshire Police,Theft from the person,2026-05,11
North Yorkshire Police,Vehicle crime,2026-05,134
North Yorkshire Police,Violence and sexual offences,2026-05,1895
Northamptonshire Police,Anti-social behaviour,2026-05,1477
Northamptonshire Police,Bicycle theft,2026-05,35
Northamptonshire Police,Burglary,2026-05,206
Northamptonshire Police,Criminal damage and arson,2026-05,377
Northamptonshire Police,Drugs,2026-05,203
Northamptonshire Police,Other crime,2026-05,121
Northamptonshire Police,Other theft,2026-05,367
Northamptonshire Police,Possession of weapons,2026-05,93
Northamptonshire Police,Public order,2026-05,383
Northamptonshire Police,Robbery,2026-05,100
Northamptonshire Police,Shoplifting,2026-05,489
Northamptonshire Police,Theft from the person,2026-05,21
Northamptonshire Police,Vehicle crime,2026-05,332
Northamptonshire Police,Violence and sexual offences,2026-05,2288
Northumbria Police,Anti-social behaviour,2026-05,2877
Northumbria Police,Bicycle theft,2026-05,86
Northumbria Police,Burglary,2026-05,474
Northumbria Police,Criminal damage and arson,2026-05,1251
Northumbria Police,Drugs,2026-05,394
Northumbria Police,Other crime,2026-05,331
Northumbria Police,Other theft,2026-05,816
Northumbria Police,Possession of weapons,2026-05,136
Northumbria Police,Public order,2026-05,1125
Northumbria Police,Robbery,2026-05,94
Northumbria Police,Shoplifting,2026-05,1615
Northumbria Police,Theft from the person,2026-05,80
Northumbria Police,Vehicle crime,2026-05,381
Northumbria Police,Violence and sexual offences,2026-05,4820
Nottinghamshire Police,Anti-social behaviour,2026-05,1780
Nottinghamshire Police,Bicycle theft,2026-05,112
Nottinghamshire Police,Burglary,2026-05,335
Nottinghamshire Police,Criminal damage and arson,2026-05,819
Nottinghamshire Police,Drugs,2026-05,344
Nottinghamshire Police,Other crime,2026-05,403
Nottinghamshire Police,Other theft,2026-05,646
Nottinghamshire Police,Possession of weapons,2026-05,159
Nottinghamshire Police,Public order,2026-05,692
Nottinghamshire Police,Robbery,2026-05,171
Nottinghamshire Police,Shoplifting,2026-05,1264
Nottinghamshire Police,Theft from the person,2026-05,87
Nottinghamshire Police,Vehicle crime,2026-05,470
Nottinghamshire Police,Violence and sexual offences,2026-05,3539
South Wales Police,Anti-social behaviour,2026-05,1483
South Wales Police,Bicycle theft,2026-05,90
South Wales Police,Burglary,2026-05,263
South Wales Police,Criminal damage and arson,2026-05,847
South Wales Police,Drugs,2026-05,345
South Wales Police,Other crime,2026-05,291
South Wales Police,Other theft,2026-05,586
South Wales Police,Possession of weapons,2026-05,108
South Wales Police,Public order,2026-05,1256
South Wales Police,Robbery,2026-05,96
South Wales Police,Shoplifting,2026-05,966
South Wales Police,Theft from the person,2026-05,60
South Wales Police,Vehicle crime,2026-05,489
South Wales Police,Violence and sexual offences,2026-05,4093
South Yorkshire Police,Anti-social behaviour,2026-05,2463
South Yorkshire Police,Bicycle theft,2026-05,76
South Yorkshire Police,Burglary,2026-05,642
South Yorkshire Police,Criminal damage and arson,2026-05,1134
South Yorkshire Police,Drugs,2026-05,442
South Yorkshire Police,Other crime,2026-05,465
South Yorkshire Police,Other theft,2026-05,789
South Yorkshire Police,Possession of weapons,2026-05,189
South Yorkshire Police,Public order,2026-05,1102
South Yorkshire Police,Robbery,2026-05,184
South Yorkshire Police,Shoplifting,2026-05,1232
South Yorkshire Police,Theft from the person,2026-05,79
South Yorkshire Police,Vehicle crime,2026-05,840
South Yorkshire Police,Violence and sexual offences,2026-05,5178
Staffordshire Police,Anti-social behaviour,2026-05,1535
Staffordshire Police,Bicycle theft,2026-05,63
Staffordshire Police,Burglary,2026-05,317
Staffordshire Police,Criminal damage and arson,2026-05,627
Staffordshire Police,Drugs,2026-05,254
Staffordshire Police,Other crime,2026-05,209
Staffordshire Police,Other theft,2026-05,522
Staffordshire Police,Possession of weapons,2026-05,103
Staffordshire Police,Public order,2026-05,774
Staffordshire Police,Robbery,2026-05,104
Staffordshire Police,Shoplifting,2026-05,605
Staffordshire Police,Theft from the person,2026-05,23
Staffordshire Police,Vehicle crime,2026-05,444
Staffordshire Police,Violence and sexual offences,2026-05,3764
Suffolk Constabulary,Anti-social behaviour,2026-05,354
Suffolk Constabulary,Bicycle theft,2026-05,35
Suffolk Constabulary,Burglary,2026-05,162
Suffolk Constabulary,Criminal damage and arson,2026-05,367
Suffolk Constabulary,Drugs,2026-05,108
Suffolk Constabulary,Other crime,2026-05,131
Suffolk Constabulary,Other theft,2026-05,278
Suffolk Constabulary,Possession of weapons,2026-05,61
Suffolk Constabulary,Public order,2026-05,266
Suffolk Constabulary,Robbery,2026-05,24
Suffolk Constabulary,Shoplifting,2026-05,370
Suffolk Constabulary,Theft from the person,2026-05,23
Suffolk Constabulary,Vehicle crime,2026-05,186
Suffolk Constabulary,Violence and sexual offences,2026-05,1850
Surrey Police,Anti-social behaviour,2026-05,1234
Surrey Police,Bicycle theft,2026-05,55
Surrey Police,Burglary,2026-05,264
Surrey Police,Criminal damage and arson,2026-05,575
Surrey Police,Drugs,2026-05,269
Surrey Police,Other crime,2026-05,218
Surrey Police,Other theft,2026-05,535
Surrey Police,Possession of weapons,2026-05,84
Surrey Police,Public order,2026-05,733
Surrey Police,Robbery,2026-05,55
Surrey Police,Shoplifting,2026-05,547
Surrey Police,Theft from the person,2026-05,42
Surrey Police,Vehicle crime,2026-05,356
Surrey Police,Violence and sexual offences,2026-05,2759
Sussex Police,Anti-social behaviour,2026-05,3015
Sussex Police,Bicycle theft,2026-05,113
Sussex Police,Burglary,2026-05,374
Sussex Police,Criminal damage and arson,2026-05,1041
Sussex Police,Drugs,2026-05,445
Sussex Police,Other crime,2026-05,344
Sussex Police,Other theft,2026-05,858
Sussex Police,Possession of weapons,2026-05,234
Sussex Police,Public order,2026-05,1213
Sussex Police,Robbery,2026-05,147
Sussex Police,Shoplifting,2026-05,1690
Sussex Police,Theft from the person,2026-05,80
Sussex Police,Vehicle crime,2026-05,436
Sussex Police,Violence and sexual offences,2026-05,4906
Thames Valley Police,Anti-social behaviour,2026-05,1948
Thames Valley Police,Bicycle theft,2026-05,260
Thames Valley Police,Burglary,2026-05,541
Thames Valley Police,Criminal damage and arson,2026-05,1257
Thames Valley Police,Drugs,2026-05,562
Thames Valley Police,Other crime,2026-05,403
Thames Valley Police,Other theft,2026-05,1305
Thames Valley Police,Possession of weapons,2026-05,123
Thames Valley Police,Public order,2026-05,1408
Thames Valley Police,Robbery,2026-05,188
Thames Valley Police,Shoplifting,2026-05,1637
Thames Valley Police,Theft from the person,2026-05,131
Thames Valley Police,Vehicle crime,2026-05,949
Thames Valley Police,Violence and sexual offences,2026-05,6712
Warwickshire Police,Anti-social behaviour,2026-05,1072
Warwickshire Police,Bicycle theft,2026-05,30
Warwickshire Police,Burglary,2026-05,192
Warwickshire Police,Criminal damage and arson,2026-05,302
Warwickshire Police,Drugs,2026-05,91
Warwickshire Police,Other crime,2026-05,109
Warwickshire Police,Other theft,2026-05,241
Warwickshire Police,Possession of weapons,2026-05,54
Warwickshire Police,Public order,2026-05,285
Warwickshire Police,Robbery,2026-05,46
Warwickshire Police,Shoplifting,2026-05,319
Warwickshire Police,Theft from the person,2026-05,20
Warwickshire Police,Vehicle crime,2026-05,273
Warwickshire Police,Violence and sexual offences,2026-05,1540
West Mercia Police,Anti-social behaviour,2026-05,1473
West Mercia Police,Bicycle theft,2026-05,62
West Mercia Police,Burglary,2026-05,308
West Mercia Police,Criminal damage and arson,2026-05,660
West Mercia Police,Drugs,2026-05,195
West Mercia Police,Other crime,2026-05,216
West Mercia Police,Other theft,2026-05,526
West Mercia Police,Possession of weapons,2026-05,104
West Mercia Police,Public order,2026-05,549
West Mercia Police,Robbery,2026-05,82
West Mercia Police,Shoplifting,2026-05,769
West Mercia Police,Theft from the person,2026-05,31
West Mercia Police,Vehicle crime,2026-05,242
West Mercia Police,Violence and sexual offences,2026-05,3625
West Midlands Police,Anti-social behaviour,2026-05,1258
West Midlands Police,Bicycle theft,2026-05,139
West Midlands Police,Burglary,2026-05,1068
West Midlands Police,Criminal damage and arson,2026-05,2062
West Midlands Police,Drugs,2026-05,769
West Midlands Police,Other crime,2026-05,525
West Midlands Police,Other theft,2026-05,1548
West Midlands Police,Possession of weapons,2026-05,589
West Midlands Police,Public order,2026-05,1650
West Midlands Police,Robbery,2026-05,511
West Midlands Police,Shoplifting,2026-05,2773
West Midlands Police,Theft from the person,2026-05,210
West Midlands Police,Vehicle crime,2026-05,2289
West Midlands Police,Violence and sexual offences,2026-05,11853
West Yorkshire Police,Anti-social behaviour,2026-05,2585
West Yorkshire Police,Bicycle theft,2026-05,136
West Yorkshire Police,Burglary,2026-05,1133
West Yorkshire Police,Criminal damage and arson,2026-05,1790
West Yorkshire Police,Drugs,2026-05,948
West Yorkshire Police,Other crime,2026-05,849
West Yorkshire Police,Other theft,2026-05,1643
West Yorkshire Police,Possession of weapons,2026-05,225
West Yorkshire Police,Public order,2026-05,2115
West Yorkshire Police,Robbery,2026-05,332
West Yorkshire Police,Shoplifting,2026-05,1786
West Yorkshire Police,Theft from the person,2026-05,182
West Yorkshire Police,Vehicle crime,2026-05,1301
West Yorkshire Police,Violence and sexual offences,2026-05,11505
Wiltshire Police,Anti-social behaviour,2026-05,936
Wiltshire Police,Bicycle theft,2026-05,49
Wiltshire Police,Burglary,2026-05,140
Wiltshire Police,Criminal damage and arson,2026-05,371
Wiltshire Police,Drugs,2026-05,112
Wiltshire Police,Other crime,2026-05,117
Wiltshire Police,Other theft,2026-05,236
Wiltshire Police,Possession of weapons,2026-05,45
Wiltshire Police,Public order,2026-05,364
Wiltshire Police,Robbery,2026-05,21
Wiltshire Police,Shoplifting,2026-05,324
Wiltshire Police,Theft from the person,2026-05,24
Wiltshire Police,Vehicle crime,2026-05,174
Wiltshire Police,Violence and sexual offences,2026-05,1754
Avon and Somerset Constabulary,Anti-social behaviour,2026-06,2764
Avon and Somerset Constabulary,Bicycle theft,2026-06,156
Avon and Somerset Constabulary,Burglary,2026-06,630
Avon and Somerset Constabulary,Criminal damage and arson,2026-06,1200
Avon and Somerset Constabulary,Drugs,2026-06,315
Avon and Somerset Constabulary,Other crime,2026-06,360
Avon and Somerset Constabulary,Other theft,2026-06,1338
Avon and Somerset Constabulary,Possession of weapons,2026-06,119
Avon and Somerset Constabulary,Public order,2026-06,2074
Avon and Somerset Constabulary,Robbery,2026-06,271
Avon and Somerset Constabulary,Shoplifting,2026-06,1520
Avon and Somerset Constabulary,Theft from the person,2026-06,55
Avon and Somerset Constabulary,Vehicle crime,2026-06,727
Avon and Somerset Constabulary,Violence and sexual offences,2026-06,6839
Bedfordshire Police,Anti-social behaviour,2026-06,941
Bedfordshire Police,Bicycle theft,2026-06,48
Bedfordshire Police,Burglary,2026-06,175
Bedfordshire Police,Criminal damage and arson,2026-06,372
Bedfordshire Police,Drugs,2026-06,215
Bedfordshire Police,Other crime,2026-06,130
Bedfordshire Police,Other theft,2026-06,358
Bedfordshire Police,Possession of weapons,2026-06,71
Bedfordshire Police,Public order,2026-06,378
Bedfordshire Police,Robbery,2026-06,65
Bedfordshire Police,Shoplifting,2026-06,422
Bedfordshire Police,Theft from the person,2026-06,38
Bedfordshire Police,Vehicle crime,2026-06,322
Bedfordshire Police,Violence and sexual offences,2026-06,1973
Cambridgeshire Constabulary,Anti-social behaviour,2026-06,1319
Cambridgeshire Constabulary,Bicycle theft,2026-06,130
Cambridgeshire Constabulary,Burglary,2026-06,276
Cambridgeshire Constabulary,Criminal damage and arson,2026-06,531
Cambridgeshire Constabulary,Drugs,2026-06,238
Cambridgeshire Constabulary,Other crime,2026-06,220
Cambridgeshire Constabulary,Other theft,2026-06,454
Cambridgeshire Constabulary,Possession of weapons,2026-06,105
Cambridgeshire Constabulary,Public order,2026-06,461
Cambridgeshire Constabulary,Robbery,2026-06,54
Cambridgeshire Constabulary,Shoplifting,2026-06,596
Cambridgeshire Constabulary,Theft from the person,2026-06,65
Cambridgeshire Constabulary,Vehicle crime,2026-06,314
Cambridgeshire Constabulary,Violence and sexual offences,2026-06,2635
Cheshire Constabulary,Anti-social behaviour,2026-06,688
Cheshire Constabulary,Bicycle theft,2026-06,58
Cheshire Constabulary,Burglary,2026-06,190
Cheshire Constabulary,Criminal damage and arson,2026-06,452
Cheshire Constabulary,Drugs,2026-06,323
Cheshire Constabulary,Other crime,2026-06,177
Cheshire Constabulary,Other theft,2026-06,426
Cheshire Constabulary,Possession of weapons,2026-06,75
Cheshire Constabulary,Public order,2026-06,781
Cheshire Constabulary,Robbery,2026-06,42
Cheshire Constabulary,Shoplifting,2026-06,442
Cheshire Constabulary,Theft from the person,2026-06,22
Cheshire Constabulary,Vehicle crime,2026-06,180
Cheshire Constabulary,Violence and sexual offences,2026-06,3293
City of London Police,Anti-social behaviour,2026-06,14
City of London Police,Bicycle theft,2026-06,26
City of London Police,Burglary,2026-06,37
City of London Police,Criminal damage and arson,2026-06,24
City of London Police,Drugs,2026-06,58
City of London Police,Other crime,2026-06,8
City of London Police,Other theft,2026-06,152
City of London Police,Possession of weapons,2026-06,4
City of London Police,Public order,2026-06,55
City of London Police,Robbery,2026-06,18
City of London Police,Shoplifting,2026-06,116
City of London Police,Theft from the person,2026-06,94
City of London Police,Vehicle crime,2026-06,11
City of London Police,Violence and sexual offences,2026-06,137
Cleveland Police,Anti-social behaviour,2026-06,1641
Cleveland Police,Bicycle theft,2026-06,41
Cleveland Police,Burglary,2026-06,305
Cleveland Police,Criminal damage and arson,2026-06,765
Cleveland Police,Drugs,2026-06,255
Cleveland Police,Other crime,2026-06,251
Cleveland Police,Other theft,2026-06,381
Cleveland Police,Possession of weapons,2026-06,77
Cleveland Police,Public order,2026-06,609
Cleveland Police,Robbery,2026-06,121
Cleveland Police,Shoplifting,2026-06,806
Cleveland Police,Theft from the person,2026-06,24
Cleveland Police,Vehicle crime,2026-06,298
Cleveland Police,Violence and sexual offences,2026-06,2606
Cumbria Constabulary,Anti-social behaviour,2026-06,203
Cumbria Constabulary,Bicycle theft,2026-06,24
Cumbria Constabulary,Burglary,2026-06,92
Cumbria Constabulary,Criminal damage and arson,2026-06,314
Cumbria Constabulary,Drugs,2026-06,152
Cumbria Constabulary,Other crime,2026-06,100
Cumbria Constabulary,Other theft,2026-06,205
Cumbria Constabulary,Possession of weapons,2026-06,47
Cumbria Constabulary,Public order,2026-06,372
Cumbria Constabulary,Robbery,2026-06,16
Cumbria Constabulary,Shoplifting,2026-06,208
Cumbria Constabulary,Theft from the person,2026-06,15
Cumbria Constabulary,Vehicle crime,2026-06,74
Cumbria Constabulary,Violence and sexual offences,2026-06,1603
Derbyshire Constabulary,Anti-social behaviour,2026-06,1409
Derbyshire Constabulary,Bicycle theft,2026-06,38
Derbyshire Constabulary,Burglary,2026-06,254
Derbyshire Constabulary,Criminal damage and arson,2026-06,592
Derbyshire Constabulary,Drugs,2026-06,329
Derbyshire Constabulary,Other crime,2026-06,180
Derbyshire Constabulary,Other theft,2026-06,509
Derbyshire Constabulary,Possession of weapons,2026-06,109
Derbyshire Constabulary,Public order,2026-06,815
Derbyshire Constabulary,Robbery,2026-06,70
Derbyshire Constabulary,Shoplifting,2026-06,631
Derbyshire Constabulary,Theft from the person,2026-06,53
Derbyshire Constabulary,Vehicle crime,2026-06,278
Derbyshire Constabulary,Violence and sexual offences,2026-06,3733
Devon & Cornwall Police,Anti-social behaviour,2026-06,1654
Devon & Cornwall Police,Bicycle theft,2026-06,72
Devon & Cornwall Police,Burglary,2026-06,310
Devon & Cornwall Police,Criminal damage and arson,2026-06,1129
Devon & Cornwall Police,Drugs,2026-06,336
Devon & Cornwall Police,Other crime,2026-06,301
Devon & Cornwall Police,Other theft,2026-06,926
Devon & Cornwall Police,Possession of weapons,2026-06,165
Devon & Cornwall Police,Public order,2026-06,828
Devon & Cornwall Police,Robbery,2026-06,71
Devon & Cornwall Police,Shoplifting,2026-06,857
Devon & Cornwall Police,Theft from the person,2026-06,76
Devon & Cornwall Police,Vehicle crime,2026-06,314
Devon & Cornwall Police,Violence and sexual offences,2026-06,5602
Dorset Police,Anti-social behaviour,2026-06,1339
Dorset Police,Bicycle theft,2026-06,49
Dorset Police,Burglary,2026-06,176
Dorset Police,Criminal damage and arson,2026-06,359
Dorset Police,Drugs,2026-06,96
Dorset Police,Other crime,2026-06,50
Dorset Police,Other theft,2026-06,325
Dorset Police,Possession of weapons,2026-06,31
Dorset Police,Public order,2026-06,277
Dorset Police,Robbery,2026-06,36
Dorset Police,Shoplifting,2026-06,388
Dorset Police,Theft from the person,2026-06,26
Dorset Police,Vehicle crime,2026-06,250
Dorset Police,Violence and sexual offences,2026-06,1765
Durham Constabulary,Anti-social behaviour,2026-06,1400
Durham Constabulary,Bicycle theft,2026-06,22
Durham Constabulary,Burglary,2026-06,213
Durham Constabulary,Criminal damage and arson,2026-06,739
Durham Constabulary,Drugs,2026-06,118
Durham Constabulary,Other crime,2026-06,188
Durham Constabulary,Other theft,2026-06,303
Durham Constabulary,Possession of weapons,2026-06,54
Durham Constabulary,Public order,2026-06,424
Durham Constabulary,Robbery,2026-06,35
Durham Constabulary,Shoplifting,2026-06,606
Durham Constabulary,Theft from the person,2026-06,21
Durham Constabulary,Vehicle crime,2026-06,199
Durham Constabulary,Violence and sexual offences,2026-06,2239
Dyfed-Powys Police,Anti-social behaviour,2026-06,340
Dyfed-Powys Police,Bicycle theft,2026-06,15
Dyfed-Powys Police,Burglary,2026-06,111
Dyfed-Powys Police,Criminal damage and arson,2026-06,319
Dyfed-Powys Police,Drugs,2026-06,131
Dyfed-Powys Police,Other crime,2026-06,103
Dyfed-Powys Police,Other theft,2026-06,205
Dyfed-Powys Police,Possession of weapons,2026-06,46
Dyfed-Powys Police,Public order,2026-06,285
Dyfed-Powys Police,Robbery,2026-06,10
Dyfed-Powys Police,Shoplifting,2026-06,157
Dyfed-Powys Police,Theft from the person,2026-06,18
Dyfed-Powys Police,Vehicle crime,2026-06,73
Dyfed-Powys Police,Violence and sexual offences,2026-06,1616
Essex Police,Anti-social behaviour,2026-06,1409
Essex Police,Bicycle theft,2026-06,108
Essex Police,Burglary,2026-06,422
Essex Police,Criminal damage and arson,2026-06,1006
Essex Police,Drugs,2026-06,572
Essex Police,Other crime,2026-06,298
Essex Police,Other theft,2026-06,860
Essex Police,Possession of weapons,2026-06,146
Essex Police,Public order,2026-06,946
Essex Police,Robbery,2026-06,116
Essex Police,Shoplifting,2026-06,1190
Essex Police,Theft from the person,2026-06,78
Essex Police,Vehicle crime,2026-06,752
Essex Police,Violence and sexual offences,2026-06,5921
Gloucestershire Constabulary,Anti-social behaviour,2026-06,1085
Gloucestershire Constabulary,Bicycle theft,2026-06,61
Gloucestershire Constabulary,Burglary,2026-06,184
Gloucestershire Constabulary,Criminal damage and arson,2026-06,305
Gloucestershire Constabulary,Drugs,2026-06,100
Gloucestershire Constabulary,Other crime,2026-06,126
Gloucestershire Constabulary,Other theft,2026-06,326
Gloucestershire Constabulary,Possession of weapons,2026-06,41
Gloucestershire Constabulary,Public order,2026-06,346
Gloucestershire Constabulary,Robbery,2026-06,33
Gloucestershire Constabulary,Shoplifting,2026-06,359
Gloucestershire Constabulary,Theft from the person,2026-06,21
Gloucestershire Constabulary,Vehicle crime,2026-06,196
Gloucestershire Constabulary,Violence and sexual offences,2026-06,1927
Gwent Police,Anti-social behaviour,2026-06,1137
Gwent Police,Bicycle theft,2026-06,25
Gwent Police,Burglary,2026-06,161
Gwent Police,Criminal damage and arson,2026-06,611
Gwent Police,Drugs,2026-06,137
Gwent Police,Other crime,2026-06,176
Gwent Police,Other theft,2026-06,337
Gwent Police,Possession of weapons,2026-06,60
Gwent Police,Public order,2026-06,701
Gwent Police,Robbery,2026-06,33
Gwent Police,Shoplifting,2026-06,420
Gwent Police,Theft from the person,2026-06,20
Gwent Police,Vehicle crime,2026-06,186
Gwent Police,Violence and sexual offences,2026-06,2183
Hampshire Constabulary,Anti-social behaviour,2026-06,1785
Hampshire Constabulary,Bicycle theft,2026-06,133
Hampshire Constabulary,Burglary,2026-06,434
Hampshire Constabulary,Criminal damage and arson,2026-06,969
Hampshire Constabulary,Drugs,2026-06,423
Hampshire Constabulary,Other crime,2026-06,292
Hampshire Constabulary,Other theft,2026-06,846
Hampshire Constabulary,Possession of weapons,2026-06,209
Hampshire Constabulary,Public order,2026-06,1241
Hampshire Constabulary,Robbery,2026-06,137
Hampshire Constabulary,Shoplifting,2026-06,1253
Hampshire Constabulary,Theft from the person,2026-06,78
Hampshire Constabulary,Vehicle crime,2026-06,549
Hampshire Constabulary,Violence and sexual offences,2026-06,7137
Hertfordshire Constabulary,Anti-social behaviour,2026-06,1987
Hertfordshire Constabulary,Bicycle theft,2026-06,87
Hertfordshire Constabulary,Burglary,2026-06,310
Hertfordshire Constabulary,Criminal damage and arson,2026-06,595
Hertfordshire Constabulary,Drugs,2026-06,301
Hertfordshire Constabulary,Other crime,2026-06,184
Hertfordshire Constabulary,Other theft,2026-06,734
Hertfordshire Constabulary,Possession of weapons,2026-06,86
Hertfordshire Constabulary,Public order,2026-06,510
Hertfordshire Constabulary,Robbery,2026-06,86
Hertfordshire Constabulary,Shoplifting,2026-06,738
Hertfordshire Constabulary,Theft from the person,2026-06,91
Hertfordshire Constabulary,Vehicle crime,2026-06,489
Hertfordshire Constabulary,Violence and sexual offences,2026-06,3334
Humberside Police,Anti-social behaviour,2026-06,720
Humberside Police,Bicycle theft,2026-06,109
Humberside Police,Burglary,2026-06,349
Humberside Police,Criminal damage and arson,2026-06,735
Humberside Police,Drugs,2026-06,200
Humberside Police,Other crime,2026-06,253
Humberside Police,Other theft,2026-06,541
Humberside Police,Possession of weapons,2026-06,90
Humberside Police,Public order,2026-06,789
Humberside Police,Robbery,2026-06,76
Humberside Police,Shoplifting,2026-06,735
Humberside Police,Theft from the person,2026-06,29
Humberside Police,Vehicle crime,2026-06,298
Humberside Police,Violence and sexual offences,2026-06,3447
Kent Police,Anti-social behaviour,2026-06,3240
Kent Police,Bicycle theft,2026-06,95
Kent Police,Burglary,2026-06,363
Kent Police,Criminal damage and arson,2026-06,1375
Kent Police,Drugs,2026-06,561
Kent Police,Other crime,2026-06,439
Kent Police,Other theft,2026-06,989
Kent Police,Possession of weapons,2026-06,178
Kent Police,Public order,2026-06,672
Kent Police,Robbery,2026-06,124
Kent Police,Shoplifting,2026-06,1357
Kent Police,Theft from the person,2026-06,69
Kent Police,Vehicle crime,2026-06,594
Kent Police,Violence and sexual offences,2026-06,6006
Lancashire Constabulary,Anti-social behaviour,2026-06,2959
Lancashire Constabulary,Bicycle theft,2026-06,91
Lancashire Constabulary,Burglary,2026-06,453
Lancashire Constabulary,Criminal damage and arson,2026-06,1067
Lancashire Constabulary,Drugs,2026-06,351
Lancashire Constabulary,Other crime,2026-06,393
Lancashire Constabulary,Other theft,2026-06,818
Lancashire Constabulary,Possession of weapons,2026-06,157
Lancashire Constabulary,Public order,2026-06,831
Lancashire Constabulary,Robbery,2026-06,106
Lancashire Constabulary,Shoplifting,2026-06,816
Lancashire Constabulary,Theft from the person,2026-06,60
Lancashire Constabulary,Vehicle crime,2026-06,520
Lancashire Constabulary,Violence and sexual offences,2026-06,5512
Leicestershire Police,Anti-social behaviour,2026-06,1348
Leicestershire Police,Bicycle theft,2026-06,106
Leicestershire Police,Burglary,2026-06,335
Leicestershire Police,Criminal damage and arson,2026-06,754
Leicestershire Police,Drugs,2026-06,265
Leicestershire Police,Other crime,2026-06,205
Leicestershire Police,Other theft,2026-06,589
Leicestershire Police,Possession of weapons,2026-06,79
Leicestershire Police,Public order,2026-06,819
Leicestershire Police,Robbery,2026-06,81
Leicestershire Police,Shoplifting,2026-06,715
Leicestershire Police,Theft from the person,2026-06,72
Leicestershire Police,Vehicle crime,2026-06,443
Leicestershire Police,Violence and sexual offences,2026-06,3464
Lincolnshire Police,Anti-social behaviour,2026-06,1454
Lincolnshire Police,Bicycle theft,2026-06,56
Lincolnshire Police,Burglary,2026-06,191
Lincolnshire Police,Criminal damage and arson,2026-06,441
Lincolnshire Police,Drugs,2026-06,99
Lincolnshire Police,Other crime,2026-06,154
Lincolnshire Police,Other theft,2026-06,320
Lincolnshire Police,Possession of weapons,2026-06,38
Lincolnshire Police,Public order,2026-06,377
Lincolnshire Police,Robbery,2026-06,47
Lincolnshire Police,Shoplifting,2026-06,567
Lincolnshire Police,Theft from the person,2026-06,9
Lincolnshire Police,Vehicle crime,2026-06,175
Lincolnshire Police,Violence and sexual offences,2026-06,2152
Merseyside Police,Anti-social behaviour,2026-06,1376
Merseyside Police,Bicycle theft,2026-06,103
Merseyside Police,Burglary,2026-06,295
Merseyside Police,Criminal damage and arson,2026-06,999
Merseyside Police,Drugs,2026-06,1045
Merseyside Police,Other crime,2026-06,320
Merseyside Police,Other theft,2026-06,679
Merseyside Police,Possession of weapons,2026-06,125
Merseyside Police,Public order,2026-06,1328
Merseyside Police,Robbery,2026-06,119
Merseyside Police,Shoplifting,2026-06,899
Merseyside Police,Theft from the person,2026-06,61
Merseyside Police,Vehicle crime,2026-06,370
Merseyside Police,Violence and sexual offences,2026-06,4972
Metropolitan Police Service,Anti-social behaviour,2026-06,21598
Metropolitan Police Service,Bicycle theft,2026-06,1223
Metropolitan Police Service,Burglary,2026-06,3700
Metropolitan Police Service,Criminal damage and arson,2026-06,4663
Metropolitan Police Service,Drugs,2026-06,4184
Metropolitan Police Service,Other crime,2026-06,1191
Metropolitan Police Service,Other theft,2026-06,7152
Metropolitan Police Service,Possession of weapons,2026-06,595
Metropolitan Police Service,Public order,2026-06,5289
Metropolitan Police Service,Robbery,2026-06,2631
Metropolitan Police Service,Shoplifting,2026-06,7865
Metropolitan Police Service,Theft from the person,2026-06,6208
Metropolitan Police Service,Vehicle crime,2026-06,6178
Metropolitan Police Service,Violence and sexual offences,2026-06,22775
Norfolk Constabulary,Anti-social behaviour,2026-06,806
Norfolk Constabulary,Bicycle theft,2026-06,72
Norfolk Constabulary,Burglary,2026-06,158
Norfolk Constabulary,Criminal damage and arson,2026-06,492
Norfolk Constabulary,Drugs,2026-06,158
Norfolk Constabulary,Other crime,2026-06,163
Norfolk Constabulary,Other theft,2026-06,354
Norfolk Constabulary,Possession of weapons,2026-06,79
Norfolk Constabulary,Public order,2026-06,417
Norfolk Constabulary,Robbery,2026-06,38
Norfolk Constabulary,Shoplifting,2026-06,502
Norfolk Constabulary,Theft from the person,2026-06,33
Norfolk Constabulary,Vehicle crime,2026-06,130
Norfolk Constabulary,Violence and sexual offences,2026-06,2484
North Wales Police,Anti-social behaviour,2026-06,1168
North Wales Police,Bicycle theft,2026-06,32
North Wales Police,Burglary,2026-06,138
North Wales Police,Criminal damage and arson,2026-06,435
North Wales Police,Drugs,2026-06,136
North Wales Police,Other crime,2026-06,100
North Wales Police,Other theft,2026-06,307
North Wales Police,Possession of weapons,2026-06,45
North Wales Police,Public order,2026-06,404
North Wales Police,Robbery,2026-06,18
North Wales Police,Shoplifting,2026-06,444
North Wales Police,Theft from the person,2026-06,10
North Wales Police,Vehicle crime,2026-06,108
North Wales Police,Violence and sexual offences,2026-06,2235
North Yorkshire Police,Anti-social behaviour,2026-06,1295
North Yorkshire Police,Bicycle theft,2026-06,65
North Yorkshire Police,Burglary,2026-06,163
North Yorkshire Police,Criminal damage and arson,2026-06,397
North Yorkshire Police,Drugs,2026-06,129
North Yorkshire Police,Other crime,2026-06,88
North Yorkshire Police,Other theft,2026-06,274
North Yorkshire Police,Possession of weapons,2026-06,47
North Yorkshire Police,Public order,2026-06,317
North Yorkshire Police,Robbery,2026-06,32
North Yorkshire Police,Shoplifting,2026-06,423
North Yorkshire Police,Theft from the person,2026-06,13
North Yorkshire Police,Vehicle crime,2026-06,130
North Yorkshire Police,Violence and sexual offences,2026-06,1917
Northamptonshire Police,Anti-social behaviour,2026-06,1472
Northamptonshire Police,Bicycle theft,2026-06,37
Northamptonshire Police,Burglary,2026-06,206
Northamptonshire Police,Criminal damage and arson,2026-06,378
Northamptonshire Police,Drugs,2026-06,203
Northamptonshire Police,Other crime,2026-06,122
Northamptonshire Police,Other theft,2026-06,366
Northamptonshire Police,Possession of weapons,2026-06,93
Northamptonshire Police,Public order,2026-06,395
Northamptonshire Police,Robbery,2026-06,99
Northamptonshire Police,Shoplifting,2026-06,489
Northamptonshire Police,Theft from the person,2026-06,21
Northamptonshire Police,Vehicle crime,2026-06,320
Northamptonshire Police,Violence and sexual offences,2026-06,2247
Northumbria Police,Anti-social behaviour,2026-06,2765
Northumbria Police,Bicycle theft,2026-06,92
Northumbria Police,Burglary,2026-06,471
Northumbria Police,Criminal damage and arson,2026-06,1227
Northumbria Police,Drugs,2026-06,383
Northumbria Police,Other crime,2026-06,331
Northumbria Police,Other theft,2026-06,811
Northumbria Police,Possession of weapons,2026-06,136
Northumbria Police,Public order,2026-06,1146
Northumbria Police,Robbery,2026-06,100
Northumbria Police,Shoplifting,2026-06,1538
Northumbria Police,Theft from the person,2026-06,79
Northumbria Police,Vehicle crime,2026-06,392
Northumbria Police,Violence and sexual offences,2026-06,4886
Nottinghamshire Police,Anti-social behaviour,2026-06,1759
Nottinghamshire Police,Bicycle theft,2026-06,112
Nottinghamshire Police,Burglary,2026-06,329
Nottinghamshire Police,Criminal damage and arson,2026-06,811
Nottinghamshire Police,Drugs,2026-06,332
Nottinghamshire Police,Other crime,2026-06,390
Nottinghamshire Police,Other theft,2026-06,642
Nottinghamshire Police,Possession of weapons,2026-06,155
Nottinghamshire Police,Public order,2026-06,690
Nottinghamshire Police,Robbery,2026-06,167
Nottinghamshire Police,Shoplifting,2026-06,1211
Nottinghamshire Police,Theft from the person,2026-06,87
Nottinghamshire Police,Vehicle crime,2026-06,465
Nottinghamshire Police,Violence and sexual offences,2026-06,3506
South Wales Police,Anti-social behaviour,2026-06,1497
South Wales Police,Bicycle theft,2026-06,95
South Wales Police,Burglary,2026-06,265
South Wales Police,Criminal damage and arson,2026-06,821
South Wales Police,Drugs,2026-06,335
South Wales Police,Other crime,2026-06,293
South Wales Police,Other theft,2026-06,590
South Wales Police,Possession of weapons,2026-06,106
South Wales Police,Public order,2026-06,1283
South Wales Police,Robbery,2026-06,96
South Wales Police,Shoplifting,2026-06,922
South Wales Police,Theft from the person,2026-06,64
South Wales Police,Vehicle crime,2026-06,491
South Wales Police,Violence and sexual offences,2026-06,4141
South Yorkshire Police,Anti-social behaviour,2026-06,2446
South Yorkshire Police,Bicycle theft,2026-06,80
South Yorkshire Police,Burglary,2026-06,620
South Yorkshire Police,Criminal damage and arson,2026-06,1100
South Yorkshire Police,Drugs,2026-06,433
South Yorkshire Police,Other crime,2026-06,446
South Yorkshire Police,Other theft,2026-06,759
South Yorkshire Police,Possession of weapons,2026-06,187
South Yorkshire Police,Public order,2026-06,1103
South Yorkshire Police,Robbery,2026-06,181
South Yorkshire Police,Shoplifting,2026-06,1178
South Yorkshire Police,Theft from the person,2026-06,81
South Yorkshire Police,Vehicle crime,2026-06,816
South Yorkshire Police,Violence and sexual offences,2026-06,4979
Staffordshire Police,Anti-social behaviour,2026-06,1582
Staffordshire Police,Bicycle theft,2026-06,67
Staffordshire Police,Burglary,2026-06,318
Staffordshire Police,Criminal damage and arson,2026-06,625
Staffordshire Police,Drugs,2026-06,257
Staffordshire Police,Other crime,2026-06,210
Staffordshire Police,Other theft,2026-06,524
Staffordshire Police,Possession of weapons,2026-06,107
Staffordshire Police,Public order,2026-06,781
Staffordshire Police,Robbery,2026-06,106
Staffordshire Police,Shoplifting,2026-06,591
Staffordshire Police,Theft from the person,2026-06,23
Staffordshire Police,Vehicle crime,2026-06,442
Staffordshire Police,Violence and sexual offences,2026-06,3723
Suffolk Constabulary,Anti-social behaviour,2026-06,369
Suffolk Constabulary,Bicycle theft,2026-06,39
Suffolk Constabulary,Burglary,2026-06,160
Suffolk Constabulary,Criminal damage and arson,2026-06,369
Suffolk Constabulary,Drugs,2026-06,109
Suffolk Constabulary,Other crime,2026-06,130
Suffolk Constabulary,Other theft,2026-06,290
Suffolk Constabulary,Possession of weapons,2026-06,63
Suffolk Constabulary,Public order,2026-06,284
Suffolk Constabulary,Robbery,2026-06,25
Suffolk Constabulary,Shoplifting,2026-06,364
Suffolk Constabulary,Theft from the person,2026-06,24
Suffolk Constabulary,Vehicle crime,2026-06,182
Suffolk Constabulary,Violence and sexual offences,2026-06,1865
Surrey Police,Anti-social behaviour,2026-06,1275
Surrey Police,Bicycle theft,2026-06,59
Surrey Police,Burglary,2026-06,262
Surrey Police,Criminal damage and arson,2026-06,569
Surrey Police,Drugs,2026-06,263
Surrey Police,Other crime,2026-06,214
Surrey Police,Other theft,2026-06,539
Surrey Police,Possession of weapons,2026-06,82
Surrey Police,Public order,2026-06,761
Surrey Police,Robbery,2026-06,57
Surrey Police,Shoplifting,2026-06,539
Surrey Police,Theft from the person,2026-06,44
Surrey Police,Vehicle crime,2026-06,351
Surrey Police,Violence and sexual offences,2026-06,2729
Sussex Police,Anti-social behaviour,2026-06,3067
Sussex Police,Bicycle theft,2026-06,122
Sussex Police,Burglary,2026-06,369
Sussex Police,Criminal damage and arson,2026-06,1024
Sussex Police,Drugs,2026-06,435
Sussex Police,Other crime,2026-06,336
Sussex Police,Other theft,2026-06,862
Sussex Police,Possession of weapons,2026-06,235
Sussex Police,Public order,2026-06,1243
Sussex Police,Robbery,2026-06,155
Sussex Police,Shoplifting,2026-06,1642
Sussex Police,Theft from the person,2026-06,82
Sussex Police,Vehicle crime,2026-06,426
Sussex Police,Violence and sexual offences,2026-06,4825
Thames Valley Police,Anti-social behaviour,2026-06,1991
Thames Valley Police,Bicycle theft,2026-06,269
Thames Valley Police,Burglary,2026-06,528
Thames Valley Police,Criminal damage and arson,2026-06,1249
Thames Valley Police,Drugs,2026-06,550
Thames Valley Police,Other crime,2026-06,389
Thames Valley Police,Other theft,2026-06,1342
Thames Valley Police,Possession of weapons,2026-06,121
Thames Valley Police,Public order,2026-06,1440
Thames Valley Police,Robbery,2026-06,183
Thames Valley Police,Shoplifting,2026-06,1574
Thames Valley Police,Theft from the person,2026-06,134
Thames Valley Police,Vehicle crime,2026-06,932
Thames Valley Police,Violence and sexual offences,2026-06,6868
Warwickshire Police,Anti-social behaviour,2026-06,1077
Warwickshire Police,Bicycle theft,2026-06,32
Warwickshire Police,Burglary,2026-06,185
Warwickshire Police,Criminal damage and arson,2026-06,304
Warwickshire Police,Drugs,2026-06,91
Warwickshire Police,Other crime,2026-06,107
Warwickshire Police,Other theft,2026-06,243
Warwickshire Police,Possession of weapons,2026-06,53
Warwickshire Police,Public order,2026-06,301
Warwickshire Police,Robbery,2026-06,46
Warwickshire Police,Shoplifting,2026-06,316
Warwickshire Police,Theft from the person,2026-06,21
Warwickshire Police,Vehicle crime,2026-06,267
Warwickshire Police,Violence and sexual offences,2026-06,1541
West Mercia Police,Anti-social behaviour,2026-06,1503
West Mercia Police,Bicycle theft,2026-06,66
West Mercia Police,Burglary,2026-06,307
West Mercia Police,Criminal damage and arson,2026-06,650
West Mercia Police,Drugs,2026-06,196
West Mercia Police,Other crime,2026-06,213
West Mercia Police,Other theft,2026-06,529
West Mercia Police,Possession of weapons,2026-06,105
West Mercia Police,Public order,2026-06,568
West Mercia Police,Robbery,2026-06,83
West Mercia Police,Shoplifting,2026-06,744
West Mercia Police,Theft from the person,2026-06,31
West Mercia Police,Vehicle crime,2026-06,245
West Mercia Police,Violence and sexual offences,2026-06,3617
West Midlands Police,Anti-social behaviour,2026-06,1344
West Midlands Police,Bicycle theft,2026-06,150
West Midlands Police,Burglary,2026-06,1040
West Midlands Police,Criminal damage and arson,2026-06,2037
West Midlands Police,Drugs,2026-06,747
West Midlands Police,Other crime,2026-06,520
West Midlands Police,Other theft,2026-06,1558
West Midlands Police,Possession of weapons,2026-06,584
West Midlands Police,Public order,2026-06,1667
West Midlands Police,Robbery,2026-06,507
West Midlands Police,Shoplifting,2026-06,2668
West Midlands Police,Theft from the person,2026-06,209
West Midlands Police,Vehicle crime,2026-06,2192
West Midlands Police,Violence and sexual offences,2026-06,11634
West Yorkshire Police,Anti-social behaviour,2026-06,2592
West Yorkshire Police,Bicycle theft,2026-06,142
West Yorkshire Police,Burglary,2026-06,1119
West Yorkshire Police,Criminal damage and arson,2026-06,1745
West Yorkshire Police,Drugs,2026-06,908
West Yorkshire Police,Other crime,2026-06,820
West Yorkshire Police,Other theft,2026-06,1644
West Yorkshire Police,Possession of weapons,2026-06,225
West Yorkshire Police,Public order,2026-06,2152
West Yorkshire Police,Robbery,2026-06,325
West Yorkshire Police,Shoplifting,2026-06,1733
West Yorkshire Police,Theft from the person,2026-06,177
West Yorkshire Police,Vehicle crime,2026-06,1282
West Yorkshire Police,Violence and sexual offences,2026-06,11303
Wiltshire Police,Anti-social behaviour,2026-06,932
Wiltshire Police,Bicycle theft,2026-06,48
Wiltshire Police,Burglary,2026-06,137
Wiltshire Police,Criminal damage and arson,2026-06,367
Wiltshire Police,Drugs,2026-06,111
Wiltshire Police,Other crime,2026-06,116
Wiltshire Police,Other theft,2026-06,239
Wiltshire Police,Possession of weapons,2026-06,45
Wiltshire Police,Public order,2026-06,373
Wiltshire Police,Robbery,2026-06,21
Wiltshire Police,Shoplifting,2026-06,323
Wiltshire Police,Theft from the person,2026-06,25
Wiltshire Police,Vehicle crime,2026-06,168
Wiltshire Police,Violence and sexual offences,2026-06,1763
Avon and Somerset Constabulary,Anti-social behaviour,2026-07,2858
Avon and Somerset Constabulary,Bicycle theft,2026-07,158
Avon and Somerset Constabulary,Burglary,2026-07,634
Avon and Somerset Constabulary,Criminal damage and arson,2026-07,1241
Avon and Somerset Constabulary,Drugs,2026-07,315
Avon and Somerset Constabulary,Other crime,2026-07,361
Avon and Somerset Constabulary,Other theft,2026-07,1398
Avon and Somerset Constabulary,Possession of weapons,2026-07,120
Avon and Somerset Constabulary,Public order,2026-07,2176
Avon and Somerset Constabulary,Robbery,2026-07,270
Avon and Somerset Constabulary,Shoplifting,2026-07,1559
Avon and Somerset Constabulary,Theft from the person,2026-07,56
Avon and Somerset Constabulary,Vehicle crime,2026-07,742
Avon and Somerset Constabulary,Violence and sexual offences,2026-07,6997
Bedfordshire Police,Anti-social behaviour,2026-07,975
Bedfordshire Police,Bicycle theft,2026-07,53
Bedfordshire Police,Burglary,2026-07,182
Bedfordshire Police,Criminal damage and arson,2026-07,379
Bedfordshire Police,Drugs,2026-07,217
Bedfordshire Police,Other crime,2026-07,128
Bedfordshire Police,Other theft,2026-07,366
Bedfordshire Police,Possession of weapons,2026-07,73
Bedfordshire Police,Public order,2026-07,399
Bedfordshire Police,Robbery,2026-07,69
Bedfordshire Police,Shoplifting,2026-07,432
Bedfordshire Police,Theft from the person,2026-07,38
Bedfordshire Police,Vehicle crime,2026-07,329
Bedfordshire Police,Violence and sexual offences,2026-07,2026
Cambridgeshire Constabulary,Anti-social behaviour,2026-07,1402
Cambridgeshire Constabulary,Bicycle theft,2026-07,139
Cambridgeshire Constabulary,Burglary,2026-07,280
Cambridgeshire Constabulary,Criminal damage and arson,2026-07,548
Cambridgeshire Constabulary,Drugs,2026-07,246
Cambridgeshire Constabulary,Other crime,2026-07,223
Cambridgeshire Constabulary,Other theft,2026-07,466
Cambridgeshire Constabulary,Possession of weapons,2026-07,109
Cambridgeshire Constabulary,Public order,2026-07,476
Cambridgeshire Constabulary,Robbery,2026-07,56
Cambridgeshire Constabulary,Shoplifting,2026-07,611
Cambridgeshire Constabulary,Theft from the person,2026-07,69
Cambridgeshire Constabulary,Vehicle crime,2026-07,321
Cambridgeshire Constabulary,Violence and sexual offences,2026-07,2726
Cheshire Constabulary,Anti-social behaviour,2026-07,732
Cheshire Constabulary,Bicycle theft,2026-07,60
Cheshire Constabulary,Burglary,2026-07,190
Cheshire Constabulary,Criminal damage and arson,2026-07,460
Cheshire Constabulary,Drugs,2026-07,322
Cheshire Constabulary,Other crime,2026-07,177
Cheshire Constabulary,Other theft,2026-07,437
Cheshire Constabulary,Possession of weapons,2026-07,77
Cheshire Constabulary,Public order,2026-07,802
Cheshire Constabulary,Robbery,2026-07,42
Cheshire Constabulary,Shoplifting,2026-07,447
Cheshire Constabulary,Theft from the person,2026-07,25
Cheshire Constabulary,Vehicle crime,2026-07,183
Cheshire Constabulary,Violence and sexual offences,2026-07,3391
City of London Police,Anti-social behaviour,2026-07,15
City of London Police,Bicycle theft,2026-07,26
City of London Police,Burglary,2026-07,38
City of London Police,Criminal damage and arson,2026-07,25
City of London Police,Drugs,2026-07,57
City of London Police,Other crime,2026-07,8
City of London Police,Other theft,2026-07,156
City of London Police,Possession of weapons,2026-07,5
City of London Police,Public order,2026-07,59
City of London Police,Robbery,2026-07,18
City of London Police,Shoplifting,2026-07,124
City of London Police,Theft from the person,2026-07,99
City of London Police,Vehicle crime,2026-07,11
City of London Police,Violence and sexual offences,2026-07,145
Cleveland Police,Anti-social behaviour,2026-07,1745
Cleveland Police,Bicycle theft,2026-07,46
Cleveland Police,Burglary,2026-07,311
Cleveland Police,Criminal damage and arson,2026-07,777
Cleveland Police,Drugs,2026-07,261
Cleveland Police,Other crime,2026-07,258
Cleveland Police,Other theft,2026-07,394
Cleveland Police,Possession of weapons,2026-07,81
Cleveland Police,Public order,2026-07,628
Cleveland Police,Robbery,2026-07,123
Cleveland Police,Shoplifting,2026-07,826
Cleveland Police,Theft from the person,2026-07,26
Cleveland Police,Vehicle crime,2026-07,301
Cleveland Police,Violence and sexual offences,2026-07,2721
Cumbria Constabulary,Anti-social behaviour,2026-07,209
Cumbria Constabulary,Bicycle theft,2026-07,24
Cumbria Constabulary,Burglary,2026-07,95
Cumbria Constabulary,Criminal damage and arson,2026-07,321
Cumbria Constabulary,Drugs,2026-07,151
Cumbria Constabulary,Other crime,2026-07,104
Cumbria Constabulary,Other theft,2026-07,212
Cumbria Constabulary,Possession of weapons,2026-07,50
Cumbria Constabulary,Public order,2026-07,383
Cumbria Constabulary,Robbery,2026-07,16
Cumbria Constabulary,Shoplifting,2026-07,211
Cumbria Constabulary,Theft from the person,2026-07,16
Cumbria Constabulary,Vehicle crime,2026-07,76
Cumbria Constabulary,Violence and sexual offences,2026-07,1656
Derbyshire Constabulary,Anti-social behaviour,2026-07,1489
Derbyshire Constabulary,Bicycle theft,2026-07,40
Derbyshire Constabulary,Burglary,2026-07,260
Derbyshire Constabulary,Criminal damage and arson,2026-07,609
Derbyshire Constabulary,Drugs,2026-07,330
Derbyshire Constabulary,Other crime,2026-07,185
Derbyshire Constabulary,Other theft,2026-07,523
Derbyshire Constabulary,Possession of weapons,2026-07,112
Derbyshire Constabulary,Public order,2026-07,840
Derbyshire Constabulary,Robbery,2026-07,75
Derbyshire Constabulary,Shoplifting,2026-07,645
Derbyshire Constabulary,Theft from the person,2026-07,55
Derbyshire Constabulary,Vehicle crime,2026-07,284
Derbyshire Constabulary,Violence and sexual offences,2026-07,3879
Devon & Cornwall Police,Anti-social behaviour,2026-07,1825
Devon & Cornwall Police,Bicycle theft,2026-07,75
Devon & Cornwall Police,Burglary,2026-07,319
Devon & Cornwall Police,Criminal damage and arson,2026-07,1183
Devon & Cornwall Police,Drugs,2026-07,344
Devon & Cornwall Police,Other crime,2026-07,308
Devon & Cornwall Police,Other theft,2026-07,963
Devon & Cornwall Police,Possession of weapons,2026-07,170
Devon & Cornwall Police,Public order,2026-07,882
Devon & Cornwall Police,Robbery,2026-07,77
Devon & Cornwall Police,Shoplifting,2026-07,879
Devon & Cornwall Police,Theft from the person,2026-07,83
Devon & Cornwall Police,Vehicle crime,2026-07,324
Devon & Cornwall Police,Violence and sexual offences,2026-07,5837
Dorset Police,Anti-social behaviour,2026-07,1455
Dorset Police,Bicycle theft,2026-07,51
Dorset Police,Burglary,2026-07,185
Dorset Police,Criminal damage and arson,2026-07,376
Dorset Police,Drugs,2026-07,102
Dorset Police,Other crime,2026-07,53
Dorset Police,Other theft,2026-07,339
Dorset Police,Possession of weapons,2026-07,33
Dorset Police,Public order,2026-07,294
Dorset Police,Robbery,2026-07,37
Dorset Police,Shoplifting,2026-07,394
Dorset Police,Theft from the person,2026-07,27
Dorset Police,Vehicle crime,2026-07,262
Dorset Police,Violence and sexual offences,2026-07,1890
Durham Constabulary,Anti-social behaviour,2026-07,1479
Durham Constabulary,Bicycle theft,2026-07,22
Durham Constabulary,Burglary,2026-07,218
Durham Constabulary,Criminal damage and arson,2026-07,759
Durham Constabulary,Drugs,2026-07,122
Durham Constabulary,Other crime,2026-07,193
Durham Constabulary,Other theft,2026-07,312
Durham Constabulary,Possession of weapons,2026-07,55
Durham Constabulary,Public order,2026-07,447
Durham Constabulary,Robbery,2026-07,37
Durham Constabulary,Shoplifting,2026-07,613
Durham Constabulary,Theft from the person,2026-07,21
Durham Constabulary,Vehicle crime,2026-07,206
Durham Constabulary,Violence and sexual offences,2026-07,2262
Dyfed-Powys Police,Anti-social behaviour,2026-07,363
Dyfed-Powys Police,Bicycle theft,2026-07,17
Dyfed-Powys Police,Burglary,2026-07,116
Dyfed-Powys Police,Criminal damage and arson,2026-07,330
Dyfed-Powys Police,Drugs,2026-07,136
Dyfed-Powys Police,Other crime,2026-07,106
Dyfed-Powys Police,Other theft,2026-07,218
Dyfed-Powys Police,Possession of weapons,2026-07,47
Dyfed-Powys Police,Public order,2026-07,305
Dyfed-Powys Police,Robbery,2026-07,10
Dyfed-Powys Police,Shoplifting,2026-07,154
Dyfed-Powys Police,Theft from the person,2026-07,18
Dyfed-Powys Police,Vehicle crime,2026-07,77
Dyfed-Powys Police,Violence and sexual offences,2026-07,1650
Essex Police,Anti-social behaviour,2026-07,1523
Essex Police,Bicycle theft,2026-07,114
Essex Police,Burglary,2026-07,439
Essex Police,Criminal damage and arson,2026-07,1052
Essex Police,Drugs,2026-07,580
Essex Police,Other crime,2026-07,308
Essex Police,Other theft,2026-07,897
Essex Police,Possession of weapons,2026-07,151
Essex Police,Public order,2026-07,990
Essex Police,Robbery,2026-07,125
Essex Police,Shoplifting,2026-07,1255
Essex Police,Theft from the person,2026-07,85
Essex Police,Vehicle crime,2026-07,786
Essex Police,Violence and sexual offences,2026-07,6261
Gloucestershire Constabulary,Anti-social behaviour,2026-07,1137
Gloucestershire Constabulary,Bicycle theft,2026-07,62
Gloucestershire Constabulary,Burglary,2026-07,181
Gloucestershire Constabulary,Criminal damage and arson,2026-07,317
Gloucestershire Constabulary,Drugs,2026-07,104
Gloucestershire Constabulary,Other crime,2026-07,125
Gloucestershire Constabulary,Other theft,2026-07,334
Gloucestershire Constabulary,Possession of weapons,2026-07,45
Gloucestershire Constabulary,Public order,2026-07,359
Gloucestershire Constabulary,Robbery,2026-07,38
Gloucestershire Constabulary,Shoplifting,2026-07,367
Gloucestershire Constabulary,Theft from the person,2026-07,22
Gloucestershire Constabulary,Vehicle crime,2026-07,204
Gloucestershire Constabulary,Violence and sexual offences,2026-07,1984
Gwent Police,Anti-social behaviour,2026-07,1175
Gwent Police,Bicycle theft,2026-07,26
Gwent Police,Burglary,2026-07,164
Gwent Police,Criminal damage and arson,2026-07,627
Gwent Police,Drugs,2026-07,144
Gwent Police,Other crime,2026-07,182
Gwent Police,Other theft,2026-07,346
Gwent Police,Possession of weapons,2026-07,62
Gwent Police,Public order,2026-07,732
Gwent Police,Robbery,2026-07,34
Gwent Police,Shoplifting,2026-07,433
Gwent Police,Theft from the person,2026-07,21
Gwent Police,Vehicle crime,2026-07,195
Gwent Police,Violence and sexual offences,2026-07,2256
Hampshire Constabulary,Anti-social behaviour,2026-07,1960
Hampshire Constabulary,Bicycle theft,2026-07,142
Hampshire Constabulary,Burglary,2026-07,440
Hampshire Constabulary,Criminal damage and arson,2026-07,993
Hampshire Constabulary,Drugs,2026-07,434
Hampshire Constabulary,Other crime,2026-07,300
Hampshire Constabulary,Other theft,2026-07,867
Hampshire Constabulary,Possession of weapons,2026-07,219
Hampshire Constabulary,Public order,2026-07,1316
Hampshire Constabulary,Robbery,2026-07,142
Hampshire Constabulary,Shoplifting,2026-07,1294
Hampshire Constabulary,Theft from the person,2026-07,83
Hampshire Constabulary,Vehicle crime,2026-07,574
Hampshire Constabulary,Violence and sexual offences,2026-07,7317
Hertfordshire Constabulary,Anti-social behaviour,2026-07,2188
Hertfordshire Constabulary,Bicycle theft,2026-07,95
Hertfordshire Constabulary,Burglary,2026-07,312
Hertfordshire Constabulary,Criminal damage and arson,2026-07,610
Hertfordshire Constabulary,Drugs,2026-07,304
Hertfordshire Constabulary,Other crime,2026-07,189
Hertfordshire Constabulary,Other theft,2026-07,762
Hertfordshire Constabulary,Possession of weapons,2026-07,88
Hertfordshire Constabulary,Public order,2026-07,528
Hertfordshire Constabulary,Robbery,2026-07,91
Hertfordshire Constabulary,Shoplifting,2026-07,763
Hertfordshire Constabulary,Theft from the person,2026-07,93
Hertfordshire Constabulary,Vehicle crime,2026-07,502
Hertfordshire Constabulary,Violence and sexual offences,2026-07,3446
Humberside Police,Anti-social behaviour,2026-07,769
Humberside Police,Bicycle theft,2026-07,116
Humberside Police,Burglary,2026-07,355
Humberside Police,Criminal damage and arson,2026-07,757
Humberside Police,Drugs,2026-07,209
Humberside Police,Other crime,2026-07,260
Humberside Police,Other theft,2026-07,558
Humberside Police,Possession of weapons,2026-07,93
Humberside Police,Public order,2026-07,820
Humberside Police,Robbery,2026-07,83
Humberside Police,Shoplifting,2026-07,768
Humberside Police,Theft from the person,2026-07,30
Humberside Police,Vehicle crime,2026-07,304
Humberside Police,Violence and sexual offences,2026-07,3601
Kent Police,Anti-social behaviour,2026-07,3542
Kent Police,Bicycle theft,2026-07,104
Kent Police,Burglary,2026-07,372
Kent Police,Criminal damage and arson,2026-07,1470
Kent Police,Drugs,2026-07,581
Kent Police,Other crime,2026-07,449
Kent Police,Other theft,2026-07,1055
Kent Police,Possession of weapons,2026-07,185
Kent Police,Public order,2026-07,711
Kent Police,Robbery,2026-07,128
Kent Police,Shoplifting,2026-07,1431
Kent Police,Theft from the person,2026-07,73
Kent Police,Vehicle crime,2026-07,617
Kent Police,Violence and sexual offences,2026-07,6349
Lancashire Constabulary,Anti-social behaviour,2026-07,3211
Lancashire Constabulary,Bicycle theft,2026-07,95
Lancashire Constabulary,Burglary,2026-07,463
Lancashire Constabulary,Criminal damage and arson,2026-07,1086
Lancashire Constabulary,Drugs,2026-07,356
Lancashire Constabulary,Other crime,2026-07,401
Lancashire Constabulary,Other theft,2026-07,843
Lancashire Constabulary,Possession of weapons,2026-07,168
Lancashire Constabulary,Public order,2026-07,854
Lancashire Constabulary,Robbery,2026-07,110
Lancashire Constabulary,Shoplifting,2026-07,831
Lancashire Constabulary,Theft from the person,2026-07,63
Lancashire Constabulary,Vehicle crime,2026-07,528
Lancashire Constabulary,Violence and sexual offences,2026-07,5662
Leicestershire Police,Anti-social behaviour,2026-07,1439
Leicestershire Police,Bicycle theft,2026-07,109
Leicestershire Police,Burglary,2026-07,340
Leicestershire Police,Criminal damage and arson,2026-07,774
Leicestershire Police,Drugs,2026-07,266
Leicestershire Police,Other crime,2026-07,207
Leicestershire Police,Other theft,2026-07,599
Leicestershire Police,Possession of weapons,2026-07,83
Leicestershire Police,Public order,2026-07,848
Leicestershire Police,Robbery,2026-07,81
Leicestershire Police,Shoplifting,2026-07,716
Leicestershire Police,Theft from the person,2026-07,74
Leicestershire Police,Vehicle crime,2026-07,445
Leicestershire Police,Violence and sexual offences,2026-07,3536
Lincolnshire Police,Anti-social behaviour,2026-07,1564
Lincolnshire Police,Bicycle theft,2026-07,59
Lincolnshire Police,Burglary,2026-07,198
Lincolnshire Police,Criminal damage and arson,2026-07,458
Lincolnshire Police,Drugs,2026-07,104
Lincolnshire Police,Other crime,2026-07,162
Lincolnshire Police,Other theft,2026-07,335
Lincolnshire Police,Possession of weapons,2026-07,43
Lincolnshire Police,Public order,2026-07,404
Lincolnshire Police,Robbery,2026-07,48
Lincolnshire Police,Shoplifting,2026-07,582
Lincolnshire Police,Theft from the person,2026-07,9
Lincolnshire Police,Vehicle crime,2026-07,184
Lincolnshire Police,Violence and sexual offences,2026-07,2255
Merseyside Police,Anti-social behaviour,2026-07,1443
Merseyside Police,Bicycle theft,2026-07,107
Merseyside Police,Burglary,2026-07,304
Merseyside Police,Criminal damage and arson,2026-07,1028
Merseyside Police,Drugs,2026-07,1055
Merseyside Police,Other crime,2026-07,327
Merseyside Police,Other theft,2026-07,699
Merseyside Police,Possession of weapons,2026-07,127
Merseyside Police,Public order,2026-07,1411
Merseyside Police,Robbery,2026-07,122
Merseyside Police,Shoplifting,2026-07,910
Merseyside Police,Theft from the person,2026-07,67
Merseyside Police,Vehicle crime,2026-07,384
Merseyside Police,Violence and sexual offences,2026-07,5072
Metropolitan Police Service,Anti-social behaviour,2026-07,23050
Metropolitan Police Service,Bicycle theft,2026-07,1308
Metropolitan Police Service,Burglary,2026-07,3784
Metropolitan Police Service,Criminal damage and arson,2026-07,4767
Metropolitan Police Service,Drugs,2026-07,4289
Metropolitan Police Service,Other crime,2026-07,1219
Metropolitan Police Service,Other theft,2026-07,7219
Metropolitan Police Service,Possession of weapons,2026-07,613
Metropolitan Police Service,Public order,2026-07,5398
Metropolitan Police Service,Robbery,2026-07,2692
Metropolitan Police Service,Shoplifting,2026-07,8173
Metropolitan Police Service,Theft from the person,2026-07,6270
Metropolitan Police Service,Vehicle crime,2026-07,6243
Metropolitan Police Service,Violence and sexual offences,2026-07,23452
Norfolk Constabulary,Anti-social behaviour,2026-07,848
Norfolk Constabulary,Bicycle theft,2026-07,75
Norfolk Constabulary,Burglary,2026-07,156
Norfolk Constabulary,Criminal damage and arson,2026-07,506
Norfolk Constabulary,Drugs,2026-07,158
Norfolk Constabulary,Other crime,2026-07,163
Norfolk Constabulary,Other theft,2026-07,363
Norfolk Constabulary,Possession of weapons,2026-07,80
Norfolk Constabulary,Public order,2026-07,435
Norfolk Constabulary,Robbery,2026-07,38
Norfolk Constabulary,Shoplifting,2026-07,512
Norfolk Constabulary,Theft from the person,2026-07,35
Norfolk Constabulary,Vehicle crime,2026-07,129
Norfolk Constabulary,Violence and sexual offences,2026-07,2563
North Wales Police,Anti-social behaviour,2026-07,1241
North Wales Police,Bicycle theft,2026-07,33
North Wales Police,Burglary,2026-07,141
North Wales Police,Criminal damage and arson,2026-07,447
North Wales Police,Drugs,2026-07,140
North Wales Police,Other crime,2026-07,104
North Wales Police,Other theft,2026-07,319
North Wales Police,Possession of weapons,2026-07,48
North Wales Police,Public order,2026-07,420
North Wales Police,Robbery,2026-07,18
North Wales Police,Shoplifting,2026-07,452
North Wales Police,Theft from the person,2026-07,11
North Wales Police,Vehicle crime,2026-07,111
North Wales Police,Violence and sexual offences,2026-07,2263
North Yorkshire Police,Anti-social behaviour,2026-07,1403
North Yorkshire Police,Bicycle theft,2026-07,68
North Yorkshire Police,Burglary,2026-07,171
North Yorkshire Police,Criminal damage and arson,2026-07,410
North Yorkshire Police,Drugs,2026-07,139
North Yorkshire Police,Other crime,2026-07,91
North Yorkshire Police,Other theft,2026-07,292
North Yorkshire Police,Possession of weapons,2026-07,50
North Yorkshire Police,Public order,2026-07,338
North Yorkshire Police,Robbery,2026-07,34
North Yorkshire Police,Shoplifting,2026-07,438
North Yorkshire Police,Theft from the person,2026-07,15
North Yorkshire Police,Vehicle crime,2026-07,138
North Yorkshire Police,Violence and sexual offences,2026-07,2024
Northamptonshire Police,Anti-social behaviour,2026-07,1546
Northamptonshire Police,Bicycle theft,2026-07,39
Northamptonshire Police,Burglary,2026-07,211
Northamptonshire Police,Criminal damage and arson,2026-07,395
Northamptonshire Police,Drugs,2026-07,210
Northamptonshire Police,Other crime,2026-07,123
Northamptonshire Police,Other theft,2026-07,376
Northamptonshire Police,Possession of weapons,2026-07,96
Northamptonshire Police,Public order,2026-07,414
Northamptonshire Police,Robbery,2026-07,104
Northamptonshire Police,Shoplifting,2026-07,506
Northamptonshire Police,Theft from the person,2026-07,22
Northamptonshire Police,Vehicle crime,2026-07,324
Northamptonshire Police,Violence and sexual offences,2026-07,2340
Northumbria Police,Anti-social behaviour,2026-07,2907
Northumbria Police,Bicycle theft,2026-07,101
Northumbria Police,Burglary,2026-07,486
Northumbria Police,Criminal damage and arson,2026-07,1262
Northumbria Police,Drugs,2026-07,391
Northumbria Police,Other crime,2026-07,340
Northumbria Police,Other theft,2026-07,843
Northumbria Police,Possession of weapons,2026-07,140
Northumbria Police,Public order,2026-07,1221
Northumbria Police,Robbery,2026-07,106
Northumbria Police,Shoplifting,2026-07,1564
Northumbria Police,Theft from the person,2026-07,84
Northumbria Police,Vehicle crime,2026-07,407
Northumbria Police,Violence and sexual offences,2026-07,5049
Nottinghamshire Police,Anti-social behaviour,2026-07,1886
Nottinghamshire Police,Bicycle theft,2026-07,119
Nottinghamshire Police,Burglary,2026-07,331
Nottinghamshire Police,Criminal damage and arson,2026-07,835
Nottinghamshire Police,Drugs,2026-07,334
Nottinghamshire Police,Other crime,2026-07,392
Nottinghamshire Police,Other theft,2026-07,655
Nottinghamshire Police,Possession of weapons,2026-07,157
Nottinghamshire Police,Public order,2026-07,717
Nottinghamshire Police,Robbery,2026-07,170
Nottinghamshire Police,Shoplifting,2026-07,1225
Nottinghamshire Police,Theft from the person,2026-07,89
Nottinghamshire Police,Vehicle crime,2026-07,460
Nottinghamshire Police,Violence and sexual offences,2026-07,3563
South Wales Police,Anti-social behaviour,2026-07,1619
South Wales Police,Bicycle theft,2026-07,99
South Wales Police,Burglary,2026-07,269
South Wales Police,Criminal damage and arson,2026-07,840
South Wales Police,Drugs,2026-07,333
South Wales Police,Other crime,2026-07,298
South Wales Police,Other theft,2026-07,599
South Wales Police,Possession of weapons,2026-07,108
South Wales Police,Public order,2026-07,1328
South Wales Police,Robbery,2026-07,97
South Wales Police,Shoplifting,2026-07,938
South Wales Police,Theft from the person,2026-07,65
South Wales Police,Vehicle crime,2026-07,497
South Wales Police,Violence and sexual offences,2026-07,4286
South Yorkshire Police,Anti-social behaviour,2026-07,2607
South Yorkshire Police,Bicycle theft,2026-07,87
South Yorkshire Police,Burglary,2026-07,629
South Yorkshire Police,Criminal damage and arson,2026-07,1137
South Yorkshire Police,Drugs,2026-07,446
South Yorkshire Police,Other crime,2026-07,465
South Yorkshire Police,Other theft,2026-07,787
South Yorkshire Police,Possession of weapons,2026-07,197
South Yorkshire Police,Public order,2026-07,1181
South Yorkshire Police,Robbery,2026-07,188
South Yorkshire Police,Shoplifting,2026-07,1204
South Yorkshire Police,Theft from the person,2026-07,87
South Yorkshire Police,Vehicle crime,2026-07,854
South Yorkshire Police,Violence and sexual offences,2026-07,5120
Staffordshire Police,Anti-social behaviour,2026-07,1672
Staffordshire Police,Bicycle theft,2026-07,73
Staffordshire Police,Burglary,2026-07,321
Staffordshire Police,Criminal damage and arson,2026-07,639
Staffordshire Police,Drugs,2026-07,264
Staffordshire Police,Other crime,2026-07,211
Staffordshire Police,Other theft,2026-07,538
Staffordshire Police,Possession of weapons,2026-07,110
Staffordshire Police,Public order,2026-07,806
Staffordshire Police,Robbery,2026-07,105
Staffordshire Police,Shoplifting,2026-07,603
Staffordshire Police,Theft from the person,2026-07,24
Staffordshire Police,Vehicle crime,2026-07,433
Staffordshire Police,Violence and sexual offences,2026-07,3797
Suffolk Constabulary,Anti-social behaviour,2026-07,388
Suffolk Constabulary,Bicycle theft,2026-07,40
Suffolk Constabulary,Burglary,2026-07,160
Suffolk Constabulary,Criminal damage and arson,2026-07,380
Suffolk Constabulary,Drugs,2026-07,112
Suffolk Constabulary,Other crime,2026-07,128
Suffolk Constabulary,Other theft,2026-07,307
Suffolk Constabulary,Possession of weapons,2026-07,64
Suffolk Constabulary,Public order,2026-07,303
Suffolk Constabulary,Robbery,2026-07,27
Suffolk Constabulary,Shoplifting,2026-07,367
Suffolk Constabulary,Theft from the person,2026-07,25
Suffolk Constabulary,Vehicle crime,2026-07,180
Suffolk Constabulary,Violence and sexual offences,2026-07,1929
Surrey Police,Anti-social behaviour,2026-07,1348
Surrey Police,Bicycle theft,2026-07,62
Surrey Police,Burglary,2026-07,266
Surrey Police,Criminal damage and arson,2026-07,580
Surrey Police,Drugs,2026-07,265
Surrey Police,Other crime,2026-07,214
Surrey Police,Other theft,2026-07,552
Surrey Police,Possession of weapons,2026-07,85
Surrey Police,Public order,2026-07,781
Surrey Police,Robbery,2026-07,58
Surrey Police,Shoplifting,2026-07,544
Surrey Police,Theft from the person,2026-07,45
Surrey Police,Vehicle crime,2026-07,353
Surrey Police,Violence and sexual offences,2026-07,2787
Sussex Police,Anti-social behaviour,2026-07,3325
Sussex Police,Bicycle theft,2026-07,134
Sussex Police,Burglary,2026-07,381
Sussex Police,Criminal damage and arson,2026-07,1069
Sussex Police,Drugs,2026-07,455
Sussex Police,Other crime,2026-07,343
Sussex Police,Other theft,2026-07,900
Sussex Police,Possession of weapons,2026-07,247
Sussex Police,Public order,2026-07,1328
Sussex Police,Robbery,2026-07,158
Sussex Police,Shoplifting,2026-07,1735
Sussex Police,Theft from the person,2026-07,89
Sussex Police,Vehicle crime,2026-07,441
Sussex Police,Violence and sexual offences,2026-07,5074
Thames Valley Police,Anti-social behaviour,2026-07,2207
Thames Valley Police,Bicycle theft,2026-07,284
Thames Valley Police,Burglary,2026-07,544
Thames Valley Police,Criminal damage and arson,2026-07,1283
Thames Valley Police,Drugs,2026-07,560
Thames Valley Police,Other crime,2026-07,389
Thames Valley Police,Other theft,2026-07,1392
Thames Valley Police,Possession of weapons,2026-07,124
Thames Valley Police,Public order,2026-07,1505
Thames Valley Police,Robbery,2026-07,192
Thames Valley Police,Shoplifting,2026-07,1634
Thames Valley Police,Theft from the person,2026-07,144
Thames Valley Police,Vehicle crime,2026-07,964
Thames Valley Police,Violence and sexual offences,2026-07,7192
Warwickshire Police,Anti-social behaviour,2026-07,1126
Warwickshire Police,Bicycle theft,2026-07,33
Warwickshire Police,Burglary,2026-07,186
Warwickshire Police,Criminal damage and arson,2026-07,314
Warwickshire Police,Drugs,2026-07,93
Warwickshire Police,Other crime,2026-07,108
Warwickshire Police,Other theft,2026-07,250
Warwickshire Police,Possession of weapons,2026-07,54
Warwickshire Police,Public order,2026-07,325
Warwickshire Police,Robbery,2026-07,48
Warwickshire Police,Shoplifting,2026-07,327
Warwickshire Police,Theft from the person,2026-07,21
Warwickshire Police,Vehicle crime,2026-07,275
Warwickshire Police,Violence and sexual offences,2026-07,1608
West Mercia Police,Anti-social behaviour,2026-07,1601
West Mercia Police,Bicycle theft,2026-07,67
West Mercia Police,Burglary,2026-07,310
West Mercia Police,Criminal damage and arson,2026-07,668
West Mercia Police,Drugs,2026-07,208
West Mercia Police,Other crime,2026-07,216
West Mercia Police,Other theft,2026-07,542
West Mercia Police,Possession of weapons,2026-07,107
West Mercia Police,Public order,2026-07,606
West Mercia Police,Robbery,2026-07,86
West Mercia Police,Shoplifting,2026-07,759
West Mercia Police,Theft from the person,2026-07,32
West Mercia Police,Vehicle crime,2026-07,254
West Mercia Police,Violence and sexual offences,2026-07,3759
West Midlands Police,Anti-social behaviour,2026-07,1469
West Midlands Police,Bicycle theft,2026-07,157
West Midlands Police,Burglary,2026-07,1055
West Midlands Police,Criminal damage and arson,2026-07,2105
West Midlands Police,Drugs,2026-07,757
West Midlands Police,Other crime,2026-07,520
West Midlands Police,Other theft,2026-07,1620
West Midlands Police,Possession of weapons,2026-07,588
West Midlands Police,Public order,2026-07,1751
West Midlands Police,Robbery,2026-07,514
West Midlands Police,Shoplifting,2026-07,2695
West Midlands Police,Theft from the person,2026-07,212
West Midlands Police,Vehicle crime,2026-07,2220
West Midlands Police,Violence and sexual offences,2026-07,11807
West Yorkshire Police,Anti-social behaviour,2026-07,2812
West Yorkshire Police,Bicycle theft,2026-07,149
West Yorkshire Police,Burglary,2026-07,1120
West Yorkshire Police,Criminal damage and arson,2026-07,1820
West Yorkshire Police,Drugs,2026-07,933
West Yorkshire Police,Other crime,2026-07,838
West Yorkshire Police,Other theft,2026-07,1710
West Yorkshire Police,Possession of weapons,2026-07,234
West Yorkshire Police,Public order,2026-07,2286
West Yorkshire Police,Robbery,2026-07,333
West Yorkshire Police,Shoplifting,2026-07,1736
West Yorkshire Police,Theft from the person,2026-07,187
West Yorkshire Police,Vehicle crime,2026-07,1309
West Yorkshire Police,Violence and sexual offences,2026-07,11324
Wiltshire Police,Anti-social behaviour,2026-07,972
Wiltshire Police,Bicycle theft,2026-07,50
Wiltshire Police,Burglary,2026-07,140
Wiltshire Police,Criminal damage and arson,2026-07,377
Wiltshire Police,Drugs,2026-07,115
Wiltshire Police,Other crime,2026-07,117
Wiltshire Police,Other theft,2026-07,245
Wiltshire Police,Possession of weapons,2026-07,46
Wiltshire Police,Public order,2026-07,385
Wiltshire Police,Robbery,2026-07,22
Wiltshire Police,Shoplifting,2026-07,331
Wiltshire Police,Theft from the person,2026-07,27
Wiltshire Police,Vehicle crime,2026-07,170
Wiltshire Police,Violence and sexual offences,2026-07,1856
Avon and Somerset Constabulary,Anti-social behaviour,2026-08,2698
Avon and Somerset Constabulary,Bicycle theft,2026-08,156
Avon and Somerset Constabulary,Burglary,2026-08,637
Avon and Somerset Constabulary,Criminal damage and arson,2026-08,1234
Avon and Somerset Constabulary,Drugs,2026-08,309
Avon and Somerset Constabulary,Other crime,2026-08,350
Avon and Somerset Constabulary,Other theft,2026-08,1381
Avon and Somerset Constabulary,Possession of weapons,2026-08,119
Avon and Somerset Constabulary,Public order,2026-08,2031
Avon and Somerset Constabulary,Robbery,2026-08,270
Avon and Somerset Constabulary,Shoplifting,2026-08,1549
Avon and Somerset Constabulary,Theft from the person,2026-08,55
Avon and Somerset Constabulary,Vehicle crime,2026-08,748
Avon and Somerset Constabulary,Violence and sexual offences,2026-08,6650
Bedfordshire Police,Anti-social behaviour,2026-08,923
Bedfordshire Police,Bicycle theft,2026-08,53
Bedfordshire Police,Burglary,2026-08,178
Bedfordshire Police,Criminal damage and arson,2026-08,380
Bedfordshire Police,Drugs,2026-08,214
Bedfordshire Police,Other crime,2026-08,123
Bedfordshire Police,Other theft,2026-08,351
Bedfordshire Police,Possession of weapons,2026-08,74
Bedfordshire Police,Public order,2026-08,382
Bedfordshire Police,Robbery,2026-08,70
Bedfordshire Police,Shoplifting,2026-08,435
Bedfordshire Police,Theft from the person,2026-08,37
Bedfordshire Police,Vehicle crime,2026-08,338
Bedfordshire Police,Violence and sexual offences,2026-08,1899
Cambridgeshire Constabulary,Anti-social behaviour,2026-08,1311
Cambridgeshire Constabulary,Bicycle theft,2026-08,136
Cambridgeshire Constabulary,Burglary,2026-08,281
Cambridgeshire Constabulary,Criminal damage and arson,2026-08,546
Cambridgeshire Constabulary,Drugs,2026-08,242
Cambridgeshire Constabulary,Other crime,2026-08,216
Cambridgeshire Constabulary,Other theft,2026-08,452
Cambridgeshire Constabulary,Possession of weapons,2026-08,107
Cambridgeshire Constabulary,Public order,2026-08,451
Cambridgeshire Constabulary,Robbery,2026-08,54
Cambridgeshire Constabulary,Shoplifting,2026-08,611
Cambridgeshire Constabulary,Theft from the person,2026-08,68
Cambridgeshire Constabulary,Vehicle crime,2026-08,328
Cambridgeshire Constabulary,Violence and sexual offences,2026-08,2567
Cheshire Constabulary,Anti-social behaviour,2026-08,720
Cheshire Constabulary,Bicycle theft,2026-08,62
Cheshire Constabulary,Burglary,2026-08,190
Cheshire Constabulary,Criminal damage and arson,2026-08,453
Cheshire Constabulary,Drugs,2026-08,320
Cheshire Constabulary,Other crime,2026-08,171
Cheshire Constabulary,Other theft,2026-08,436
Cheshire Constabulary,Possession of weapons,2026-08,79
Cheshire Constabulary,Public order,2026-08,772
Cheshire Constabulary,Robbery,2026-08,42
Cheshire Constabulary,Shoplifting,2026-08,451
Cheshire Constabulary,Theft from the person,2026-08,28
Cheshire Constabulary,Vehicle crime,2026-08,186
Cheshire Constabulary,Violence and sexual offences,2026-08,3236
City of London Police,Anti-social behaviour,2026-08,15
City of London Police,Bicycle theft,2026-08,28
City of London Police,Burglary,2026-08,37
City of London Police,Criminal damage and arson,2026-08,26
City of London Police,Drugs,2026-08,56
City of London Police,Other crime,2026-08,8
City of London Police,Other theft,2026-08,157
City of London Police,Possession of weapons,2026-08,4
City of London Police,Public order,2026-08,59
City of London Police,Robbery,2026-08,19
City of London Police,Shoplifting,2026-08,122
City of London Police,Theft from the person,2026-08,100
City of London Police,Vehicle crime,2026-08,14
City of London Police,Violence and sexual offences,2026-08,143
Cleveland Police,Anti-social behaviour,2026-08,1656
Cleveland Police,Bicycle theft,2026-08,45
Cleveland Police,Burglary,2026-08,314
Cleveland Police,Criminal damage and arson,2026-08,772
Cleveland Police,Drugs,2026-08,259
Cleveland Police,Other crime,2026-08,249
Cleveland Police,Other theft,2026-08,390
Cleveland Police,Possession of weapons,2026-08,80
Cleveland Police,Public order,2026-08,607
Cleveland Police,Robbery,2026-08,122
Cleveland Police,Shoplifting,2026-08,829
Cleveland Police,Theft from the person,2026-08,26
Cleveland Police,Vehicle crime,2026-08,314
Cleveland Police,Violence and sexual offences,2026-08,2607
Cumbria Constabulary,Anti-social behaviour,2026-08,210
Cumbria Constabulary,Bicycle theft,2026-08,23
Cumbria Constabulary,Burglary,2026-08,95
Cumbria Constabulary,Criminal damage and arson,2026-08,324
Cumbria Constabulary,Drugs,2026-08,150
Cumbria Constabulary,Other crime,2026-08,100
Cumbria Constabulary,Other theft,2026-08,211
Cumbria Constabulary,Possession of weapons,2026-08,49
Cumbria Constabulary,Public order,2026-08,370
Cumbria Constabulary,Robbery,2026-08,17
Cumbria Constabulary,Shoplifting,2026-08,212
Cumbria Constabulary,Theft from the person,2026-08,17
Cumbria Constabulary,Vehicle crime,2026-08,77
Cumbria Constabulary,Violence and sexual offences,2026-08,1579
Derbyshire Constabulary,Anti-social behaviour,2026-08,1357
Derbyshire Constabulary,Bicycle theft,2026-08,39
Derbyshire Constabulary,Burglary,2026-08,264
Derbyshire Constabulary,Criminal damage and arson,2026-08,601
Derbyshire Constabulary,Drugs,2026-08,316
Derbyshire Constabulary,Other crime,2026-08,175
Derbyshire Constabulary,Other theft,2026-08,516
Derbyshire Constabulary,Possession of weapons,2026-08,109
Derbyshire Constabulary,Public order,2026-08,798
Derbyshire Constabulary,Robbery,2026-08,74
Derbyshire Constabulary,Shoplifting,2026-08,637
Derbyshire Constabulary,Theft from the person,2026-08,57
Derbyshire Constabulary,Vehicle crime,2026-08,295
Derbyshire Constabulary,Violence and sexual offences,2026-08,3667
Devon & Cornwall Police,Anti-social behaviour,2026-08,1749
Devon & Cornwall Police,Bicycle theft,2026-08,78
Devon & Cornwall Police,Burglary,2026-08,316
Devon & Cornwall Police,Criminal damage and arson,2026-08,1183
Devon & Cornwall Police,Drugs,2026-08,339
Devon & Cornwall Police,Other crime,2026-08,298
Devon & Cornwall Police,Other theft,2026-08,933
Devon & Cornwall Police,Possession of weapons,2026-08,167
Devon & Cornwall Police,Public order,2026-08,864
Devon & Cornwall Police,Robbery,2026-08,79
Devon & Cornwall Police,Shoplifting,2026-08,885
Devon & Cornwall Police,Theft from the person,2026-08,84
Devon & Cornwall Police,Vehicle crime,2026-08,323
Devon & Cornwall Police,Violence and sexual offences,2026-08,5393
Dorset Police,Anti-social behaviour,2026-08,1346
Dorset Police,Bicycle theft,2026-08,53
Dorset Police,Burglary,2026-08,185
Dorset Police,Criminal damage and arson,2026-08,367
Dorset Police,Drugs,2026-08,94
Dorset Police,Other crime,2026-08,50
Dorset Police,Other theft,2026-08,328
Dorset Police,Possession of weapons,2026-08,32
Dorset Police,Public order,2026-08,286
Dorset Police,Robbery,2026-08,36
Dorset Police,Shoplifting,2026-08,391
Dorset Police,Theft from the person,2026-08,26
Dorset Police,Vehicle crime,2026-08,266
Dorset Police,Violence and sexual offences,2026-08,1780
Durham Constabulary,Anti-social behaviour,2026-08,1370
Durham Constabulary,Bicycle theft,2026-08,22
Durham Constabulary,Burglary,2026-08,221
Durham Constabulary,Criminal damage and arson,2026-08,755
Durham Constabulary,Drugs,2026-08,118
Durham Constabulary,Other crime,2026-08,187
Durham Constabulary,Other theft,2026-08,309
Durham Constabulary,Possession of weapons,2026-08,53
Durham Constabulary,Public order,2026-08,433
Durham Constabulary,Robbery,2026-08,35
Durham Constabulary,Shoplifting,2026-08,620
Durham Constabulary,Theft from the person,2026-08,22
Durham Constabulary,Vehicle crime,2026-08,205
Durham Constabulary,Violence and sexual offences,2026-08,2175
Dyfed-Powys Police,Anti-social behaviour,2026-08,351
Dyfed-Powys Police,Bicycle theft,2026-08,17
Dyfed-Powys Police,Burglary,2026-08,118
Dyfed-Powys Police,Criminal damage and arson,2026-08,329
Dyfed-Powys Police,Drugs,2026-08,136
Dyfed-Powys Police,Other crime,2026-08,102
Dyfed-Powys Police,Other theft,2026-08,214
Dyfed-Powys Police,Possession of weapons,2026-08,47
Dyfed-Powys Police,Public order,2026-08,298
Dyfed-Powys Police,Robbery,2026-08,10
Dyfed-Powys Police,Shoplifting,2026-08,159
Dyfed-Powys Police,Theft from the person,2026-08,18
Dyfed-Powys Police,Vehicle crime,2026-08,81
Dyfed-Powys Police,Violence and sexual offences,2026-08,1544
Essex Police,Anti-social behaviour,2026-08,1437
Essex Police,Bicycle theft,2026-08,116
Essex Police,Burglary,2026-08,430
Essex Police,Criminal damage and arson,2026-08,1047
Essex Police,Drugs,2026-08,570
Essex Police,Other crime,2026-08,294
Essex Police,Other theft,2026-08,877
Essex Police,Possession of weapons,2026-08,149
Essex Police,Public order,2026-08,941
Essex Police,Robbery,2026-08,122
Essex Police,Shoplifting,2026-08,1253
Essex Police,Theft from the person,2026-08,86
Essex Police,Vehicle crime,2026-08,785
Essex Police,Violence and sexual offences,2026-08,5779
Gloucestershire Constabulary,Anti-social behaviour,2026-08,1086
Gloucestershire Constabulary,Bicycle theft,2026-08,61
Gloucestershire Constabulary,Burglary,2026-08,183
Gloucestershire Constabulary,Criminal damage and arson,2026-08,316
Gloucestershire Constabulary,Drugs,2026-08,101
Gloucestershire Constabulary,Other crime,2026-08,120
Gloucestershire Constabulary,Other theft,2026-08,324
Gloucestershire Constabulary,Possession of weapons,2026-08,47
Gloucestershire Constabulary,Public order,2026-08,344
Gloucestershire Constabulary,Robbery,2026-08,39
Gloucestershire Constabulary,Shoplifting,2026-08,368
Gloucestershire Constabulary,Theft from the person,2026-08,21
Gloucestershire Constabulary,Vehicle crime,2026-08,207
Gloucestershire Constabulary,Violence and sexual offences,2026-08,1920
Gwent Police,Anti-social behaviour,2026-08,1141
Gwent Police,Bicycle theft,2026-08,24
Gwent Police,Burglary,2026-08,168
Gwent Police,Criminal damage and arson,2026-08,627
Gwent Police,Drugs,2026-08,142
Gwent Police,Other crime,2026-08,172
Gwent Police,Other theft,2026-08,340
Gwent Police,Possession of weapons,2026-08,60
Gwent Police,Public order,2026-08,706
Gwent Police,Robbery,2026-08,33
Gwent Police,Shoplifting,2026-08,430
Gwent Police,Theft from the person,2026-08,21
Gwent Police,Vehicle crime,2026-08,198
Gwent Police,Violence and sexual offences,2026-08,2157
Hampshire Constabulary,Anti-social behaviour,2026-08,1709
Hampshire Constabulary,Bicycle theft,2026-08,126
Hampshire Constabulary,Burglary,2026-08,405
Hampshire Constabulary,Criminal damage and arson,2026-08,912
Hampshire Constabulary,Drugs,2026-08,394
Hampshire Constabulary,Other crime,2026-08,272
Hampshire Constabulary,Other theft,2026-08,808
Hampshire Constabulary,Possession of weapons,2026-08,228
Hampshire Constabulary,Public order,2026-08,1184
Hampshire Constabulary,Robbery,2026-08,127
Hampshire Constabulary,Shoplifting,2026-08,1235
Hampshire Constabulary,Theft from the person,2026-08,72
Hampshire Constabulary,Vehicle crime,2026-08,531
Hampshire Constabulary,Violence and sexual offences,2026-08,6672
Hertfordshire Constabulary,Anti-social behaviour,2026-08,2003
Hertfordshire Constabulary,Bicycle theft,2026-08,94
Hertfordshire Constabulary,Burglary,2026-08,313
Hertfordshire Constabulary,Criminal damage and arson,2026-08,599
Hertfordshire Constabulary,Drugs,2026-08,299
Hertfordshire Constabulary,Other crime,2026-08,176
Hertfordshire Constabulary,Other theft,2026-08,745
Hertfordshire Constabulary,Possession of weapons,2026-08,89
Hertfordshire Constabulary,Public order,2026-08,510
Hertfordshire Constabulary,Robbery,2026-08,91
Hertfordshire Constabulary,Shoplifting,2026-08,758
Hertfordshire Constabulary,Theft from the person,2026-08,92
Hertfordshire Constabulary,Vehicle crime,2026-08,508
Hertfordshire Constabulary,Violence and sexual offences,2026-08,3230
Humberside Police,Anti-social behaviour,2026-08,758
Humberside Police,Bicycle theft,2026-08,119
Humberside Police,Burglary,2026-08,355
Humberside Police,Criminal damage and arson,2026-08,755
Humberside Police,Drugs,2026-08,206
Humberside Police,Other crime,2026-08,254
Humberside Police,Other theft,2026-08,558
Humberside Police,Possession of weapons,2026-08,90
Humberside Police,Public order,2026-08,802
Humberside Police,Robbery,2026-08,83
Humberside Police,Shoplifting,2026-08,760
Humberside Police,Theft from the person,2026-08,29
Humberside Police,Vehicle crime,2026-08,312
Humberside Police,Violence and sexual offences,2026-08,3386
Kent Police,Anti-social behaviour,2026-08,3370
Kent Police,Bicycle theft,2026-08,102
Kent Police,Burglary,2026-08,375
Kent Police,Criminal damage and arson,2026-08,1413
Kent Police,Drugs,2026-08,571
Kent Police,Other crime,2026-08,436
Kent Police,Other theft,2026-08,1032
Kent Police,Possession of weapons,2026-08,184
Kent Police,Public order,2026-08,688
Kent Police,Robbery,2026-08,126
Kent Police,Shoplifting,2026-08,1393
Kent Police,Theft from the person,2026-08,74
Kent Police,Vehicle crime,2026-08,623
Kent Police,Violence and sexual offences,2026-08,5832
Lancashire Constabulary,Anti-social behaviour,2026-08,2905
Lancashire Constabulary,Bicycle theft,2026-08,93
Lancashire Constabulary,Burglary,2026-08,465
Lancashire Constabulary,Criminal damage and arson,2026-08,1081
Lancashire Constabulary,Drugs,2026-08,351
Lancashire Constabulary,Other crime,2026-08,389
Lancashire Constabulary,Other theft,2026-08,829
Lancashire Constabulary,Possession of weapons,2026-08,166
Lancashire Constabulary,Public order,2026-08,820
Lancashire Constabulary,Robbery,2026-08,110
Lancashire Constabulary,Shoplifting,2026-08,828
Lancashire Constabulary,Theft from the person,2026-08,62
Lancashire Constabulary,Vehicle crime,2026-08,543
Lancashire Constabulary,Violence and sexual offences,2026-08,5283
Leicestershire Police,Anti-social behaviour,2026-08,1347
Leicestershire Police,Bicycle theft,2026-08,110
Leicestershire Police,Burglary,2026-08,342
Leicestershire Police,Criminal damage and arson,2026-08,770
Leicestershire Police,Drugs,2026-08,264
Leicestershire Police,Other crime,2026-08,201
Leicestershire Police,Other theft,2026-08,587
Leicestershire Police,Possession of weapons,2026-08,81
Leicestershire Police,Public order,2026-08,811
Leicestershire Police,Robbery,2026-08,81
Leicestershire Police,Shoplifting,2026-08,718
Leicestershire Police,Theft from the person,2026-08,75
Leicestershire Police,Vehicle crime,2026-08,459
Leicestershire Police,Violence and sexual offences,2026-08,3370
Lincolnshire Police,Anti-social behaviour,2026-08,1515
Lincolnshire Police,Bicycle theft,2026-08,59
Lincolnshire Police,Burglary,2026-08,204
Lincolnshire Police,Criminal damage and arson,2026-08,457
Lincolnshire Police,Drugs,2026-08,103
Lincolnshire Police,Other crime,2026-08,156
Lincolnshire Police,Other theft,2026-08,329
Lincolnshire Police,Possession of weapons,2026-08,42
Lincolnshire Police,Public order,2026-08,388
Lincolnshire Police,Robbery,2026-08,48
Lincolnshire Police,Shoplifting,2026-08,580
Lincolnshire Police,Theft from the person,2026-08,10
Lincolnshire Police,Vehicle crime,2026-08,181
Lincolnshire Police,Violence and sexual offences,2026-08,2152
Merseyside Police,Anti-social behaviour,2026-08,1352
Merseyside Police,Bicycle theft,2026-08,107
Merseyside Police,Burglary,2026-08,309
Merseyside Police,Criminal damage and arson,2026-08,1025
Merseyside Police,Drugs,2026-08,1047
Merseyside Police,Other crime,2026-08,316
Merseyside Police,Other theft,2026-08,692
Merseyside Police,Possession of weapons,2026-08,126
Merseyside Police,Public order,2026-08,1329
Merseyside Police,Robbery,2026-08,124
Merseyside Police,Shoplifting,2026-08,909
Merseyside Police,Theft from the person,2026-08,69
Merseyside Police,Vehicle crime,2026-08,397
Merseyside Police,Violence and sexual offences,2026-08,4944
Metropolitan Police Service,Anti-social behaviour,2026-08,20921
Metropolitan Police Service,Bicycle theft,2026-08,1273
Metropolitan Police Service,Burglary,2026-08,3633
Metropolitan Police Service,Criminal damage and arson,2026-08,4619
Metropolitan Police Service,Drugs,2026-08,4198
Metropolitan Police Service,Other crime,2026-08,1195
Metropolitan Police Service,Other theft,2026-08,6920
Metropolitan Police Service,Possession of weapons,2026-08,600
Metropolitan Police Service,Public order,2026-08,5291
Metropolitan Police Service,Robbery,2026-08,2655
Metropolitan Police Service,Shoplifting,2026-08,8140
Metropolitan Police Service,Theft from the person,2026-08,6051
Metropolitan Police Service,Vehicle crime,2026-08,6043
Metropolitan Police Service,Violence and sexual offences,2026-08,21398
Norfolk Constabulary,Anti-social behaviour,2026-08,817
Norfolk Constabulary,Bicycle theft,2026-08,79
Norfolk Constabulary,Burglary,2026-08,159
Norfolk Constabulary,Criminal damage and arson,2026-08,502
Norfolk Constabulary,Drugs,2026-08,154
Norfolk Constabulary,Other crime,2026-08,159
Norfolk Constabulary,Other theft,2026-08,355
Norfolk Constabulary,Possession of weapons,2026-08,80
Norfolk Constabulary,Public order,2026-08,419
Norfolk Constabulary,Robbery,2026-08,39
Norfolk Constabulary,Shoplifting,2026-08,515
Norfolk Constabulary,Theft from the person,2026-08,36
Norfolk Constabulary,Vehicle crime,2026-08,134
Norfolk Constabulary,Violence and sexual offences,2026-08,2443
North Wales Police,Anti-social behaviour,2026-08,1198
North Wales Police,Bicycle theft,2026-08,34
North Wales Police,Burglary,2026-08,139
North Wales Police,Criminal damage and arson,2026-08,449
North Wales Police,Drugs,2026-08,137
North Wales Police,Other crime,2026-08,101
North Wales Police,Other theft,2026-08,317
North Wales Police,Possession of weapons,2026-08,48
North Wales Police,Public order,2026-08,410
North Wales Police,Robbery,2026-08,18
North Wales Police,Shoplifting,2026-08,455
North Wales Police,Theft from the person,2026-08,11
North Wales Police,Vehicle crime,2026-08,114
North Wales Police,Violence and sexual offences,2026-08,2202
North Yorkshire Police,Anti-social behaviour,2026-08,1365
North Yorkshire Police,Bicycle theft,2026-08,70
North Yorkshire Police,Burglary,2026-08,175
North Yorkshire Police,Criminal damage and arson,2026-08,404
North Yorkshire Police,Drugs,2026-08,135
North Yorkshire Police,Other crime,2026-08,88
North Yorkshire Police,Other theft,2026-08,293
North Yorkshire Police,Possession of weapons,2026-08,48
North Yorkshire Police,Public order,2026-08,325
North Yorkshire Police,Robbery,2026-08,35
North Yorkshire Police,Shoplifting,2026-08,435
North Yorkshire Police,Theft from the person,2026-08,16
North Yorkshire Police,Vehicle crime,2026-08,139
North Yorkshire Police,Violence and sexual offences,2026-08,1910
Northamptonshire Police,Anti-social behaviour,2026-08,1462
Northamptonshire Police,Bicycle theft,2026-08,38
Northamptonshire Police,Burglary,2026-08,214
Northamptonshire Police,Criminal damage and arson,2026-08,388
Northamptonshire Police,Drugs,2026-08,204
Northamptonshire Police,Other crime,2026-08,117
Northamptonshire Police,Other theft,2026-08,364
Northamptonshire Police,Possession of weapons,2026-08,92
Northamptonshire Police,Public order,2026-08,391
Northamptonshire Police,Robbery,2026-08,102
Northamptonshire Police,Shoplifting,2026-08,504
Northamptonshire Police,Theft from the person,2026-08,21
Northamptonshire Police,Vehicle crime,2026-08,326
Northamptonshire Police,Violence and sexual offences,2026-08,2212
Northumbria Police,Anti-social behaviour,2026-08,2823
Northumbria Police,Bicycle theft,2026-08,100
Northumbria Police,Burglary,2026-08,504
Northumbria Police,Criminal damage and arson,2026-08,1273
Northumbria Police,Drugs,2026-08,385
Northumbria Police,Other crime,2026-08,343
Northumbria Police,Other theft,2026-08,844
Northumbria Police,Possession of weapons,2026-08,139
Northumbria Police,Public order,2026-08,1174
Northumbria Police,Robbery,2026-08,108
Northumbria Police,Shoplifting,2026-08,1586
Northumbria Police,Theft from the person,2026-08,84
Northumbria Police,Vehicle crime,2026-08,438
Northumbria Police,Violence and sexual offences,2026-08,4841
Nottinghamshire Police,Anti-social behaviour,2026-08,1791
Nottinghamshire Police,Bicycle theft,2026-08,117
Nottinghamshire Police,Burglary,2026-08,332
Nottinghamshire Police,Criminal damage and arson,2026-08,823
Nottinghamshire Police,Drugs,2026-08,327
Nottinghamshire Police,Other crime,2026-08,377
Nottinghamshire Police,Other theft,2026-08,640
Nottinghamshire Police,Possession of weapons,2026-08,152
Nottinghamshire Police,Public order,2026-08,680
Nottinghamshire Police,Robbery,2026-08,166
Nottinghamshire Police,Shoplifting,2026-08,1200
Nottinghamshire Police,Theft from the person,2026-08,88
Nottinghamshire Police,Vehicle crime,2026-08,463
Nottinghamshire Police,Violence and sexual offences,2026-08,3372
South Wales Police,Anti-social behaviour,2026-08,1544
South Wales Police,Bicycle theft,2026-08,100
South Wales Police,Burglary,2026-08,270
South Wales Police,Criminal damage and arson,2026-08,835
South Wales Police,Drugs,2026-08,329
South Wales Police,Other crime,2026-08,292
South Wales Police,Other theft,2026-08,588
South Wales Police,Possession of weapons,2026-08,108
South Wales Police,Public order,2026-08,1261
South Wales Police,Robbery,2026-08,97
South Wales Police,Shoplifting,2026-08,940
South Wales Police,Theft from the person,2026-08,64
South Wales Police,Vehicle crime,2026-08,508
South Wales Police,Violence and sexual offences,2026-08,4086
South Yorkshire Police,Anti-social behaviour,2026-08,2453
South Yorkshire Police,Bicycle theft,2026-08,91
South Yorkshire Police,Burglary,2026-08,634
South Yorkshire Police,Criminal damage and arson,2026-08,1136
South Yorkshire Police,Drugs,2026-08,438
South Yorkshire Police,Other crime,2026-08,447
South Yorkshire Police,Other theft,2026-08,773
South Yorkshire Police,Possession of weapons,2026-08,196
South Yorkshire Police,Public order,2026-08,1135
South Yorkshire Police,Robbery,2026-08,187
South Yorkshire Police,Shoplifting,2026-08,1209
South Yorkshire Police,Theft from the person,2026-08,86
South Yorkshire Police,Vehicle crime,2026-08,864
South Yorkshire Police,Violence and sexual offences,2026-08,4863
Staffordshire Police,Anti-social behaviour,2026-08,1568
Staffordshire Police,Bicycle theft,2026-08,74
Staffordshire Police,Burglary,2026-08,320
Staffordshire Police,Criminal damage and arson,2026-08,627
Staffordshire Police,Drugs,2026-08,261
Staffordshire Police,Other crime,2026-08,204
Staffordshire Police,Other theft,2026-08,524
Staffordshire Police,Possession of weapons,2026-08,106
Staffordshire Police,Public order,2026-08,769
Staffordshire Police,Robbery,2026-08,105
Staffordshire Police,Shoplifting,2026-08,595
Staffordshire Police,Theft from the person,2026-08,24
Staffordshire Police,Vehicle crime,2026-08,432
Staffordshire Police,Violence and sexual offences,2026-08,3503
Suffolk Constabulary,Anti-social behaviour,2026-08,370
Suffolk Constabulary,Bicycle theft,2026-08,38
Suffolk Constabulary,Burglary,2026-08,158
Suffolk Constabulary,Criminal damage and arson,2026-08,373
Suffolk Constabulary,Drugs,2026-08,111
Suffolk Constabulary,Other crime,2026-08,121
Suffolk Constabulary,Other theft,2026-08,298
Suffolk Constabulary,Possession of weapons,2026-08,62
Suffolk Constabulary,Public order,2026-08,292
Suffolk Constabulary,Robbery,2026-08,26
Suffolk Constabulary,Shoplifting,2026-08,367
Suffolk Constabulary,Theft from the person,2026-08,24
Suffolk Constabulary,Vehicle crime,2026-08,180
Suffolk Constabulary,Violence and sexual offences,2026-08,1799
Surrey Police,Anti-social behaviour,2026-08,1303
Surrey Police,Bicycle theft,2026-08,63
Surrey Police,Burglary,2026-08,268
Surrey Police,Criminal damage and arson,2026-08,577
Surrey Police,Drugs,2026-08,259
Surrey Police,Other crime,2026-08,206
Surrey Police,Other theft,2026-08,544
Surrey Police,Possession of weapons,2026-08,85
Surrey Police,Public order,2026-08,738
Surrey Police,Robbery,2026-08,58
Surrey Police,Shoplifting,2026-08,548
Surrey Police,Theft from the person,2026-08,44
Surrey Police,Vehicle crime,2026-08,357
Surrey Police,Violence and sexual offences,2026-08,2704
Sussex Police,Anti-social behaviour,2026-08,3046
Sussex Police,Bicycle theft,2026-08,133
Sussex Police,Burglary,2026-08,387
Sussex Police,Criminal damage and arson,2026-08,1051
Sussex Police,Drugs,2026-08,444
Sussex Police,Other crime,2026-08,327
Sussex Police,Other theft,2026-08,894
Sussex Police,Possession of weapons,2026-08,238
Sussex Police,Public order,2026-08,1260
Sussex Police,Robbery,2026-08,153
Sussex Police,Shoplifting,2026-08,1626
Sussex Police,Theft from the person,2026-08,91
Sussex Police,Vehicle crime,2026-08,443
Sussex Police,Violence and sexual offences,2026-08,4731
Thames Valley Police,Anti-social behaviour,2026-08,2027
Thames Valley Police,Bicycle theft,2026-08,293
Thames Valley Police,Burglary,2026-08,541
Thames Valley Police,Criminal damage and arson,2026-08,1272
Thames Valley Police,Drugs,2026-08,553
Thames Valley Police,Other crime,2026-08,368
Thames Valley Police,Other theft,2026-08,1369
Thames Valley Police,Possession of weapons,2026-08,119
Thames Valley Police,Public order,2026-08,1392
Thames Valley Police,Robbery,2026-08,192
Thames Valley Police,Shoplifting,2026-08,1585
Thames Valley Police,Theft from the person,2026-08,145
Thames Valley Police,Vehicle crime,2026-08,968
Thames Valley Police,Violence and sexual offences,2026-08,6617
Warwickshire Police,Anti-social behaviour,2026-08,1098
Warwickshire Police,Bicycle theft,2026-08,32
Warwickshire Police,Burglary,2026-08,190
Warwickshire Police,Criminal damage and arson,2026-08,312
Warwickshire Police,Drugs,2026-08,91
Warwickshire Police,Other crime,2026-08,105
Warwickshire Police,Other theft,2026-08,249
Warwickshire Police,Possession of weapons,2026-08,52
Warwickshire Police,Public order,2026-08,313
Warwickshire Police,Robbery,2026-08,47
Warwickshire Police,Shoplifting,2026-08,329
Warwickshire Police,Theft from the person,2026-08,21
Warwickshire Police,Vehicle crime,2026-08,283
Warwickshire Police,Violence and sexual offences,2026-08,1519
West Mercia Police,Anti-social behaviour,2026-08,1520
West Mercia Police,Bicycle theft,2026-08,69
West Mercia Police,Burglary,2026-08,315
West Mercia Police,Criminal damage and arson,2026-08,665
West Mercia Police,Drugs,2026-08,199
West Mercia Police,Other crime,2026-08,208
West Mercia Police,Other theft,2026-08,537
West Mercia Police,Possession of weapons,2026-08,104
West Mercia Police,Public order,2026-08,584
West Mercia Police,Robbery,2026-08,86
West Mercia Police,Shoplifting,2026-08,764
West Mercia Police,Theft from the person,2026-08,30
West Mercia Police,Vehicle crime,2026-08,261
West Mercia Police,Violence and sexual offences,2026-08,3519
West Midlands Police,Anti-social behaviour,2026-08,1420
West Midlands Police,Bicycle theft,2026-08,154
West Midlands Police,Burglary,2026-08,1071
West Midlands Police,Criminal damage and arson,2026-08,2002
West Midlands Police,Drugs,2026-08,751
West Midlands Police,Other crime,2026-08,500
West Midlands Police,Other theft,2026-08,1553
West Midlands Police,Possession of weapons,2026-08,577
West Midlands Police,Public order,2026-08,1627
West Midlands Police,Robbery,2026-08,508
West Midlands Police,Shoplifting,2026-08,2656
West Midlands Police,Theft from the person,2026-08,210
West Midlands Police,Vehicle crime,2026-08,2154
West Midlands Police,Violence and sexual offences,2026-08,10507
West Yorkshire Police,Anti-social behaviour,2026-08,2754
West Yorkshire Police,Bicycle theft,2026-08,149
West Yorkshire Police,Burglary,2026-08,1121
West Yorkshire Police,Criminal damage and arson,2026-08,1797
West Yorkshire Police,Drugs,2026-08,916
West Yorkshire Police,Other crime,2026-08,807
West Yorkshire Police,Other theft,2026-08,1647
West Yorkshire Police,Possession of weapons,2026-08,231
West Yorkshire Police,Public order,2026-08,2130
West Yorkshire Police,Robbery,2026-08,332
West Yorkshire Police,Shoplifting,2026-08,1674
West Yorkshire Police,Theft from the person,2026-08,190
West Yorkshire Police,Vehicle crime,2026-08,1341
West Yorkshire Police,Violence and sexual offences,2026-08,10415
Wiltshire Police,Anti-social behaviour,2026-08,931
Wiltshire Police,Bicycle theft,2026-08,48
Wiltshire Police,Burglary,2026-08,142
Wiltshire Police,Criminal damage and arson,2026-08,374
Wiltshire Police,Drugs,2026-08,113
Wiltshire Police,Other crime,2026-08,114
Wiltshire Police,Other theft,2026-08,236
Wiltshire Police,Possession of weapons,2026-08,45
Wiltshire Police,Public order,2026-08,367
Wiltshire Police,Robbery,2026-08,22
Wiltshire Police,Shoplifting,2026-08,328
Wiltshire Police,Theft from the person,2026-08,25
Wiltshire Police,Vehicle crime,2026-08,168
Wiltshire Police,Violence and sexual offences,2026-08,1708
Avon and Somerset Constabulary,Anti-social behaviour,2026-09,2386
Avon and Somerset Constabulary,Bicycle theft,2026-09,157
Avon and Somerset Constabulary,Burglary,2026-09,634
Avon and Somerset Constabulary,Criminal damage and arson,2026-09,1200
Avon and Somerset Constabulary,Drugs,2026-09,302
Avon and Somerset Constabulary,Other crime,2026-09,349
Avon and Somerset Constabulary,Other theft,2026-09,1302
Avon and Somerset Constabulary,Possession of weapons,2026-09,117
Avon and Somerset Constabulary,Public order,2026-09,1923
Avon and Somerset Constabulary,Robbery,2026-09,272
Avon and Somerset Constabulary,Shoplifting,2026-09,1489
Avon and Somerset Constabulary,Theft from the person,2026-09,55
Avon and Somerset Constabulary,Vehicle crime,2026-09,763
Avon and Somerset Constabulary,Violence and sexual offences,2026-09,6617
Bedfordshire Police,Anti-social behaviour,2026-09,801
Bedfordshire Police,Bicycle theft,2026-09,50
Bedfordshire Police,Burglary,2026-09,175
Bedfordshire Police,Criminal damage and arson,2026-09,366
Bedfordshire Police,Drugs,2026-09,206
Bedfordshire Police,Other crime,2026-09,122
Bedfordshire Police,Other theft,2026-09,338
Bedfordshire Police,Possession of weapons,2026-09,71
Bedfordshire Police,Public order,2026-09,367
Bedfordshire Police,Robbery,2026-09,69
Bedfordshire Police,Shoplifting,2026-09,422
Bedfordshire Police,Theft from the person,2026-09,37
Bedfordshire Police,Vehicle crime,2026-09,345
Bedfordshire Police,Violence and sexual offences,2026-09,1866
Cambridgeshire Constabulary,Anti-social behaviour,2026-09,1160
Cambridgeshire Constabulary,Bicycle theft,2026-09,137
Cambridgeshire Constabulary,Burglary,2026-09,283
Cambridgeshire Constabulary,Criminal damage and arson,2026-09,526
Cambridgeshire Constabulary,Drugs,2026-09,243
Cambridgeshire Constabulary,Other crime,2026-09,212
Cambridgeshire Constabulary,Other theft,2026-09,434
Cambridgeshire Constabulary,Possession of weapons,2026-09,104
Cambridgeshire Constabulary,Public order,2026-09,433
Cambridgeshire Constabulary,Robbery,2026-09,53
Cambridgeshire Constabulary,Shoplifting,2026-09,586
Cambridgeshire Constabulary,Theft from the person,2026-09,66
Cambridgeshire Constabulary,Vehicle crime,2026-09,334
Cambridgeshire Constabulary,Violence and sexual offences,2026-09,2475
Cheshire Constabulary,Anti-social behaviour,2026-09,630
Cheshire Constabulary,Bicycle theft,2026-09,60
Cheshire Constabulary,Burglary,2026-09,189
Cheshire Constabulary,Criminal damage and arson,2026-09,429
Cheshire Constabulary,Drugs,2026-09,304
Cheshire Constabulary,Other crime,2026-09,173
Cheshire Constabulary,Other theft,2026-09,410
Cheshire Constabulary,Possession of weapons,2026-09,73
Cheshire Constabulary,Public order,2026-09,726
Cheshire Constabulary,Robbery,2026-09,40
Cheshire Constabulary,Shoplifting,2026-09,437
Cheshire Constabulary,Theft from the person,2026-09,22
Cheshire Constabulary,Vehicle crime,2026-09,189
Cheshire Constabulary,Violence and sexual offences,2026-09,3159
City of London Police,Anti-social behaviour,2026-09,15
City of London Police,Bicycle theft,2026-09,27
City of London Police,Burglary,2026-09,37
City of London Police,Criminal damage and arson,2026-09,25
City of London Police,Drugs,2026-09,54
City of London Police,Other crime,2026-09,8
City of London Police,Other theft,2026-09,158
City of London Police,Possession of weapons,2026-09,4
City of London Police,Public order,2026-09,59
City of London Police,Robbery,2026-09,19
City of London Police,Shoplifting,2026-09,120
City of London Police,Theft from the person,2026-09,94
City of London Police,Vehicle crime,2026-09,14
City of London Police,Violence and sexual offences,2026-09,142
Cleveland Police,Anti-social behaviour,2026-09,1452
Cleveland Police,Bicycle theft,2026-09,43
Cleveland Police,Burglary,2026-09,311
Cleveland Police,Criminal damage and arson,2026-09,743
Cleveland Police,Drugs,2026-09,256
Cleveland Police,Other crime,2026-09,251
Cleveland Police,Other theft,2026-09,372
Cleveland Police,Possession of weapons,2026-09,78
Cleveland Police,Public order,2026-09,584
Cleveland Police,Robbery,2026-09,121
Cleveland Police,Shoplifting,2026-09,815
Cleveland Police,Theft from the person,2026-09,25
Cleveland Police,Vehicle crime,2026-09,315
Cleveland Police,Violence and sexual offences,2026-09,2566
Cumbria Constabulary,Anti-social behaviour,2026-09,195
Cumbria Constabulary,Bicycle theft,2026-09,22
Cumbria Constabulary,Burglary,2026-09,94
Cumbria Constabulary,Criminal damage and arson,2026-09,314
Cumbria Constabulary,Drugs,2026-09,143
Cumbria Constabulary,Other crime,2026-09,102
Cumbria Constabulary,Other theft,2026-09,205
Cumbria Constabulary,Possession of weapons,2026-09,46
Cumbria Constabulary,Public order,2026-09,346
Cumbria Constabulary,Robbery,2026-09,16
Cumbria Constabulary,Shoplifting,2026-09,210
Cumbria Constabulary,Theft from the person,2026-09,16
Cumbria Constabulary,Vehicle crime,2026-09,77
Cumbria Constabulary,Violence and sexual offences,2026-09,1533
Derbyshire Constabulary,Anti-social behaviour,2026-09,1169
Derbyshire Constabulary,Bicycle theft,2026-09,39
Derbyshire Constabulary,Burglary,2026-09,265
Derbyshire Constabulary,Criminal damage and arson,2026-09,562
Derbyshire Constabulary,Drugs,2026-09,298
Derbyshire Constabulary,Other crime,2026-09,178
Derbyshire Constabulary,Other theft,2026-09,486
Derbyshire Constabulary,Possession of weapons,2026-09,106
Derbyshire Constabulary,Public order,2026-09,746
Derbyshire Constabulary,Robbery,2026-09,73
Derbyshire Constabulary,Shoplifting,2026-09,625
Derbyshire Constabulary,Theft from the person,2026-09,54
Derbyshire Constabulary,Vehicle crime,2026-09,308
Derbyshire Constabulary,Violence and sexual offences,2026-09,3497
Devon & Cornwall Police,Anti-social behaviour,2026-09,1528
Devon & Cornwall Police,Bicycle theft,2026-09,78
Devon & Cornwall Police,Burglary,2026-09,307
Devon & Cornwall Police,Criminal damage and arson,2026-09,1091
Devon & Cornwall Police,Drugs,2026-09,324
Devon & Cornwall Police,Other crime,2026-09,296
Devon & Cornwall Police,Other theft,2026-09,863
Devon & Cornwall Police,Possession of weapons,2026-09,159
Devon & Cornwall Police,Public order,2026-09,793
Devon & Cornwall Police,Robbery,2026-09,77
Devon & Cornwall Police,Shoplifting,2026-09,848
Devon & Cornwall Police,Theft from the person,2026-09,78
Devon & Cornwall Police,Vehicle crime,2026-09,320
Devon & Cornwall Police,Violence and sexual offences,2026-09,5439
Dorset Police,Anti-social behaviour,2026-09,1169
Dorset Police,Bicycle theft,2026-09,47
Dorset Police,Burglary,2026-09,178
Dorset Police,Criminal damage and arson,2026-09,347
Dorset Police,Drugs,2026-09,95
Dorset Police,Other crime,2026-09,51
Dorset Police,Other theft,2026-09,304
Dorset Police,Possession of weapons,2026-09,28
Dorset Police,Public order,2026-09,266
Dorset Police,Robbery,2026-09,34
Dorset Police,Shoplifting,2026-09,371
Dorset Police,Theft from the person,2026-09,24
Dorset Police,Vehicle crime,2026-09,264
Dorset Police,Violence and sexual offences,2026-09,1690
Durham Constabulary,Anti-social behaviour,2026-09,1247
Durham Constabulary,Bicycle theft,2026-09,21
Durham Constabulary,Burglary,2026-09,224
Durham Constabulary,Criminal damage and arson,2026-09,727
Durham Constabulary,Drugs,2026-09,115
Durham Constabulary,Other crime,2026-09,187
Durham Constabulary,Other theft,2026-09,302
Durham Constabulary,Possession of weapons,2026-09,53
Durham Constabulary,Public order,2026-09,414
Durham Constabulary,Robbery,2026-09,34
Durham Constabulary,Shoplifting,2026-09,605
Durham Constabulary,Theft from the person,2026-09,20
Durham Constabulary,Vehicle crime,2026-09,210
Durham Constabulary,Violence and sexual offences,2026-09,2096
Dyfed-Powys Police,Anti-social behaviour,2026-09,310
Dyfed-Powys Police,Bicycle theft,2026-09,16
Dyfed-Powys Police,Burglary,2026-09,114
Dyfed-Powys Police,Criminal damage and arson,2026-09,313
Dyfed-Powys Police,Drugs,2026-09,131
Dyfed-Powys Police,Other crime,2026-09,99
Dyfed-Powys Police,Other theft,2026-09,202
Dyfed-Powys Police,Possession of weapons,2026-09,43
Dyfed-Powys Police,Public order,2026-09,283
Dyfed-Powys Police,Robbery,2026-09,9
Dyfed-Powys Police,Shoplifting,2026-09,154
Dyfed-Powys Police,Theft from the person,2026-09,16
Dyfed-Powys Police,Vehicle crime,2026-09,81
Dyfed-Powys Police,Violence and sexual offences,2026-09,1481
Essex Police,Anti-social behaviour,2026-09,1198
Essex Police,Bicycle theft,2026-09,115
Essex Police,Burglary,2026-09,429
Essex Police,Criminal damage and arson,2026-09,976
Essex Police,Drugs,2026-09,549
Essex Police,Other crime,2026-09,295
Essex Police,Other theft,2026-09,818
Essex Police,Possession of weapons,2026-09,142
Essex Police,Public order,2026-09,886
Essex Police,Robbery,2026-09,120
Essex Police,Shoplifting,2026-09,1199
Essex Police,Theft from the person,2026-09,82
Essex Police,Vehicle crime,2026-09,796
Essex Police,Violence and sexual offences,2026-09,5453
Gloucestershire Constabulary,Anti-social behaviour,2026-09,952
Gloucestershire Constabulary,Bicycle theft,2026-09,60
Gloucestershire Constabulary,Burglary,2026-09,180
Gloucestershire Constabulary,Criminal damage and arson,2026-09,299
Gloucestershire Constabulary,Drugs,2026-09,99
Gloucestershire Constabulary,Other crime,2026-09,123
Gloucestershire Constabulary,Other theft,2026-09,307
Gloucestershire Constabulary,Possession of weapons,2026-09,44
Gloucestershire Constabulary,Public order,2026-09,327
Gloucestershire Constabulary,Robbery,2026-09,39
Gloucestershire Constabulary,Shoplifting,2026-09,361
Gloucestershire Constabulary,Theft from the person,2026-09,20
Gloucestershire Constabulary,Vehicle crime,2026-09,204
Gloucestershire Constabulary,Violence and sexual offences,2026-09,1849
Gwent Police,Anti-social behaviour,2026-09,996
Gwent Police,Bicycle theft,2026-09,24
Gwent Police,Burglary,2026-09,164
Gwent Police,Criminal damage and arson,2026-09,596
Gwent Police,Drugs,2026-09,144
Gwent Police,Other crime,2026-09,171
Gwent Police,Other theft,2026-09,324
Gwent Police,Possession of weapons,2026-09,59
Gwent Police,Public order,2026-09,670
Gwent Police,Robbery,2026-09,31
Gwent Police,Shoplifting,2026-09,423
Gwent Police,Theft from the person,2026-09,20
Gwent Police,Vehicle crime,2026-09,207
Gwent Police,Violence and sexual offences,2026-09,2108
Hampshire Constabulary,Anti-social behaviour,2026-09,1405
Hampshire Constabulary,Bicycle theft,2026-09,127
Hampshire Constabulary,Burglary,2026-09,400
Hampshire Constabulary,Criminal damage and arson,2026-09,861
Hampshire Constabulary,Drugs,2026-09,373
Hampshire Constabulary,Other crime,2026-09,262
Hampshire Constabulary,Other theft,2026-09,743
Hampshire Constabulary,Possession of weapons,2026-09,198
Hampshire Constabulary,Public order,2026-09,1082
Hampshire Constabulary,Robbery,2026-09,127
Hampshire Constabulary,Shoplifting,2026-09,1120
Hampshire Constabulary,Theft from the person,2026-09,75
Hampshire Constabulary,Vehicle crime,2026-09,536
Hampshire Constabulary,Violence and sexual offences,2026-09,6668
Hertfordshire Constabulary,Anti-social behaviour,2026-09,1720
Hertfordshire Constabulary,Bicycle theft,2026-09,96
Hertfordshire Constabulary,Burglary,2026-09,313
Hertfordshire Constabulary,Criminal damage and arson,2026-09,579
Hertfordshire Constabulary,Drugs,2026-09,296
Hertfordshire Constabulary,Other crime,2026-09,179
Hertfordshire Constabulary,Other theft,2026-09,709
Hertfordshire Constabulary,Possession of weapons,2026-09,87
Hertfordshire Constabulary,Public order,2026-09,486
Hertfordshire Constabulary,Robbery,2026-09,91
Hertfordshire Constabulary,Shoplifting,2026-09,742
Hertfordshire Constabulary,Theft from the person,2026-09,91
Hertfordshire Constabulary,Vehicle crime,2026-09,516
Hertfordshire Constabulary,Violence and sexual offences,2026-09,3071
Humberside Police,Anti-social behaviour,2026-09,665
Humberside Police,Bicycle theft,2026-09,118
Humberside Police,Burglary,2026-09,351
Humberside Police,Criminal damage and arson,2026-09,710
Humberside Police,Drugs,2026-09,199
Humberside Police,Other crime,2026-09,256
Humberside Police,Other theft,2026-09,530
Humberside Police,Possession of weapons,2026-09,86
Humberside Police,Public order,2026-09,752
Humberside Police,Robbery,2026-09,82
Humberside Police,Shoplifting,2026-09,736
Humberside Police,Theft from the person,2026-09,28
Humberside Police,Vehicle crime,2026-09,311
Humberside Police,Violence and sexual offences,2026-09,3295
Kent Police,Anti-social behaviour,2026-09,2678
Kent Police,Bicycle theft,2026-09,101
Kent Police,Burglary,2026-09,369
Kent Police,Criminal damage and arson,2026-09,1296
Kent Police,Drugs,2026-09,545
Kent Police,Other crime,2026-09,424
Kent Police,Other theft,2026-09,955
Kent Police,Possession of weapons,2026-09,173
Kent Police,Public order,2026-09,647
Kent Police,Robbery,2026-09,122
Kent Police,Shoplifting,2026-09,1332
Kent Police,Theft from the person,2026-09,72
Kent Police,Vehicle crime,2026-09,636
Kent Police,Violence and sexual offences,2026-09,5547
Lancashire Constabulary,Anti-social behaviour,2026-09,2728
Lancashire Constabulary,Bicycle theft,2026-09,92
Lancashire Constabulary,Burglary,2026-09,457
Lancashire Constabulary,Criminal damage and arson,2026-09,1027
Lancashire Constabulary,Drugs,2026-09,342
Lancashire Constabulary,Other crime,2026-09,380
Lancashire Constabulary,Other theft,2026-09,783
Lancashire Constabulary,Possession of weapons,2026-09,164
Lancashire Constabulary,Public order,2026-09,779
Lancashire Constabulary,Robbery,2026-09,108
Lancashire Constabulary,Shoplifting,2026-09,809
Lancashire Constabulary,Theft from the person,2026-09,62
Lancashire Constabulary,Vehicle crime,2026-09,557
Lancashire Constabulary,Violence and sexual offences,2026-09,5018
Leicestershire Police,Anti-social behaviour,2026-09,1199
Leicestershire Police,Bicycle theft,2026-09,109
Leicestershire Police,Burglary,2026-09,343
Leicestershire Police,Criminal damage and arson,2026-09,732
Leicestershire Police,Drugs,2026-09,256
Leicestershire Police,Other crime,2026-09,204
Leicestershire Police,Other theft,2026-09,565
Leicestershire Police,Possession of weapons,2026-09,77
Leicestershire Police,Public order,2026-09,780
Leicestershire Police,Robbery,2026-09,83
Leicestershire Police,Shoplifting,2026-09,701
Leicestershire Police,Theft from the person,2026-09,76
Leicestershire Police,Vehicle crime,2026-09,468
Leicestershire Police,Violence and sexual offences,2026-09,3209
Lincolnshire Police,Anti-social behaviour,2026-09,1254
Lincolnshire Police,Bicycle theft,2026-09,57
Lincolnshire Police,Burglary,2026-09,200
Lincolnshire Police,Criminal damage and arson,2026-09,427
Lincolnshire Police,Drugs,2026-09,98
Lincolnshire Police,Other crime,2026-09,155
Lincolnshire Police,Other theft,2026-09,311
Lincolnshire Police,Possession of weapons,2026-09,40
Lincolnshire Police,Public order,2026-09,365
Lincolnshire Police,Robbery,2026-09,47
Lincolnshire Police,Shoplifting,2026-09,566
Lincolnshire Police,Theft from the person,2026-09,9
Lincolnshire Police,Vehicle crime,2026-09,188
Lincolnshire Police,Violence and sexual offences,2026-09,2075
Merseyside Police,Anti-social behaviour,2026-09,1239
Merseyside Police,Bicycle theft,2026-09,107
Merseyside Police,Burglary,2026-09,308
Merseyside Police,Criminal damage and arson,2026-09,991
Merseyside Police,Drugs,2026-09,1006
Merseyside Police,Other crime,2026-09,317
Merseyside Police,Other theft,2026-09,673
Merseyside Police,Possession of weapons,2026-09,124
Merseyside Police,Public order,2026-09,1269
Merseyside Police,Robbery,2026-09,123
Merseyside Police,Shoplifting,2026-09,894
Merseyside Police,Theft from the person,2026-09,71
Merseyside Police,Vehicle crime,2026-09,411
Merseyside Police,Violence and sexual offences,2026-09,4798
Metropolitan Police Service,Anti-social behaviour,2026-09,20147
Metropolitan Police Service,Bicycle theft,2026-09,1235
Metropolitan Police Service,Burglary,2026-09,3523
Metropolitan Police Service,Criminal damage and arson,2026-09,4381
Metropolitan Police Service,Drugs,2026-09,3958
Metropolitan Police Service,Other crime,2026-09,1198
Metropolitan Police Service,Other theft,2026-09,6808
Metropolitan Police Service,Possession of weapons,2026-09,583
Metropolitan Police Service,Public order,2026-09,4931
Metropolitan Police Service,Robbery,2026-09,2614
Metropolitan Police Service,Shoplifting,2026-09,7775
Metropolitan Police Service,Theft from the person,2026-09,6053
Metropolitan Police Service,Vehicle crime,2026-09,6151
Metropolitan Police Service,Violence and sexual offences,2026-09,21913
Norfolk Constabulary,Anti-social behaviour,2026-09,710
Norfolk Constabulary,Bicycle theft,2026-09,79
Norfolk Constabulary,Burglary,2026-09,157
Norfolk Constabulary,Criminal damage and arson,2026-09,474
Norfolk Constabulary,Drugs,2026-09,152
Norfolk Constabulary,Other crime,2026-09,161
Norfolk Constabulary,Other theft,2026-09,340
Norfolk Constabulary,Possession of weapons,2026-09,78
Norfolk Constabulary,Public order,2026-09,405
Norfolk Constabulary,Robbery,2026-09,38
Norfolk Constabulary,Shoplifting,2026-09,501
Norfolk Constabulary,Theft from the person,2026-09,34
Norfolk Constabulary,Vehicle crime,2026-09,140
Norfolk Constabulary,Violence and sexual offences,2026-09,2415
North Wales Police,Anti-social behaviour,2026-09,1038
North Wales Police,Bicycle theft,2026-09,31
North Wales Police,Burglary,2026-09,141
North Wales Police,Criminal damage and arson,2026-09,423
North Wales Police,Drugs,2026-09,132
North Wales Police,Other crime,2026-09,102
North Wales Police,Other theft,2026-09,304
North Wales Police,Possession of weapons,2026-09,46
North Wales Police,Public order,2026-09,383
North Wales Police,Robbery,2026-09,18
North Wales Police,Shoplifting,2026-09,439
North Wales Police,Theft from the person,2026-09,10
North Wales Police,Vehicle crime,2026-09,111
North Wales Police,Violence and sexual offences,2026-09,2128
North Yorkshire Police,Anti-social behaviour,2026-09,1208
North Yorkshire Police,Bicycle theft,2026-09,65
North Yorkshire Police,Burglary,2026-09,174
North Yorkshire Police,Criminal damage and arson,2026-09,388
North Yorkshire Police,Drugs,2026-09,128
North Yorkshire Police,Other crime,2026-09,90
North Yorkshire Police,Other theft,2026-09,284
North Yorkshire Police,Possession of weapons,2026-09,46
North Yorkshire Police,Public order,2026-09,309
North Yorkshire Police,Robbery,2026-09,35
North Yorkshire Police,Shoplifting,2026-09,418
North Yorkshire Police,Theft from the person,2026-09,15
North Yorkshire Police,Vehicle crime,2026-09,136
North Yorkshire Police,Violence and sexual offences,2026-09,1868
Northamptonshire Police,Anti-social behaviour,2026-09,1239
Northamptonshire Police,Bicycle theft,2026-09,37
Northamptonshire Police,Burglary,2026-09,216
Northamptonshire Police,Criminal damage and arson,2026-09,364
Northamptonshire Police,Drugs,2026-09,199
Northamptonshire Police,Other crime,2026-09,119
Northamptonshire Police,Other theft,2026-09,347
Northamptonshire Police,Possession of weapons,2026-09,88
Northamptonshire Police,Public order,2026-09,366
Northamptonshire Police,Robbery,2026-09,100
Northamptonshire Police,Shoplifting,2026-09,493
Northamptonshire Police,Theft from the person,2026-09,20
Northamptonshire Police,Vehicle crime,2026-09,331
Northamptonshire Police,Violence and sexual offences,2026-09,2116
Northumbria Police,Anti-social behaviour,2026-09,2523
Northumbria Police,Bicycle theft,2026-09,102
Northumbria Police,Burglary,2026-09,506
Northumbria Police,Criminal damage and arson,2026-09,1213
Northumbria Police,Drugs,2026-09,377
Northumbria Police,Other crime,2026-09,343
Northumbria Police,Other theft,2026-09,806
Northumbria Police,Possession of weapons,2026-09,134
Northumbria Police,Public order,2026-09,1125
Northumbria Police,Robbery,2026-09,103
Northumbria Police,Shoplifting,2026-09,1534
Northumbria Police,Theft from the person,2026-09,83
Northumbria Police,Vehicle crime,2026-09,450
Northumbria Police,Violence and sexual offences,2026-09,4724
Nottinghamshire Police,Anti-social behaviour,2026-09,1512
Nottinghamshire Police,Bicycle theft,2026-09,118
Nottinghamshire Police,Burglary,2026-09,333
Nottinghamshire Police,Criminal damage and arson,2026-09,781
Nottinghamshire Police,Drugs,2026-09,316
Nottinghamshire Police,Other crime,2026-09,377
Nottinghamshire Police,Other theft,2026-09,616
Nottinghamshire Police,Possession of weapons,2026-09,147
Nottinghamshire Police,Public order,2026-09,659
Nottinghamshire Police,Robbery,2026-09,166
Nottinghamshire Police,Shoplifting,2026-09,1150
Nottinghamshire Police,Theft from the person,2026-09,90
Nottinghamshire Police,Vehicle crime,2026-09,462
Nottinghamshire Police,Violence and sexual offences,2026-09,3159
South Wales Police,Anti-social behaviour,2026-09,1356
South Wales Police,Bicycle theft,2026-09,101
South Wales Police,Burglary,2026-09,273
South Wales Police,Criminal damage and arson,2026-09,789
South Wales Police,Drugs,2026-09,318
South Wales Police,Other crime,2026-09,291
South Wales Police,Other theft,2026-09,568
South Wales Police,Possession of weapons,2026-09,107
South Wales Police,Public order,2026-09,1187
South Wales Police,Robbery,2026-09,97
South Wales Police,Shoplifting,2026-09,915
South Wales Police,Theft from the person,2026-09,64
South Wales Police,Vehicle crime,2026-09,513
South Wales Police,Violence and sexual offences,2026-09,4006
South Yorkshire Police,Anti-social behaviour,2026-09,2153
South Yorkshire Police,Bicycle theft,2026-09,90
South Yorkshire Police,Burglary,2026-09,637
South Yorkshire Police,Criminal damage and arson,2026-09,1099
South Yorkshire Police,Drugs,2026-09,427
South Yorkshire Police,Other crime,2026-09,448
South Yorkshire Police,Other theft,2026-09,737
South Yorkshire Police,Possession of weapons,2026-09,193
South Yorkshire Police,Public order,2026-09,1086
South Yorkshire Police,Robbery,2026-09,187
South Yorkshire Police,Shoplifting,2026-09,1181
South Yorkshire Police,Theft from the person,2026-09,88
South Yorkshire Police,Vehicle crime,2026-09,873
South Yorkshire Police,Violence and sexual offences,2026-09,4748
Staffordshire Police,Anti-social behaviour,2026-09,1364
Staffordshire Police,Bicycle theft,2026-09,75
Staffordshire Police,Burglary,2026-09,317
Staffordshire Police,Criminal damage and arson,2026-09,605
Staffordshire Police,Drugs,2026-09,261
Staffordshire Police,Other crime,2026-09,209
Staffordshire Police,Other theft,2026-09,508
Staffordshire Police,Possession of weapons,2026-09,104
Staffordshire Police,Public order,2026-09,739
Staffordshire Police,Robbery,2026-09,104
Staffordshire Police,Shoplifting,2026-09,590
Staffordshire Police,Theft from the person,2026-09,24
Staffordshire Police,Vehicle crime,2026-09,436
Staffordshire Police,Violence and sexual offences,2026-09,3342
Suffolk Constabulary,Anti-social behaviour,2026-09,327
Suffolk Constabulary,Bicycle theft,2026-09,38
Suffolk Constabulary,Burglary,2026-09,154
Suffolk Constabulary,Criminal damage and arson,2026-09,354
Suffolk Constabulary,Drugs,2026-09,108
Suffolk Constabulary,Other crime,2026-09,126
Suffolk Constabulary,Other theft,2026-09,285
Suffolk Constabulary,Possession of weapons,2026-09,59
Suffolk Constabulary,Public order,2026-09,278
Suffolk Constabulary,Robbery,2026-09,26
Suffolk Constabulary,Shoplifting,2026-09,355
Suffolk Constabulary,Theft from the person,2026-09,23
Suffolk Constabulary,Vehicle crime,2026-09,178
Suffolk Constabulary,Violence and sexual offences,2026-09,1745
Surrey Police,Anti-social behaviour,2026-09,1155
Surrey Police,Bicycle theft,2026-09,61
Surrey Police,Burglary,2026-09,269
Surrey Police,Criminal damage and arson,2026-09,546
Surrey Police,Drugs,2026-09,256
Surrey Police,Other crime,2026-09,204
Surrey Police,Other theft,2026-09,519
Surrey Police,Possession of weapons,2026-09,82
Surrey Police,Public order,2026-09,706
Surrey Police,Robbery,2026-09,56
Surrey Police,Shoplifting,2026-09,541
Surrey Police,Theft from the person,2026-09,44
Surrey Police,Vehicle crime,2026-09,366
Surrey Police,Violence and sexual offences,2026-09,2623
Sussex Police,Anti-social behaviour,2026-09,2551
Sussex Police,Bicycle theft,2026-09,127
Sussex Police,Burglary,2026-09,381
Sussex Police,Criminal damage and arson,2026-09,987
Sussex Police,Drugs,2026-09,433
Sussex Police,Other crime,2026-09,325
Sussex Police,Other theft,2026-09,844
Sussex Police,Possession of weapons,2026-09,229
Sussex Police,Public order,2026-09,1159
Sussex Police,Robbery,2026-09,153
Sussex Police,Shoplifting,2026-09,1559
Sussex Police,Theft from the person,2026-09,88
Sussex Police,Vehicle crime,2026-09,445
Sussex Police,Violence and sexual offences,2026-09,4463
Thames Valley Police,Anti-social behaviour,2026-09,1735
Thames Valley Police,Bicycle theft,2026-09,292
Thames Valley Police,Burglary,2026-09,542
Thames Valley Police,Criminal damage and arson,2026-09,1182
Thames Valley Police,Drugs,2026-09,525
Thames Valley Police,Other crime,2026-09,367
Thames Valley Police,Other theft,2026-09,1284
Thames Valley Police,Possession of weapons,2026-09,116
Thames Valley Police,Public order,2026-09,1304
Thames Valley Police,Robbery,2026-09,185
Thames Valley Police,Shoplifting,2026-09,1499
Thames Valley Police,Theft from the person,2026-09,138
Thames Valley Police,Vehicle crime,2026-09,973
Thames Valley Police,Violence and sexual offences,2026-09,6602
Warwickshire Police,Anti-social behaviour,2026-09,943
Warwickshire Police,Bicycle theft,2026-09,32
Warwickshire Police,Burglary,2026-09,183
Warwickshire Police,Criminal damage and arson,2026-09,298
Warwickshire Police,Drugs,2026-09,88
Warwickshire Police,Other crime,2026-09,104
Warwickshire Police,Other theft,2026-09,240
Warwickshire Police,Possession of weapons,2026-09,49
Warwickshire Police,Public order,2026-09,296
Warwickshire Police,Robbery,2026-09,48
Warwickshire Police,Shoplifting,2026-09,323
Warwickshire Police,Theft from the person,2026-09,20
Warwickshire Police,Vehicle crime,2026-09,284
Warwickshire Police,Violence and sexual offences,2026-09,1489
West Mercia Police,Anti-social behaviour,2026-09,1333
West Mercia Police,Bicycle theft,2026-09,68
West Mercia Police,Burglary,2026-09,313
West Mercia Police,Criminal damage and arson,2026-09,626
West Mercia Police,Drugs,2026-09,200
West Mercia Police,Other crime,2026-09,204
West Mercia Police,Other theft,2026-09,514
West Mercia Police,Possession of weapons,2026-09,102
West Mercia Police,Public order,2026-09,556
West Mercia Police,Robbery,2026-09,85
West Mercia Police,Shoplifting,2026-09,739
West Mercia Police,Theft from the person,2026-09,29
West Mercia Police,Vehicle crime,2026-09,269
West Mercia Police,Violence and sexual offences,2026-09,3331
West Midlands Police,Anti-social behaviour,2026-09,1283
West Midlands Police,Bicycle theft,2026-09,159
West Midlands Police,Burglary,2026-09,1083
West Midlands Police,Criminal damage and arson,2026-09,1892
West Midlands Police,Drugs,2026-09,724
West Midlands Police,Other crime,2026-09,503
West Midlands Police,Other theft,2026-09,1438
West Midlands Police,Possession of weapons,2026-09,552
West Midlands Police,Public order,2026-09,1525
West Midlands Police,Robbery,2026-09,507
West Midlands Police,Shoplifting,2026-09,2563
West Midlands Police,Theft from the person,2026-09,211
West Midlands Police,Vehicle crime,2026-09,2154
West Midlands Police,Violence and sexual offences,2026-09,10812
West Yorkshire Police,Anti-social behaviour,2026-09,2309
West Yorkshire Police,Bicycle theft,2026-09,152
West Yorkshire Police,Burglary,2026-09,1115
West Yorkshire Police,Criminal damage and arson,2026-09,1665
West Yorkshire Police,Drugs,2026-09,888
West Yorkshire Police,Other crime,2026-09,812
West Yorkshire Police,Other theft,2026-09,1555
West Yorkshire Police,Possession of weapons,2026-09,226
West Yorkshire Police,Public order,2026-09,1974
West Yorkshire Police,Robbery,2026-09,328
West Yorkshire Police,Shoplifting,2026-09,1627
West Yorkshire Police,Theft from the person,2026-09,185
West Yorkshire Police,Vehicle crime,2026-09,1356
West Yorkshire Police,Violence and sexual offences,2026-09,10718
Wiltshire Police,Anti-social behaviour,2026-09,820
Wiltshire Police,Bicycle theft,2026-09,48
Wiltshire Police,Burglary,2026-09,139
Wiltshire Police,Criminal damage and arson,2026-09,355
Wiltshire Police,Drugs,2026-09,110
Wiltshire Police,Other crime,2026-09,114
Wiltshire Police,Other theft,2026-09,229
Wiltshire Police,Possession of weapons,2026-09,44
Wiltshire Police,Public order,2026-09,350
Wiltshire Police,Robbery,2026-09,21
Wiltshire Police,Shoplifting,2026-09,320
Wiltshire Police,Theft from the person,2026-09,24
Wiltshire Police,Vehicle crime,2026-09,175
Wiltshire Police,Violence and sexual offences,2026-09,1648
Avon and Somerset Constabulary,Anti-social behaviour,2026-10,2394
Avon and Somerset Constabulary,Bicycle theft,2026-10,162
Avon and Somerset Constabulary,Burglary,2026-10,675
Avon and Somerset Constabulary,Criminal damage and arson,2026-10,1282
Avon and Somerset Constabulary,Drugs,2026-10,319
Avon and Somerset Constabulary,Other crime,2026-10,361
Avon and Somerset Constabulary,Other theft,2026-10,1357
Avon and Somerset Constabulary,Possession of weapons,2026-10,122
Avon and Somerset Constabulary,Public order,2026-10,1898
Avon and Somerset Constabulary,Robbery,2026-10,282
Avon and Somerset Constabulary,Shoplifting,2026-10,1553
Avon and Somerset Constabulary,Theft from the person,2026-10,59
Avon and Somerset Constabulary,Vehicle crime,2026-10,813
Avon and Somerset Constabulary,Violence and sexual offences,2026-10,6913
Bedfordshire Police,Anti-social behaviour,2026-10,784
Bedfordshire Police,Bicycle theft,2026-10,49
Bedfordshire Police,Burglary,2026-10,191
Bedfordshire Police,Criminal damage and arson,2026-10,379
Bedfordshire Police,Drugs,2026-10,219
Bedfordshire Police,Other crime,2026-10,128
Bedfordshire Police,Other theft,2026-10,342
Bedfordshire Police,Possession of weapons,2026-10,73
Bedfordshire Police,Public order,2026-10,361
Bedfordshire Police,Robbery,2026-10,73
Bedfordshire Police,Shoplifting,2026-10,440
Bedfordshire Police,Theft from the person,2026-10,38
Bedfordshire Police,Vehicle crime,2026-10,369
Bedfordshire Police,Violence and sexual offences,2026-10,1871
Cambridgeshire Constabulary,Anti-social behaviour,2026-10,1139
Cambridgeshire Constabulary,Bicycle theft,2026-10,136
Cambridgeshire Constabulary,Burglary,2026-10,296
Cambridgeshire Constabulary,Criminal damage and arson,2026-10,550
Cambridgeshire Constabulary,Drugs,2026-10,266
Cambridgeshire Constabulary,Other crime,2026-10,222
Cambridgeshire Constabulary,Other theft,2026-10,437
Cambridgeshire Constabulary,Possession of weapons,2026-10,106
Cambridgeshire Constabulary,Public order,2026-10,425
Cambridgeshire Constabulary,Robbery,2026-10,54
Cambridgeshire Constabulary,Shoplifting,2026-10,612
Cambridgeshire Constabulary,Theft from the person,2026-10,68
Cambridgeshire Constabulary,Vehicle crime,2026-10,346
Cambridgeshire Constabulary,Violence and sexual offences,2026-10,2494
Cheshire Constabulary,Anti-social behaviour,2026-10,663
Cheshire Constabulary,Bicycle theft,2026-10,61
Cheshire Constabulary,Burglary,2026-10,204
Cheshire Constabulary,Criminal damage and arson,2026-10,459
Cheshire Constabulary,Drugs,2026-10,324
Cheshire Constabulary,Other crime,2026-10,181
Cheshire Constabulary,Other theft,2026-10,423
Cheshire Constabulary,Possession of weapons,2026-10,78
Cheshire Constabulary,Public order,2026-10,740
Cheshire Constabulary,Robbery,2026-10,42
Cheshire Constabulary,Shoplifting,2026-10,454
Cheshire Constabulary,Theft from the person,2026-10,23
Cheshire Constabulary,Vehicle crime,2026-10,203
Cheshire Constabulary,Violence and sexual offences,2026-10,3227
City of London Police,Anti-social behaviour,2026-10,16
City of London Police,Bicycle theft,2026-10,27
City of London Police,Burglary,2026-10,42
City of London Police,Criminal damage and arson,2026-10,27
City of London Police,Drugs,2026-10,55
City of London Police,Other crime,2026-10,8
City of London Police,Other theft,2026-10,169
City of London Police,Possession of weapons,2026-10,5
City of London Police,Public order,2026-10,60
City of London Police,Robbery,2026-10,21
City of London Police,Shoplifting,2026-10,125
City of London Police,Theft from the person,2026-10,103
City of London Police,Vehicle crime,2026-10,14
City of London Police,Violence and sexual offences,2026-10,147
Cleveland Police,Anti-social behaviour,2026-10,1543
Cleveland Police,Bicycle theft,2026-10,45
Cleveland Police,Burglary,2026-10,328
Cleveland Police,Criminal damage and arson,2026-10,821
Cleveland Police,Drugs,2026-10,281
Cleveland Police,Other crime,2026-10,264
Cleveland Police,Other theft,2026-10,378
Cleveland Police,Possession of weapons,2026-10,83
Cleveland Police,Public order,2026-10,581
Cleveland Police,Robbery,2026-10,128
Cleveland Police,Shoplifting,2026-10,866
Cleveland Police,Theft from the person,2026-10,26
Cleveland Police,Vehicle crime,2026-10,328
Cleveland Police,Violence and sexual offences,2026-10,2645
Cumbria Constabulary,Anti-social behaviour,2026-10,195
Cumbria Constabulary,Bicycle theft,2026-10,22
Cumbria Constabulary,Burglary,2026-10,98
Cumbria Constabulary,Criminal damage and arson,2026-10,324
Cumbria Constabulary,Drugs,2026-10,149
Cumbria Constabulary,Other crime,2026-10,105
Cumbria Constabulary,Other theft,2026-10,208
Cumbria Constabulary,Possession of weapons,2026-10,48
Cumbria Constabulary,Public order,2026-10,333
Cumbria Constabulary,Robbery,2026-10,16
Cumbria Constabulary,Shoplifting,2026-10,218
Cumbria Constabulary,Theft from the person,2026-10,16
Cumbria Constabulary,Vehicle crime,2026-10,80
Cumbria Constabulary,Violence and sexual offences,2026-10,1545
Derbyshire Constabulary,Anti-social behaviour,2026-10,1128
Derbyshire Constabulary,Bicycle theft,2026-10,38
Derbyshire Constabulary,Burglary,2026-10,283
Derbyshire Constabulary,Criminal damage and arson,2026-10,584
Derbyshire Constabulary,Drugs,2026-10,323
Derbyshire Constabulary,Other crime,2026-10,184
Derbyshire Constabulary,Other theft,2026-10,493
Derbyshire Constabulary,Possession of weapons,2026-10,107
Derbyshire Constabulary,Public order,2026-10,726
Derbyshire Constabulary,Robbery,2026-10,77
Derbyshire Constabulary,Shoplifting,2026-10,647
Derbyshire Constabulary,Theft from the person,2026-10,56
Derbyshire Constabulary,Vehicle crime,2026-10,322
Derbyshire Constabulary,Violence and sexual offences,2026-10,3509
Devon & Cornwall Police,Anti-social behaviour,2026-10,1508
Devon & Cornwall Police,Bicycle theft,2026-10,76
Devon & Cornwall Police,Burglary,2026-10,320
Devon & Cornwall Police,Criminal damage and arson,2026-10,1136
Devon & Cornwall Police,Drugs,2026-10,333
Devon & Cornwall Police,Other crime,2026-10,304
Devon & Cornwall Police,Other theft,2026-10,864
Devon & Cornwall Police,Possession of weapons,2026-10,160
Devon & Cornwall Police,Public order,2026-10,772
Devon & Cornwall Police,Robbery,2026-10,79
Devon & Cornwall Police,Shoplifting,2026-10,857
Devon & Cornwall Police,Theft from the person,2026-10,79
Devon & Cornwall Police,Vehicle crime,2026-10,328
Devon & Cornwall Police,Violence and sexual offences,2026-10,5698
Dorset Police,Anti-social behaviour,2026-10,1118
Dorset Police,Bicycle theft,2026-10,47
Dorset Police,Burglary,2026-10,187
Dorset Police,Criminal damage and arson,2026-10,356
Dorset Police,Drugs,2026-10,100
Dorset Police,Other crime,2026-10,52
Dorset Police,Other theft,2026-10,308
Dorset Police,Possession of weapons,2026-10,29
Dorset Police,Public order,2026-10,257
Dorset Police,Robbery,2026-10,33
Dorset Police,Shoplifting,2026-10,371
Dorset Police,Theft from the person,2026-10,24
Dorset Police,Vehicle crime,2026-10,276
Dorset Police,Violence and sexual offences,2026-10,1659
Durham Constabulary,Anti-social behaviour,2026-10,1279
Durham Constabulary,Bicycle theft,2026-10,22
Durham Constabulary,Burglary,2026-10,237
Durham Constabulary,Criminal damage and arson,2026-10,790
Durham Constabulary,Drugs,2026-10,124
Durham Constabulary,Other crime,2026-10,193
Durham Constabulary,Other theft,2026-10,312
Durham Constabulary,Possession of weapons,2026-10,52
Durham Constabulary,Public order,2026-10,414
Durham Constabulary,Robbery,2026-10,36
Durham Constabulary,Shoplifting,2026-10,644
Durham Constabulary,Theft from the person,2026-10,21
Durham Constabulary,Vehicle crime,2026-10,226
Durham Constabulary,Violence and sexual offences,2026-10,2172
Dyfed-Powys Police,Anti-social behaviour,2026-10,305
Dyfed-Powys Police,Bicycle theft,2026-10,15
Dyfed-Powys Police,Burglary,2026-10,122
Dyfed-Powys Police,Criminal damage and arson,2026-10,321
Dyfed-Powys Police,Drugs,2026-10,136
Dyfed-Powys Police,Other crime,2026-10,104
Dyfed-Powys Police,Other theft,2026-10,202
Dyfed-Powys Police,Possession of weapons,2026-10,45
Dyfed-Powys Police,Public order,2026-10,266
Dyfed-Powys Police,Robbery,2026-10,9
Dyfed-Powys Police,Shoplifting,2026-10,162
Dyfed-Powys Police,Theft from the person,2026-10,18
Dyfed-Powys Police,Vehicle crime,2026-10,83
Dyfed-Powys Police,Violence and sexual offences,2026-10,1450
Essex Police,Anti-social behaviour,2026-10,1174
Essex Police,Bicycle theft,2026-10,116
Essex Police,Burglary,2026-10,457
Essex Police,Criminal damage and arson,2026-10,1040
Essex Police,Drugs,2026-10,591
Essex Police,Other crime,2026-10,307
Essex Police,Other theft,2026-10,856
Essex Police,Possession of weapons,2026-10,146
Essex Police,Public order,2026-10,881
Essex Police,Robbery,2026-10,125
Essex Police,Shoplifting,2026-10,1248
Essex Police,Theft from the person,2026-10,87
Essex Police,Vehicle crime,2026-10,848
Essex Police,Violence and sexual offences,2026-10,5759
Gloucestershire Constabulary,Anti-social behaviour,2026-10,937
Gloucestershire Constabulary,Bicycle theft,2026-10,60
Gloucestershire Constabulary,Burglary,2026-10,191
Gloucestershire Constabulary,Criminal damage and arson,2026-10,309
Gloucestershire Constabulary,Drugs,2026-10,106
Gloucestershire Constabulary,Other crime,2026-10,126
Gloucestershire Constabulary,Other theft,2026-10,309
Gloucestershire Constabulary,Possession of weapons,2026-10,45
Gloucestershire Constabulary,Public order,2026-10,318
Gloucestershire Constabulary,Robbery,2026-10,39
Gloucestershire Constabulary,Shoplifting,2026-10,371
Gloucestershire Constabulary,Theft from the person,2026-10,21
Gloucestershire Constabulary,Vehicle crime,2026-10,213
Gloucestershire Constabulary,Violence and sexual offences,2026-10,1832
Gwent Police,Anti-social behaviour,2026-10,1034
Gwent Police,Bicycle theft,2026-10,24
Gwent Police,Burglary,2026-10,179
Gwent Police,Criminal damage and arson,2026-10,630
Gwent Police,Drugs,2026-10,152
Gwent Police,Other crime,2026-10,176
Gwent Police,Other theft,2026-10,330
Gwent Police,Possession of weapons,2026-10,62
Gwent Police,Public order,2026-10,653
Gwent Police,Robbery,2026-10,34
Gwent Police,Shoplifting,2026-10,442
Gwent Police,Theft from the person,2026-10,21
Gwent Police,Vehicle crime,2026-10,217
Gwent Police,Violence and sexual offences,2026-10,2181
Hampshire Constabulary,Anti-social behaviour,2026-10,1398
Hampshire Constabulary,Bicycle theft,2026-10,125
Hampshire Constabulary,Burglary,2026-10,415
Hampshire Constabulary,Criminal damage and arson,2026-10,888
Hampshire Constabulary,Drugs,2026-10,380
Hampshire Constabulary,Other crime,2026-10,263
Hampshire Constabulary,Other theft,2026-10,740
Hampshire Constabulary,Possession of weapons,2026-10,201
Hampshire Constabulary,Public order,2026-10,1041
Hampshire Constabulary,Robbery,2026-10,131
Hampshire Constabulary,Shoplifting,2026-10,1113
Hampshire Constabulary,Theft from the person,2026-10,79
Hampshire Constabulary,Vehicle crime,2026-10,545
Hampshire Constabulary,Violence and sexual offences,2026-10,6955
Hertfordshire Constabulary,Anti-social behaviour,2026-10,1722
Hertfordshire Constabulary,Bicycle theft,2026-10,94
Hertfordshire Constabulary,Burglary,2026-10,335
Hertfordshire Constabulary,Criminal damage and arson,2026-10,618
Hertfordshire Constabulary,Drugs,2026-10,321
Hertfordshire Constabulary,Other crime,2026-10,190
Hertfordshire Constabulary,Other theft,2026-10,745
Hertfordshire Constabulary,Possession of weapons,2026-10,94
Hertfordshire Constabulary,Public order,2026-10,487
Hertfordshire Constabulary,Robbery,2026-10,97
Hertfordshire Constabulary,Shoplifting,2026-10,791
Hertfordshire Constabulary,Theft from the person,2026-10,99
Hertfordshire Constabulary,Vehicle crime,2026-10,552
Hertfordshire Constabulary,Violence and sexual offences,2026-10,3161
Humberside Police,Anti-social behaviour,2026-10,665
Humberside Police,Bicycle theft,2026-10,118
Humberside Police,Burglary,2026-10,368
Humberside Police,Criminal damage and arson,2026-10,752
Humberside Police,Drugs,2026-10,216
Humberside Police,Other crime,2026-10,266
Humberside Police,Other theft,2026-10,539
Humberside Police,Possession of weapons,2026-10,89
Humberside Police,Public order,2026-10,739
Humberside Police,Robbery,2026-10,84
Humberside Police,Shoplifting,2026-10,767
Humberside Police,Theft from the person,2026-10,30
Humberside Police,Vehicle crime,2026-10,322
Humberside Police,Violence and sexual offences,2026-10,3301
Kent Police,Anti-social behaviour,2026-10,2591
Kent Police,Bicycle theft,2026-10,100
Kent Police,Burglary,2026-10,392
Kent Police,Criminal damage and arson,2026-10,1408
Kent Police,Drugs,2026-10,580
Kent Police,Other crime,2026-10,443
Kent Police,Other theft,2026-10,980
Kent Police,Possession of weapons,2026-10,179
Kent Police,Public order,2026-10,631
Kent Police,Robbery,2026-10,126
Kent Police,Shoplifting,2026-10,1398
Kent Police,Theft from the person,2026-10,76
Kent Police,Vehicle crime,2026-10,679
Kent Police,Violence and sexual offences,2026-10,5862
Lancashire Constabulary,Anti-social behaviour,2026-10,2719
Lancashire Constabulary,Bicycle theft,2026-10,94
Lancashire Constabulary,Burglary,2026-10,476
Lancashire Constabulary,Criminal damage and arson,2026-10,1077
Lancashire Constabulary,Drugs,2026-10,362
Lancashire Constabulary,Other crime,2026-10,394
Lancashire Constabulary,Other theft,2026-10,798
Lancashire Constabulary,Possession of weapons,2026-10,167
Lancashire Constabulary,Public order,2026-10,761
Lancashire Constabulary,Robbery,2026-10,112
Lancashire Constabulary,Shoplifting,2026-10,839
Lancashire Constabulary,Theft from the person,2026-10,64
Lancashire Constabulary,Vehicle crime,2026-10,586
Lancashire Constabulary,Violence and sexual offences,2026-10,5348
Leicestershire Police,Anti-social behaviour,2026-10,1186
Leicestershire Police,Bicycle theft,2026-10,112
Leicestershire Police,Burglary,2026-10,366
Leicestershire Police,Criminal damage and arson,2026-10,780
Leicestershire Police,Drugs,2026-10,275
Leicestershire Police,Other crime,2026-10,211
Leicestershire Police,Other theft,2026-10,573
Leicestershire Police,Possession of weapons,2026-10,81
Leicestershire Police,Public order,2026-10,767
Leicestershire Police,Robbery,2026-10,86
Leicestershire Police,Shoplifting,2026-10,734
Leicestershire Police,Theft from the person,2026-10,84
Leicestershire Police,Vehicle crime,2026-10,490
Leicestershire Police,Violence and sexual offences,2026-10,3239
Lincolnshire Police,Anti-social behaviour,2026-10,1243
Lincolnshire Police,Bicycle theft,2026-10,54
Lincolnshire Police,Burglary,2026-10,211
Lincolnshire Police,Criminal damage and arson,2026-10,439
Lincolnshire Police,Drugs,2026-10,104
Lincolnshire Police,Other crime,2026-10,157
Lincolnshire Police,Other theft,2026-10,315
Lincolnshire Police,Possession of weapons,2026-10,40
Lincolnshire Police,Public order,2026-10,349
Lincolnshire Police,Robbery,2026-10,47
Lincolnshire Police,Shoplifting,2026-10,579
Lincolnshire Police,Theft from the person,2026-10,10
Lincolnshire Police,Vehicle crime,2026-10,199
Lincolnshire Police,Violence and sexual offences,2026-10,2067
Merseyside Police,Anti-social behaviour,2026-10,1348
Merseyside Police,Bicycle theft,2026-10,109
Merseyside Police,Burglary,2026-10,336
Merseyside Police,Criminal damage and arson,2026-10,1107
Merseyside Police,Drugs,2026-10,1101
Merseyside Police,Other crime,2026-10,336
Merseyside Police,Other theft,2026-10,696
Merseyside Police,Possession of weapons,2026-10,130
Merseyside Police,Public order,2026-10,1294
Merseyside Police,Robbery,2026-10,131
Merseyside Police,Shoplifting,2026-10,957
Merseyside Police,Theft from the person,2026-10,77
Merseyside Police,Vehicle crime,2026-10,447
Merseyside Police,Violence and sexual offences,2026-10,5051
Metropolitan Police Service,Anti-social behaviour,2026-10,21962
Metropolitan Police Service,Bicycle theft,2026-10,1256
Metropolitan Police Service,Burglary,2026-10,3763
Metropolitan Police Service,Criminal damage and arson,2026-10,4678
Metropolitan Police Service,Drugs,2026-10,4395
Metropolitan Police Service,Other crime,2026-10,1254
Metropolitan Police Service,Other theft,2026-10,7551
Metropolitan Police Service,Possession of weapons,2026-10,600
Metropolitan Police Service,Public order,2026-10,5139
Metropolitan Police Service,Robbery,2026-10,2873
Metropolitan Police Service,Shoplifting,2026-10,8599
Metropolitan Police Service,Theft from the person,2026-10,7337
Metropolitan Police Service,Vehicle crime,2026-10,6782
Metropolitan Police Service,Violence and sexual offences,2026-10,23024
Norfolk Constabulary,Anti-social behaviour,2026-10,702
Norfolk Constabulary,Bicycle theft,2026-10,78
Norfolk Constabulary,Burglary,2026-10,163
Norfolk Constabulary,Criminal damage and arson,2026-10,484
Norfolk Constabulary,Drugs,2026-10,161
Norfolk Constabulary,Other crime,2026-10,161
Norfolk Constabulary,Other theft,2026-10,341
Norfolk Constabulary,Possession of weapons,2026-10,80
Norfolk Constabulary,Public order,2026-10,392
Norfolk Constabulary,Robbery,2026-10,37
Norfolk Constabulary,Shoplifting,2026-10,517
Norfolk Constabulary,Theft from the person,2026-10,36
Norfolk Constabulary,Vehicle crime,2026-10,148
Norfolk Constabulary,Violence and sexual offences,2026-10,2413
North Wales Police,Anti-social behaviour,2026-10,1024
North Wales Police,Bicycle theft,2026-10,31
North Wales Police,Burglary,2026-10,144
North Wales Police,Criminal damage and arson,2026-10,432
North Wales Police,Drugs,2026-10,140
North Wales Police,Other crime,2026-10,104
North Wales Police,Other theft,2026-10,305
North Wales Police,Possession of weapons,2026-10,47
North Wales Police,Public order,2026-10,367
North Wales Police,Robbery,2026-10,18
North Wales Police,Shoplifting,2026-10,444
North Wales Police,Theft from the person,2026-10,10
North Wales Police,Vehicle crime,2026-10,115
North Wales Police,Violence and sexual offences,2026-10,2163
North Yorkshire Police,Anti-social behaviour,2026-10,1211
North Yorkshire Police,Bicycle theft,2026-10,65
North Yorkshire Police,Burglary,2026-10,184
North Yorkshire Police,Criminal damage and arson,2026-10,395
North Yorkshire Police,Drugs,2026-10,131
North Yorkshire Police,Other crime,2026-10,93
North Yorkshire Police,Other theft,2026-10,285
North Yorkshire Police,Possession of weapons,2026-10,47
North Yorkshire Police,Public order,2026-10,304
North Yorkshire Police,Robbery,2026-10,35
North Yorkshire Police,Shoplifting,2026-10,424
North Yorkshire Police,Theft from the person,2026-10,16
North Yorkshire Police,Vehicle crime,2026-10,138
North Yorkshire Police,Violence and sexual offences,2026-10,1847
Northamptonshire Police,Anti-social behaviour,2026-10,1231
Northamptonshire Police,Bicycle theft,2026-10,38
Northamptonshire Police,Burglary,2026-10,229
Northamptonshire Police,Criminal damage and arson,2026-10,377
Northamptonshire Police,Drugs,2026-10,206
Northamptonshire Police,Other crime,2026-10,122
Northamptonshire Police,Other theft,2026-10,353
Northamptonshire Police,Possession of weapons,2026-10,92
Northamptonshire Police,Public order,2026-10,355
Northamptonshire Police,Robbery,2026-10,106
Northamptonshire Police,Shoplifting,2026-10,506
Northamptonshire Police,Theft from the person,2026-10,21
Northamptonshire Police,Vehicle crime,2026-10,348
Northamptonshire Police,Violence and sexual offences,2026-10,2144
Northumbria Police,Anti-social behaviour,2026-10,2626
Northumbria Police,Bicycle theft,2026-10,107
Northumbria Police,Burglary,2026-10,549
Northumbria Police,Criminal damage and arson,2026-10,1333
Northumbria Police,Drugs,2026-10,414
Northumbria Police,Other crime,2026-10,358
Northumbria Police,Other theft,2026-10,857
Northumbria Police,Possession of weapons,2026-10,138
Northumbria Police,Public order,2026-10,1143
Northumbria Police,Robbery,2026-10,112
Northumbria Police,Shoplifting,2026-10,1650
Northumbria Police,Theft from the person,2026-10,90
Northumbria Police,Vehicle crime,2026-10,500
Northumbria Police,Violence and sexual offences,2026-10,4900
Nottinghamshire Police,Anti-social behaviour,2026-10,1528
Nottinghamshire Police,Bicycle theft,2026-10,119
Nottinghamshire Police,Burglary,2026-10,354
Nottinghamshire Police,Criminal damage and arson,2026-10,837
Nottinghamshire Police,Drugs,2026-10,335
Nottinghamshire Police,Other crime,2026-10,398
Nottinghamshire Police,Other theft,2026-10,633
Nottinghamshire Police,Possession of weapons,2026-10,150
Nottinghamshire Police,Public order,2026-10,657
Nottinghamshire Police,Robbery,2026-10,174
Nottinghamshire Police,Shoplifting,2026-10,1203
Nottinghamshire Police,Theft from the person,2026-10,99
Nottinghamshire Police,Vehicle crime,2026-10,487
Nottinghamshire Police,Violence and sexual offences,2026-10,3242
South Wales Police,Anti-social behaviour,2026-10,1415
South Wales Police,Bicycle theft,2026-10,106
South Wales Police,Burglary,2026-10,287
South Wales Police,Criminal damage and arson,2026-10,827
South Wales Police,Drugs,2026-10,337
South Wales Police,Other crime,2026-10,306
South Wales Police,Other theft,2026-10,577
South Wales Police,Possession of weapons,2026-10,111
South Wales Police,Public order,2026-10,1211
South Wales Police,Robbery,2026-10,102
South Wales Police,Shoplifting,2026-10,961
South Wales Police,Theft from the person,2026-10,68
South Wales Police,Vehicle crime,2026-10,534
South Wales Police,Violence and sexual offences,2026-10,4122
South Yorkshire Police,Anti-social behaviour,2026-10,2240
South Yorkshire Police,Bicycle theft,2026-10,92
South Yorkshire Police,Burglary,2026-10,686
South Yorkshire Police,Criminal damage and arson,2026-10,1187
South Yorkshire Police,Drugs,2026-10,460
South Yorkshire Police,Other crime,2026-10,465
South Yorkshire Police,Other theft,2026-10,774
South Yorkshire Police,Possession of weapons,2026-10,197
South Yorkshire Police,Public order,2026-10,1097
South Yorkshire Police,Robbery,2026-10,197
South Yorkshire Police,Shoplifting,2026-10,1237
South Yorkshire Police,Theft from the person,2026-10,95
South Yorkshire Police,Vehicle crime,2026-10,951
South Yorkshire Police,Violence and sexual offences,2026-10,4871
Staffordshire Police,Anti-social behaviour,2026-10,1355
Staffordshire Police,Bicycle theft,2026-10,77
Staffordshire Police,Burglary,2026-10,332
Staffordshire Police,Criminal damage and arson,2026-10,623
Staffordshire Police,Drugs,2026-10,275
Staffordshire Police,Other crime,2026-10,214
Staffordshire Police,Other theft,2026-10,509
Staffordshire Police,Possession of weapons,2026-10,108
Staffordshire Police,Public order,2026-10,727
Staffordshire Police,Robbery,2026-10,105
Staffordshire Police,Shoplifting,2026-10,609
Staffordshire Police,Theft from the person,2026-10,25
Staffordshire Police,Vehicle crime,2026-10,447
Staffordshire Police,Violence and sexual offences,2026-10,3388
Suffolk Constabulary,Anti-social behaviour,2026-10,321
Suffolk Constabulary,Bicycle theft,2026-10,36
Suffolk Constabulary,Burglary,2026-10,162
Suffolk Constabulary,Criminal damage and arson,2026-10,361
Suffolk Constabulary,Drugs,2026-10,115
Suffolk Constabulary,Other crime,2026-10,134
Suffolk Constabulary,Other theft,2026-10,287
Suffolk Constabulary,Possession of weapons,2026-10,61
Suffolk Constabulary,Public order,2026-10,266
Suffolk Constabulary,Robbery,2026-10,26
Suffolk Constabulary,Shoplifting,2026-10,367
Suffolk Constabulary,Theft from the person,2026-10,24
Suffolk Constabulary,Vehicle crime,2026-10,187
Suffolk Constabulary,Violence and sexual offences,2026-10,1795
Surrey Police,Anti-social behaviour,2026-10,1159
Surrey Police,Bicycle theft,2026-10,64
Surrey Police,Burglary,2026-10,296
Surrey Police,Criminal damage and arson,2026-10,585
Surrey Police,Drugs,2026-10,284
Surrey Police,Other crime,2026-10,220
Surrey Police,Other theft,2026-10,536
Surrey Police,Possession of weapons,2026-10,85
Surrey Police,Public order,2026-10,710
Surrey Police,Robbery,2026-10,59
Surrey Police,Shoplifting,2026-10,564
Surrey Police,Theft from the person,2026-10,48
Surrey Police,Vehicle crime,2026-10,387
Surrey Police,Violence and sexual offences,2026-10,2667
Sussex Police,Anti-social behaviour,2026-10,2446
Sussex Police,Bicycle theft,2026-10,128
Sussex Police,Burglary,2026-10,402
Sussex Police,Criminal damage and arson,2026-10,1062
Sussex Police,Drugs,2026-10,461
Sussex Police,Other crime,2026-10,333
Sussex Police,Other theft,2026-10,856
Sussex Police,Possession of weapons,2026-10,234
Sussex Police,Public order,2026-10,1143
Sussex Police,Robbery,2026-10,156
Sussex Police,Shoplifting,2026-10,1651
Sussex Police,Theft from the person,2026-10,93
Sussex Police,Vehicle crime,2026-10,469
Sussex Police,Violence and sexual offences,2026-10,4430
Thames Valley Police,Anti-social behaviour,2026-10,1701
Thames Valley Police,Bicycle theft,2026-10,297
Thames Valley Police,Burglary,2026-10,578
Thames Valley Police,Criminal damage and arson,2026-10,1266
Thames Valley Police,Drugs,2026-10,563
Thames Valley Police,Other crime,2026-10,385
Thames Valley Police,Other theft,2026-10,1324
Thames Valley Police,Possession of weapons,2026-10,122
Thames Valley Police,Public order,2026-10,1313
Thames Valley Police,Robbery,2026-10,194
Thames Valley Police,Shoplifting,2026-10,1558
Thames Valley Police,Theft from the person,2026-10,148
Thames Valley Police,Vehicle crime,2026-10,1054
Thames Valley Police,Violence and sexual offences,2026-10,6868
Warwickshire Police,Anti-social behaviour,2026-10,906
Warwickshire Police,Bicycle theft,2026-10,31
Warwickshire Police,Burglary,2026-10,197
Warwickshire Police,Criminal damage and arson,2026-10,309
Warwickshire Police,Drugs,2026-10,92
Warwickshire Police,Other crime,2026-10,110
Warwickshire Police,Other theft,2026-10,240
Warwickshire Police,Possession of weapons,2026-10,52
Warwickshire Police,Public order,2026-10,289
Warwickshire Police,Robbery,2026-10,48
Warwickshire Police,Shoplifting,2026-10,330
Warwickshire Police,Theft from the person,2026-10,21
Warwickshire Police,Vehicle crime,2026-10,300
Warwickshire Police,Violence and sexual offences,2026-10,1494
West Mercia Police,Anti-social behaviour,2026-10,1321
West Mercia Police,Bicycle theft,2026-10,67
West Mercia Police,Burglary,2026-10,333
West Mercia Police,Criminal damage and arson,2026-10,659
West Mercia Police,Drugs,2026-10,219
West Mercia Police,Other crime,2026-10,215
West Mercia Police,Other theft,2026-10,522
West Mercia Police,Possession of weapons,2026-10,105
West Mercia Police,Public order,2026-10,545
West Mercia Police,Robbery,2026-10,88
West Mercia Police,Shoplifting,2026-10,773
West Mercia Police,Theft from the person,2026-10,31
West Mercia Police,Vehicle crime,2026-10,285
West Mercia Police,Violence and sexual offences,2026-10,3386
West Midlands Police,Anti-social behaviour,2026-10,1324
West Midlands Police,Bicycle theft,2026-10,160
West Midlands Police,Burglary,2026-10,1194
West Midlands Police,Criminal damage and arson,2026-10,2042
West Midlands Police,Drugs,2026-10,767
West Midlands Police,Other crime,2026-10,519
West Midlands Police,Other theft,2026-10,1462
West Midlands Police,Possession of weapons,2026-10,561
West Midlands Police,Public order,2026-10,1534
West Midlands Police,Robbery,2026-10,531
West Midlands Police,Shoplifting,2026-10,2702
West Midlands Police,Theft from the person,2026-10,226
West Midlands Police,Vehicle crime,2026-10,2289
West Midlands Police,Violence and sexual offences,2026-10,11345
West Yorkshire Police,Anti-social behaviour,2026-10,2403
West Yorkshire Police,Bicycle theft,2026-10,150
West Yorkshire Police,Burglary,2026-10,1222
West Yorkshire Police,Criminal damage and arson,2026-10,1785
West Yorkshire Police,Drugs,2026-10,966
West Yorkshire Police,Other crime,2026-10,861
West Yorkshire Police,Other theft,2026-10,1652
West Yorkshire Police,Possession of weapons,2026-10,235
West Yorkshire Police,Public order,2026-10,1961
West Yorkshire Police,Robbery,2026-10,343
West Yorkshire Police,Shoplifting,2026-10,1750
West Yorkshire Police,Theft from the person,2026-10,198
West Yorkshire Police,Vehicle crime,2026-10,1470
West Yorkshire Police,Violence and sexual offences,2026-10,11096
Wiltshire Police,Anti-social behaviour,2026-10,808
Wiltshire Police,Bicycle theft,2026-10,47
Wiltshire Police,Burglary,2026-10,145
Wiltshire Police,Criminal damage and arson,2026-10,362
Wiltshire Police,Drugs,2026-10,116
Wiltshire Police,Other crime,2026-10,117
Wiltshire Police,Other theft,2026-10,230
Wiltshire Police,Possession of weapons,2026-10,46
Wiltshire Police,Public order,2026-10,340
Wiltshire Police,Robbery,2026-10,21
Wiltshire Police,Shoplifting,2026-10,330
Wiltshire Police,Theft from the person,2026-10,25
Wiltshire Police,Vehicle crime,2026-10,179
Wiltshire Police,Violence and sexual offences,2026-10,1679
Avon and Somerset Constabulary,Anti-social behaviour,2026-11,2053
Avon and Somerset Constabulary,Bicycle theft,2026-11,135
Avon and Somerset Constabulary,Burglary,2026-11,677
Avon and Somerset Constabulary,Criminal damage and arson,2026-11,1233
Avon and Somerset Constabulary,Drugs,2026-11,320
Avon and Somerset Constabulary,Other crime,2026-11,350
Avon and Somerset Constabulary,Other theft,2026-11,1300
Avon and Somerset Constabulary,Possession of weapons,2026-11,115
Avon and Somerset Constabulary,Public order,2026-11,1714
Avon and Somerset Constabulary,Robbery,2026-11,278
Avon and Somerset Constabulary,Shoplifting,2026-11,1458
Avon and Somerset Constabulary,Theft from the person,2026-11,60
Avon and Somerset Constabulary,Vehicle crime,2026-11,791
Avon and Somerset Constabulary,Violence and sexual offences,2026-11,6588
Bedfordshire Police,Anti-social behaviour,2026-11,693
Bedfordshire Police,Bicycle theft,2026-11,42
Bedfordshire Police,Burglary,2026-11,187
Bedfordshire Police,Criminal damage and arson,2026-11,370
Bedfordshire Police,Drugs,2026-11,220
Bedfordshire Police,Other crime,2026-11,124
Bedfordshire Police,Other theft,2026-11,338
Bedfordshire Police,Possession of weapons,2026-11,67
Bedfordshire Police,Public order,2026-11,342
Bedfordshire Police,Robbery,2026-11,68
Bedfordshire Police,Shoplifting,2026-11,420
Bedfordshire Police,Theft from the person,2026-11,37
Bedfordshire Police,Vehicle crime,2026-11,366
Bedfordshire Police,Violence and sexual offences,2026-11,1797
Cambridgeshire Constabulary,Anti-social behaviour,2026-11,990
Cambridgeshire Constabulary,Bicycle theft,2026-11,109
Cambridgeshire Constabulary,Burglary,2026-11,301
Cambridgeshire Constabulary,Criminal damage and arson,2026-11,538
Cambridgeshire Constabulary,Drugs,2026-11,271
Cambridgeshire Constabulary,Other crime,2026-11,217
Cambridgeshire Constabulary,Other theft,2026-11,421
Cambridgeshire Constabulary,Possession of weapons,2026-11,97
Cambridgeshire Constabulary,Public order,2026-11,399
Cambridgeshire Constabulary,Robbery,2026-11,51
Cambridgeshire Constabulary,Shoplifting,2026-11,584
Cambridgeshire Constabulary,Theft from the person,2026-11,69
Cambridgeshire Constabulary,Vehicle crime,2026-11,342
Cambridgeshire Constabulary,Violence and sexual offences,2026-11,2423
Cheshire Constabulary,Anti-social behaviour,2026-11,563
Cheshire Constabulary,Bicycle theft,2026-11,51
Cheshire Constabulary,Burglary,2026-11,202
Cheshire Constabulary,Criminal damage and arson,2026-11,428
Cheshire Constabulary,Drugs,2026-11,317
Cheshire Constabulary,Other crime,2026-11,174
Cheshire Constabulary,Other theft,2026-11,405
Cheshire Constabulary,Possession of weapons,2026-11,71
Cheshire Constabulary,Public order,2026-11,667
Cheshire Constabulary,Robbery,2026-11,40
Cheshire Constabulary,Shoplifting,2026-11,428
Cheshire Constabulary,Theft from the person,2026-11,22
Cheshire Constabulary,Vehicle crime,2026-11,191
Cheshire Constabulary,Violence and sexual offences,2026-11,3040
City of London Police,Anti-social behaviour,2026-11,15
City of London Police,Bicycle theft,2026-11,25
City of London Police,Burglary,2026-11,40
City of London Police,Criminal damage and arson,2026-11,26
City of London Police,Drugs,2026-11,53
City of London Police,Other crime,2026-11,8
City of London Police,Other theft,2026-11,167
City of London Police,Possession of weapons,2026-11,4
City of London Police,Public order,2026-11,56
City of London Police,Robbery,2026-11,20
City of London Police,Shoplifting,2026-11,118
City of London Police,Theft from the person,2026-11,95
City of London Police,Vehicle crime,2026-11,14
City of London Police,Violence and sexual offences,2026-11,146
Cleveland Police,Anti-social behaviour,2026-11,1253
Cleveland Police,Bicycle theft,2026-11,38
Cleveland Police,Burglary,2026-11,325
Cleveland Police,Criminal damage and arson,2026-11,785
Cleveland Police,Drugs,2026-11,273
Cleveland Police,Other crime,2026-11,258
Cleveland Police,Other theft,2026-11,370
Cleveland Police,Possession of weapons,2026-11,74
Cleveland Police,Public order,2026-11,535
Cleveland Police,Robbery,2026-11,120
Cleveland Police,Shoplifting,2026-11,833
Cleveland Police,Theft from the person,2026-11,26
Cleveland Police,Vehicle crime,2026-11,324
Cleveland Police,Violence and sexual offences,2026-11,2512
Cumbria Constabulary,Anti-social behaviour,2026-11,178
Cumbria Constabulary,Bicycle theft,2026-11,19
Cumbria Constabulary,Burglary,2026-11,91
Cumbria Constabulary,Criminal damage and arson,2026-11,312
Cumbria Constabulary,Drugs,2026-11,146
Cumbria Constabulary,Other crime,2026-11,97
Cumbria Constabulary,Other theft,2026-11,193
Cumbria Constabulary,Possession of weapons,2026-11,44
Cumbria Constabulary,Public order,2026-11,308
Cumbria Constabulary,Robbery,2026-11,15
Cumbria Constabulary,Shoplifting,2026-11,207
Cumbria Constabulary,Theft from the person,2026-11,16
Cumbria Constabulary,Vehicle crime,2026-11,76
Cumbria Constabulary,Violence and sexual offences,2026-11,1439
Derbyshire Constabulary,Anti-social behaviour,2026-11,942
Derbyshire Constabulary,Bicycle theft,2026-11,31
Derbyshire Constabulary,Burglary,2026-11,281
Derbyshire Constabulary,Criminal damage and arson,2026-11,560
Derbyshire Constabulary,Drugs,2026-11,313
Derbyshire Constabulary,Other crime,2026-11,175
Derbyshire Constabulary,Other theft,2026-11,477
Derbyshire Constabulary,Possession of weapons,2026-11,98
Derbyshire Constabulary,Public order,2026-11,659
Derbyshire Constabulary,Robbery,2026-11,72
Derbyshire Constabulary,Shoplifting,2026-11,610
Derbyshire Constabulary,Theft from the person,2026-11,53
Derbyshire Constabulary,Vehicle crime,2026-11,312
Derbyshire Constabulary,Violence and sexual offences,2026-11,3325
Devon & Cornwall Police,Anti-social behaviour,2026-11,1272
Devon & Cornwall Police,Bicycle theft,2026-11,63
Devon & Cornwall Police,Burglary,2026-11,319
Devon & Cornwall Police,Criminal damage and arson,2026-11,1084
Devon & Cornwall Police,Drugs,2026-11,331
Devon & Cornwall Police,Other crime,2026-11,295
Devon & Cornwall Police,Other theft,2026-11,828
Devon & Cornwall Police,Possession of weapons,2026-11,150
Devon & Cornwall Police,Public order,2026-11,698
Devon & Cornwall Police,Robbery,2026-11,72
Devon & Cornwall Police,Shoplifting,2026-11,824
Devon & Cornwall Police,Theft from the person,2026-11,76
Devon & Cornwall Police,Vehicle crime,2026-11,320
Devon & Cornwall Police,Violence and sexual offences,2026-11,5380
Dorset Police,Anti-social behaviour,2026-11,945
Dorset Police,Bicycle theft,2026-11,39
Dorset Police,Burglary,2026-11,178
Dorset Police,Criminal damage and arson,2026-11,338
Dorset Police,Drugs,2026-11,95
Dorset Police,Other crime,2026-11,51
Dorset Police,Other theft,2026-11,298
Dorset Police,Possession of weapons,2026-11,27
Dorset Police,Public order,2026-11,238
Dorset Police,Robbery,2026-11,32
Dorset Police,Shoplifting,2026-11,355
Dorset Police,Theft from the person,2026-11,24
Dorset Police,Vehicle crime,2026-11,269
Dorset Police,Violence and sexual offences,2026-11,1561
Durham Constabulary,Anti-social behaviour,2026-11,1090
Durham Constabulary,Bicycle theft,2026-11,20
Durham Constabulary,Burglary,2026-11,240
Durham Constabulary,Criminal damage and arson,2026-11,749
Durham Constabulary,Drugs,2026-11,120
Durham Constabulary,Other crime,2026-11,186
Durham Constabulary,Other theft,2026-11,307
Durham Constabulary,Possession of weapons,2026-11,48
Durham Constabulary,Public order,2026-11,387
Durham Constabulary,Robbery,2026-11,35
Durham Constabulary,Shoplifting,2026-11,618
Durham Constabulary,Theft from the person,2026-11,20
Durham Constabulary,Vehicle crime,2026-11,220
Durham Constabulary,Violence and sexual offences,2026-11,2091
Dyfed-Powys Police,Anti-social behaviour,2026-11,275
Dyfed-Powys Police,Bicycle theft,2026-11,14
Dyfed-Powys Police,Burglary,2026-11,115
Dyfed-Powys Police,Criminal damage and arson,2026-11,309
Dyfed-Powys Police,Drugs,2026-11,134
Dyfed-Powys Police,Other crime,2026-11,98
Dyfed-Powys Police,Other theft,2026-11,195
Dyfed-Powys Police,Possession of weapons,2026-11,41
Dyfed-Powys Police,Public order,2026-11,247
Dyfed-Powys Police,Robbery,2026-11,9
Dyfed-Powys Police,Shoplifting,2026-11,155
Dyfed-Powys Police,Theft from the person,2026-11,16
Dyfed-Powys Police,Vehicle crime,2026-11,74
Dyfed-Powys Police,Violence and sexual offences,2026-11,1334
Essex Police,Anti-social behaviour,2026-11,1024
Essex Police,Bicycle theft,2026-11,93
Essex Police,Burglary,2026-11,463
Essex Police,Criminal damage and arson,2026-11,1001
Essex Police,Drugs,2026-11,596
Essex Police,Other crime,2026-11,300
Essex Police,Other theft,2026-11,838
Essex Police,Possession of weapons,2026-11,138
Essex Police,Public order,2026-11,820
Essex Police,Robbery,2026-11,118
Essex Police,Shoplifting,2026-11,1165
Essex Police,Theft from the person,2026-11,86
Essex Police,Vehicle crime,2026-11,823
Essex Police,Violence and sexual offences,2026-11,5382
Gloucestershire Constabulary,Anti-social behaviour,2026-11,830
Gloucestershire Constabulary,Bicycle theft,2026-11,49
Gloucestershire Constabulary,Burglary,2026-11,189
Gloucestershire Constabulary,Criminal damage and arson,2026-11,297
Gloucestershire Constabulary,Drugs,2026-11,99
Gloucestershire Constabulary,Other crime,2026-11,122
Gloucestershire Constabulary,Other theft,2026-11,298
Gloucestershire Constabulary,Possession of weapons,2026-11,42
Gloucestershire Constabulary,Public order,2026-11,295
Gloucestershire Constabulary,Robbery,2026-11,38
Gloucestershire Constabulary,Shoplifting,2026-11,351
Gloucestershire Constabulary,Theft from the person,2026-11,21
Gloucestershire Constabulary,Vehicle crime,2026-11,201
Gloucestershire Constabulary,Violence and sexual offences,2026-11,1751
Gwent Police,Anti-social behaviour,2026-11,913
Gwent Police,Bicycle theft,2026-11,21
Gwent Police,Burglary,2026-11,175
Gwent Police,Criminal damage and arson,2026-11,609
Gwent Police,Drugs,2026-11,148
Gwent Police,Other crime,2026-11,175
Gwent Police,Other theft,2026-11,320
Gwent Police,Possession of weapons,2026-11,57
Gwent Police,Public order,2026-11,601
Gwent Police,Robbery,2026-11,29
Gwent Police,Shoplifting,2026-11,420
Gwent Police,Theft from the person,2026-11,21
Gwent Police,Vehicle crime,2026-11,204
Gwent Police,Violence and sexual offences,2026-11,2094
Hampshire Constabulary,Anti-social behaviour,2026-11,1133
Hampshire Constabulary,Bicycle theft,2026-11,98
Hampshire Constabulary,Burglary,2026-11,406
Hampshire Constabulary,Criminal damage and arson,2026-11,840
Hampshire Constabulary,Drugs,2026-11,375
Hampshire Constabulary,Other crime,2026-11,248
Hampshire Constabulary,Other theft,2026-11,705
Hampshire Constabulary,Possession of weapons,2026-11,185
Hampshire Constabulary,Public order,2026-11,917
Hampshire Constabulary,Robbery,2026-11,122
Hampshire Constabulary,Shoplifting,2026-11,1021
Hampshire Constabulary,Theft from the person,2026-11,75
Hampshire Constabulary,Vehicle crime,2026-11,521
Hampshire Constabulary,Violence and sexual offences,2026-11,6378
Hertfordshire Constabulary,Anti-social behaviour,2026-11,1399
Hertfordshire Constabulary,Bicycle theft,2026-11,73
Hertfordshire Constabulary,Burglary,2026-11,342
Hertfordshire Constabulary,Criminal damage and arson,2026-11,594
Hertfordshire Constabulary,Drugs,2026-11,325
Hertfordshire Constabulary,Other crime,2026-11,183
Hertfordshire Constabulary,Other theft,2026-11,726
Hertfordshire Constabulary,Possession of weapons,2026-11,85
Hertfordshire Constabulary,Public order,2026-11,451
Hertfordshire Constabulary,Robbery,2026-11,88
Hertfordshire Constabulary,Shoplifting,2026-11,738
Hertfordshire Constabulary,Theft from the person,2026-11,96
Hertfordshire Constabulary,Vehicle crime,2026-11,539
Hertfordshire Constabulary,Violence and sexual offences,2026-11,3049
Humberside Police,Anti-social behaviour,2026-11,576
Humberside Police,Bicycle theft,2026-11,93
Humberside Police,Burglary,2026-11,359
Humberside Police,Criminal damage and arson,2026-11,712
Humberside Police,Drugs,2026-11,211
Humberside Police,Other crime,2026-11,258
Humberside Police,Other theft,2026-11,520
Humberside Police,Possession of weapons,2026-11,78
Humberside Police,Public order,2026-11,672
Humberside Police,Robbery,2026-11,76
Humberside Police,Shoplifting,2026-11,717
Humberside Police,Theft from the person,2026-11,29
Humberside Police,Vehicle crime,2026-11,312
Humberside Police,Violence and sexual offences,2026-11,3168
Kent Police,Anti-social behaviour,2026-11,2183
Kent Police,Bicycle theft,2026-11,81
Kent Police,Burglary,2026-11,385
Kent Police,Criminal damage and arson,2026-11,1295
Kent Police,Drugs,2026-11,580
Kent Police,Other crime,2026-11,426
Kent Police,Other theft,2026-11,935
Kent Police,Possession of weapons,2026-11,168
Kent Police,Public order,2026-11,585
Kent Police,Robbery,2026-11,118
Kent Police,Shoplifting,2026-11,1293
Kent Police,Theft from the person,2026-11,71
Kent Police,Vehicle crime,2026-11,658
Kent Police,Violence and sexual offences,2026-11,5337
Lancashire Constabulary,Anti-social behaviour,2026-11,2337
Lancashire Constabulary,Bicycle theft,2026-11,75
Lancashire Constabulary,Burglary,2026-11,468
Lancashire Constabulary,Criminal damage and arson,2026-11,1021
Lancashire Constabulary,Drugs,2026-11,359
Lancashire Constabulary,Other crime,2026-11,381
Lancashire Constabulary,Other theft,2026-11,769
Lancashire Constabulary,Possession of weapons,2026-11,157
Lancashire Constabulary,Public order,2026-11,695
Lancashire Constabulary,Robbery,2026-11,106
Lancashire Constabulary,Shoplifting,2026-11,798
Lancashire Constabulary,Theft from the person,2026-11,60
Lancashire Constabulary,Vehicle crime,2026-11,575
Lancashire Constabulary,Violence and sexual offences,2026-11,4945
Leicestershire Police,Anti-social behaviour,2026-11,1016
Leicestershire Police,Bicycle theft,2026-11,91
Leicestershire Police,Burglary,2026-11,369
Leicestershire Police,Criminal damage and arson,2026-11,740
Leicestershire Police,Drugs,2026-11,275
Leicestershire Police,Other crime,2026-11,207
Leicestershire Police,Other theft,2026-11,560
Leicestershire Police,Possession of weapons,2026-11,75
Leicestershire Police,Public order,2026-11,712
Leicestershire Police,Robbery,2026-11,79
Leicestershire Police,Shoplifting,2026-11,717
Leicestershire Police,Theft from the person,2026-11,79
Leicestershire Police,Vehicle crime,2026-11,480
Leicestershire Police,Violence and sexual offences,2026-11,3182
Lincolnshire Police,Anti-social behaviour,2026-11,1057
Lincolnshire Police,Bicycle theft,2026-11,44
Lincolnshire Police,Burglary,2026-11,208
Lincolnshire Police,Criminal damage and arson,2026-11,415
Lincolnshire Police,Drugs,2026-11,99
Lincolnshire Police,Other crime,2026-11,152
Lincolnshire Police,Other theft,2026-11,304
Lincolnshire Police,Possession of weapons,2026-11,38
Lincolnshire Police,Public order,2026-11,326
Lincolnshire Police,Robbery,2026-11,45
Lincolnshire Police,Shoplifting,2026-11,559
Lincolnshire Police,Theft from the person,2026-11,9
Lincolnshire Police,Vehicle crime,2026-11,192
Lincolnshire Police,Violence and sexual offences,2026-11,2020
Merseyside Police,Anti-social behaviour,2026-11,1165
Merseyside Police,Bicycle theft,2026-11,86
Merseyside Police,Burglary,2026-11,339
Merseyside Police,Criminal damage and arson,2026-11,1050
Merseyside Police,Drugs,2026-11,1078
Merseyside Police,Other crime,2026-11,326
Merseyside Police,Other theft,2026-11,690
Merseyside Police,Possession of weapons,2026-11,122
Merseyside Police,Public order,2026-11,1137
Merseyside Police,Robbery,2026-11,124
Merseyside Police,Shoplifting,2026-11,901
Merseyside Police,Theft from the person,2026-11,72
Merseyside Police,Vehicle crime,2026-11,438
Merseyside Police,Violence and sexual offences,2026-11,4860
Metropolitan Police Service,Anti-social behaviour,2026-11,17512
Metropolitan Police Service,Bicycle theft,2026-11,1052
Metropolitan Police Service,Burglary,2026-11,3842
Metropolitan Police Service,Criminal damage and arson,2026-11,4492
Metropolitan Police Service,Drugs,2026-11,4280
Metropolitan Police Service,Other crime,2026-11,1190
Metropolitan Police Service,Other theft,2026-11,7960
Metropolitan Police Service,Possession of weapons,2026-11,568
Metropolitan Police Service,Public order,2026-11,4708
Metropolitan Police Service,Robbery,2026-11,2763
Metropolitan Police Service,Shoplifting,2026-11,7891
Metropolitan Police Service,Theft from the person,2026-11,8100
Metropolitan Police Service,Vehicle crime,2026-11,6737
Metropolitan Police Service,Violence and sexual offences,2026-11,21453
Norfolk Constabulary,Anti-social behaviour,2026-11,615
Norfolk Constabulary,Bicycle theft,2026-11,63
Norfolk Constabulary,Burglary,2026-11,161
Norfolk Constabulary,Criminal damage and arson,2026-11,464
Norfolk Constabulary,Drugs,2026-11,155
Norfolk Constabulary,Other crime,2026-11,157
Norfolk Constabulary,Other theft,2026-11,328
Norfolk Constabulary,Possession of weapons,2026-11,73
Norfolk Constabulary,Public order,2026-11,349
Norfolk Constabulary,Robbery,2026-11,36
Norfolk Constabulary,Shoplifting,2026-11,492
Norfolk Constabulary,Theft from the person,2026-11,34
Norfolk Constabulary,Vehicle crime,2026-11,143
Norfolk Constabulary,Violence and sexual offences,2026-11,2313
North Wales Police,Anti-social behaviour,2026-11,877
North Wales Police,Bicycle theft,2026-11,26
North Wales Police,Burglary,2026-11,138
North Wales Police,Criminal damage and arson,2026-11,408
North Wales Police,Drugs,2026-11,138
North Wales Police,Other crime,2026-11,99
North Wales Police,Other theft,2026-11,292
North Wales Police,Possession of weapons,2026-11,43
North Wales Police,Public order,2026-11,334
North Wales Police,Robbery,2026-11,17
North Wales Police,Shoplifting,2026-11,425
North Wales Police,Theft from the person,2026-11,9
North Wales Police,Vehicle crime,2026-11,111
North Wales Police,Violence and sexual offences,2026-11,2080
North Yorkshire Police,Anti-social behaviour,2026-11,1060
North Yorkshire Police,Bicycle theft,2026-11,53
North Yorkshire Police,Burglary,2026-11,182
North Yorkshire Police,Criminal damage and arson,2026-11,381
North Yorkshire Police,Drugs,2026-11,127
North Yorkshire Police,Other crime,2026-11,89
North Yorkshire Police,Other theft,2026-11,279
North Yorkshire Police,Possession of weapons,2026-11,44
North Yorkshire Police,Public order,2026-11,285
North Yorkshire Police,Robbery,2026-11,34
North Yorkshire Police,Shoplifting,2026-11,408
North Yorkshire Police,Theft from the person,2026-11,16
North Yorkshire Police,Vehicle crime,2026-11,134
North Yorkshire Police,Violence and sexual offences,2026-11,1774
Northamptonshire Police,Anti-social behaviour,2026-11,1051
Northamptonshire Police,Bicycle theft,2026-11,32
Northamptonshire Police,Burglary,2026-11,228
Northamptonshire Police,Criminal damage and arson,2026-11,368
Northamptonshire Police,Drugs,2026-11,204
Northamptonshire Police,Other crime,2026-11,120
Northamptonshire Police,Other theft,2026-11,345
Northamptonshire Police,Possession of weapons,2026-11,85
Northamptonshire Police,Public order,2026-11,330
Northamptonshire Police,Robbery,2026-11,97
Northamptonshire Police,Shoplifting,2026-11,479
Northamptonshire Police,Theft from the person,2026-11,21
Northamptonshire Police,Vehicle crime,2026-11,340
Northamptonshire Police,Violence and sexual offences,2026-11,2099
Northumbria Police,Anti-social behaviour,2026-11,2151
Northumbria Police,Bicycle theft,2026-11,84
Northumbria Police,Burglary,2026-11,557
Northumbria Police,Criminal damage and arson,2026-11,1284
Northumbria Police,Drugs,2026-11,420
Northumbria Police,Other crime,2026-11,353
Northumbria Police,Other theft,2026-11,834
Northumbria Police,Possession of weapons,2026-11,130
Northumbria Police,Public order,2026-11,1030
Northumbria Police,Robbery,2026-11,106
Northumbria Police,Shoplifting,2026-11,1538
Northumbria Police,Theft from the person,2026-11,84
Northumbria Police,Vehicle crime,2026-11,497
Northumbria Police,Violence and sexual offences,2026-11,4721
Nottinghamshire Police,Anti-social behaviour,2026-11,1311
Nottinghamshire Police,Bicycle theft,2026-11,96
Nottinghamshire Police,Burglary,2026-11,359
Nottinghamshire Police,Criminal damage and arson,2026-11,808
Nottinghamshire Police,Drugs,2026-11,335
Nottinghamshire Police,Other crime,2026-11,391
Nottinghamshire Police,Other theft,2026-11,627
Nottinghamshire Police,Possession of weapons,2026-11,142
Nottinghamshire Police,Public order,2026-11,617
Nottinghamshire Police,Robbery,2026-11,171
Nottinghamshire Police,Shoplifting,2026-11,1128
Nottinghamshire Police,Theft from the person,2026-11,95
Nottinghamshire Police,Vehicle crime,2026-11,487
Nottinghamshire Police,Violence and sexual offences,2026-11,3109
South Wales Police,Anti-social behaviour,2026-11,1173
South Wales Police,Bicycle theft,2026-11,83
South Wales Police,Burglary,2026-11,287
South Wales Police,Criminal damage and arson,2026-11,804
South Wales Police,Drugs,2026-11,333
South Wales Police,Other crime,2026-11,298
South Wales Police,Other theft,2026-11,556
South Wales Police,Possession of weapons,2026-11,103
South Wales Police,Public order,2026-11,1078
South Wales Police,Robbery,2026-11,95
South Wales Police,Shoplifting,2026-11,908
South Wales Police,Theft from the person,2026-11,65
South Wales Police,Vehicle crime,2026-11,524
South Wales Police,Violence and sexual offences,2026-11,3957
South Yorkshire Police,Anti-social behaviour,2026-11,1876
South Yorkshire Police,Bicycle theft,2026-11,75
South Yorkshire Police,Burglary,2026-11,697
South Yorkshire Police,Criminal damage and arson,2026-11,1144
South Yorkshire Police,Drugs,2026-11,459
South Yorkshire Police,Other crime,2026-11,447
South Yorkshire Police,Other theft,2026-11,749
South Yorkshire Police,Possession of weapons,2026-11,189
South Yorkshire Police,Public order,2026-11,1002
South Yorkshire Police,Robbery,2026-11,190
South Yorkshire Police,Shoplifting,2026-11,1169
South Yorkshire Police,Theft from the person,2026-11,93
South Yorkshire Police,Vehicle crime,2026-11,918
South Yorkshire Police,Violence and sexual offences,2026-11,4719
Staffordshire Police,Anti-social behaviour,2026-11,1131
Staffordshire Police,Bicycle theft,2026-11,60
Staffordshire Police,Burglary,2026-11,325
Staffordshire Police,Criminal damage and arson,2026-11,608
Staffordshire Police,Drugs,2026-11,272
Staffordshire Police,Other crime,2026-11,210
Staffordshire Police,Other theft,2026-11,495
Staffordshire Police,Possession of weapons,2026-11,97
Staffordshire Police,Public order,2026-11,675
Staffordshire Police,Robbery,2026-11,96
Staffordshire Police,Shoplifting,2026-11,577
Staffordshire Police,Theft from the person,2026-11,25
Staffordshire Police,Vehicle crime,2026-11,430
Staffordshire Police,Violence and sexual offences,2026-11,3274
Suffolk Constabulary,Anti-social behaviour,2026-11,283
Suffolk Constabulary,Bicycle theft,2026-11,30
Suffolk Constabulary,Burglary,2026-11,161
Suffolk Constabulary,Criminal damage and arson,2026-11,342
Suffolk Constabulary,Drugs,2026-11,112
Suffolk Constabulary,Other crime,2026-11,126
Suffolk Constabulary,Other theft,2026-11,275
Suffolk Constabulary,Possession of weapons,2026-11,53
Suffolk Constabulary,Public order,2026-11,249
Suffolk Constabulary,Robbery,2026-11,24
Suffolk Constabulary,Shoplifting,2026-11,348
Suffolk Constabulary,Theft from the person,2026-11,23
Suffolk Constabulary,Vehicle crime,2026-11,184
Suffolk Constabulary,Violence and sexual offences,2026-11,1710
Surrey Police,Anti-social behaviour,2026-11,1010
Surrey Police,Bicycle theft,2026-11,52
Surrey Police,Burglary,2026-11,305
Surrey Police,Criminal damage and arson,2026-11,561
Surrey Police,Drugs,2026-11,282
Surrey Police,Other crime,2026-11,212
Surrey Police,Other theft,2026-11,526
Surrey Police,Possession of weapons,2026-11,81
Surrey Police,Public order,2026-11,655
Surrey Police,Robbery,2026-11,58
Surrey Police,Shoplifting,2026-11,547
Surrey Police,Theft from the person,2026-11,47
Surrey Police,Vehicle crime,2026-11,377
Surrey Police,Violence and sexual offences,2026-11,2532
Sussex Police,Anti-social behaviour,2026-11,2095
Sussex Police,Bicycle theft,2026-11,102
Sussex Police,Burglary,2026-11,399
Sussex Police,Criminal damage and arson,2026-11,1011
Sussex Police,Drugs,2026-11,446
Sussex Police,Other crime,2026-11,324
Sussex Police,Other theft,2026-11,827
Sussex Police,Possession of weapons,2026-11,219
Sussex Police,Public order,2026-11,1014
Sussex Police,Robbery,2026-11,146
Sussex Police,Shoplifting,2026-11,1544
Sussex Police,Theft from the person,2026-11,89
Sussex Police,Vehicle crime,2026-11,457
Sussex Police,Violence and sexual offences,2026-11,4195
Thames Valley Police,Anti-social behaviour,2026-11,1399
Thames Valley Police,Bicycle theft,2026-11,253
Thames Valley Police,Burglary,2026-11,587
Thames Valley Police,Criminal damage and arson,2026-11,1218
Thames Valley Police,Drugs,2026-11,569
Thames Valley Police,Other crime,2026-11,375
Thames Valley Police,Other theft,2026-11,1262
Thames Valley Police,Possession of weapons,2026-11,113
Thames Valley Police,Public order,2026-11,1180
Thames Valley Police,Robbery,2026-11,189
Thames Valley Police,Shoplifting,2026-11,1478
Thames Valley Police,Theft from the person,2026-11,150
Thames Valley Police,Vehicle crime,2026-11,1024
Thames Valley Police,Violence and sexual offences,2026-11,6446
Warwickshire Police,Anti-social behaviour,2026-11,783
Warwickshire Police,Bicycle theft,2026-11,28
Warwickshire Police,Burglary,2026-11,198
Warwickshire Police,Criminal damage and arson,2026-11,299
Warwickshire Police,Drugs,2026-11,89
Warwickshire Police,Other crime,2026-11,103
Warwickshire Police,Other theft,2026-11,234
Warwickshire Police,Possession of weapons,2026-11,49
Warwickshire Police,Public order,2026-11,274
Warwickshire Police,Robbery,2026-11,45
Warwickshire Police,Shoplifting,2026-11,316
Warwickshire Police,Theft from the person,2026-11,20
Warwickshire Police,Vehicle crime,2026-11,295
Warwickshire Police,Violence and sexual offences,2026-11,1402
West Mercia Police,Anti-social behaviour,2026-11,1108
West Mercia Police,Bicycle theft,2026-11,52
West Mercia Police,Burglary,2026-11,332
West Mercia Police,Criminal damage and arson,2026-11,628
West Mercia Police,Drugs,2026-11,214
West Mercia Police,Other crime,2026-11,203
West Mercia Police,Other theft,2026-11,499
West Mercia Police,Possession of weapons,2026-11,95
West Mercia Police,Public order,2026-11,492
West Mercia Police,Robbery,2026-11,79
West Mercia Police,Shoplifting,2026-11,725
West Mercia Police,Theft from the person,2026-11,30
West Mercia Police,Vehicle crime,2026-11,282
West Mercia Police,Violence and sexual offences,2026-11,3276
West Midlands Police,Anti-social behaviour,2026-11,1159
West Midlands Police,Bicycle theft,2026-11,130
West Midlands Police,Burglary,2026-11,1202
West Midlands Police,Criminal damage and arson,2026-11,2001
West Midlands Police,Drugs,2026-11,766
West Midlands Police,Other crime,2026-11,507
West Midlands Police,Other theft,2026-11,1366
West Midlands Police,Possession of weapons,2026-11,539
West Midlands Police,Public order,2026-11,1357
West Midlands Police,Robbery,2026-11,514
West Midlands Police,Shoplifting,2026-11,2601
West Midlands Police,Theft from the person,2026-11,230
West Midlands Police,Vehicle crime,2026-11,2207
West Midlands Police,Violence and sexual offences,2026-11,11012
West Yorkshire Police,Anti-social behaviour,2026-11,1939
West Yorkshire Police,Bicycle theft,2026-11,124
West Yorkshire Police,Burglary,2026-11,1244
West Yorkshire Police,Criminal damage and arson,2026-11,1723
West Yorkshire Police,Drugs,2026-11,936
West Yorkshire Police,Other crime,2026-11,824
West Yorkshire Police,Other theft,2026-11,1572
West Yorkshire Police,Possession of weapons,2026-11,223
West Yorkshire Police,Public order,2026-11,1698
West Yorkshire Police,Robbery,2026-11,337
West Yorkshire Police,Shoplifting,2026-11,1679
West Yorkshire Police,Theft from the person,2026-11,197
West Yorkshire Police,Vehicle crime,2026-11,1363
West Yorkshire Police,Violence and sexual offences,2026-11,10634
Wiltshire Police,Anti-social behaviour,2026-11,730
Wiltshire Police,Bicycle theft,2026-11,40
Wiltshire Police,Burglary,2026-11,142
Wiltshire Police,Criminal damage and arson,2026-11,355
Wiltshire Police,Drugs,2026-11,114
Wiltshire Police,Other crime,2026-11,113
Wiltshire Police,Other theft,2026-11,223
Wiltshire Police,Possession of weapons,2026-11,43
Wiltshire Police,Public order,2026-11,314
Wiltshire Police,Robbery,2026-11,20
Wiltshire Police,Shoplifting,2026-11,319
Wiltshire Police,Theft from the person,2026-11,25
Wiltshire Police,Vehicle crime,2026-11,177
Wiltshire Police,Violence and sexual offences,2026-11,1622
Avon and Somerset Constabulary,Anti-social behaviour,2026-12,1831
Avon and Somerset Constabulary,Bicycle theft,2026-12,101
Avon and Somerset Constabulary,Burglary,2026-12,649
Avon and Somerset Constabulary,Criminal damage and arson,2026-12,1170
Avon and Somerset Constabulary,Drugs,2026-12,308
Avon and Somerset Constabulary,Other crime,2026-12,323
Avon and Somerset Constabulary,Other theft,2026-12,1245
Avon and Somerset Constabulary,Possession of weapons,2026-12,110
Avon and Somerset Constabulary,Public order,2026-12,1537
Avon and Somerset Constabulary,Robbery,2026-12,263
Avon and Somerset Constabulary,Shoplifting,2026-12,1291
Avon and Somerset Constabulary,Theft from the person,2026-12,61
Avon and Somerset Constabulary,Vehicle crime,2026-12,717
Avon and Somerset Constabulary,Violence and sexual offences,2026-12,6630
Bedfordshire Police,Anti-social behaviour,2026-12,622
Bedfordshire Police,Bicycle theft,2026-12,36
Bedfordshire Police,Burglary,2026-12,177
Bedfordshire Police,Criminal damage and arson,2026-12,354
Bedfordshire Police,Drugs,2026-12,210
Bedfordshire Police,Other crime,2026-12,115
Bedfordshire Police,Other theft,2026-12,327
Bedfordshire Police,Possession of weapons,2026-12,63
Bedfordshire Police,Public order,2026-12,314
Bedfordshire Police,Robbery,2026-12,64
Bedfordshire Police,Shoplifting,2026-12,386
Bedfordshire Police,Theft from the person,2026-12,37
Bedfordshire Police,Vehicle crime,2026-12,339
Bedfordshire Police,Violence and sexual offences,2026-12,1794
Cambridgeshire Constabulary,Anti-social behaviour,2026-12,891
Cambridgeshire Constabulary,Bicycle theft,2026-12,81
Cambridgeshire Constabulary,Burglary,2026-12,287
Cambridgeshire Constabulary,Criminal damage and arson,2026-12,511
Cambridgeshire Constabulary,Drugs,2026-12,254
Cambridgeshire Constabulary,Other crime,2026-12,193
Cambridgeshire Constabulary,Other theft,2026-12,408
Cambridgeshire Constabulary,Possession of weapons,2026-12,89
Cambridgeshire Constabulary,Public order,2026-12,370
Cambridgeshire Constabulary,Robbery,2026-12,49
Cambridgeshire Constabulary,Shoplifting,2026-12,520
Cambridgeshire Constabulary,Theft from the person,2026-12,65
Cambridgeshire Constabulary,Vehicle crime,2026-12,320
Cambridgeshire Constabulary,Violence and sexual offences,2026-12,2349
Cheshire Constabulary,Anti-social behaviour,2026-12,491
Cheshire Constabulary,Bicycle theft,2026-12,41
Cheshire Constabulary,Burglary,2026-12,194
Cheshire Constabulary,Criminal damage and arson,2026-12,405
Cheshire Constabulary,Drugs,2026-12,306
Cheshire Constabulary,Other crime,2026-12,159
Cheshire Constabulary,Other theft,2026-12,390
Cheshire Constabulary,Possession of weapons,2026-12,70
Cheshire Constabulary,Public order,2026-12,596
Cheshire Constabulary,Robbery,2026-12,38
Cheshire Constabulary,Shoplifting,2026-12,385
Cheshire Constabulary,Theft from the person,2026-12,22
Cheshire Constabulary,Vehicle crime,2026-12,176
Cheshire Constabulary,Violence and sexual offences,2026-12,3001
City of London Police,Anti-social behaviour,2026-12,15
City of London Police,Bicycle theft,2026-12,20
City of London Police,Burglary,2026-12,39
City of London Police,Criminal damage and arson,2026-12,25
City of London Police,Drugs,2026-12,52
City of London Police,Other crime,2026-12,8
City of London Police,Other theft,2026-12,160
City of London Police,Possession of weapons,2026-12,4
City of London Police,Public order,2026-12,53
City of London Police,Robbery,2026-12,20
City of London Police,Shoplifting,2026-12,112
City of London Police,Theft from the person,2026-12,98
City of London Police,Vehicle crime,2026-12,13
City of London Police,Violence and sexual offences,2026-12,149
Cleveland Police,Anti-social behaviour,2026-12,1070
Cleveland Police,Bicycle theft,2026-12,31
Cleveland Police,Burglary,2026-12,309
Cleveland Police,Criminal damage and arson,2026-12,735
Cleveland Police,Drugs,2026-12,259
Cleveland Police,Other crime,2026-12,237
Cleveland Police,Other theft,2026-12,348
Cleveland Police,Possession of weapons,2026-12,70
Cleveland Police,Public order,2026-12,482
Cleveland Police,Robbery,2026-12,114
Cleveland Police,Shoplifting,2026-12,748
Cleveland Police,Theft from the person,2026-12,25
Cleveland Police,Vehicle crime,2026-12,297
Cleveland Police,Violence and sexual offences,2026-12,2482
Cumbria Constabulary,Anti-social behaviour,2026-12,159
Cumbria Constabulary,Bicycle theft,2026-12,17
Cumbria Constabulary,Burglary,2026-12,93
Cumbria Constabulary,Criminal damage and arson,2026-12,299
Cumbria Constabulary,Drugs,2026-12,142
Cumbria Constabulary,Other crime,2026-12,93
Cumbria Constabulary,Other theft,2026-12,181
Cumbria Constabulary,Possession of weapons,2026-12,42
Cumbria Constabulary,Public order,2026-12,282
Cumbria Constabulary,Robbery,2026-12,15
Cumbria Constabulary,Shoplifting,2026-12,182
Cumbria Constabulary,Theft from the person,2026-12,16
Cumbria Constabulary,Vehicle crime,2026-12,74
Cumbria Constabulary,Violence and sexual offences,2026-12,1394
Derbyshire Constabulary,Anti-social behaviour,2026-12,837
Derbyshire Constabulary,Bicycle theft,2026-12,26
Derbyshire Constabulary,Burglary,2026-12,262
Derbyshire Constabulary,Criminal damage and arson,2026-12,535
Derbyshire Constabulary,Drugs,2026-12,302
Derbyshire Constabulary,Other crime,2026-12,163
Derbyshire Constabulary,Other theft,2026-12,461
Derbyshire Constabulary,Possession of weapons,2026-12,89
Derbyshire Constabulary,Public order,2026-12,599
Derbyshire Constabulary,Robbery,2026-12,67
Derbyshire Constabulary,Shoplifting,2026-12,546
Derbyshire Constabulary,Theft from the person,2026-12,53
Derbyshire Constabulary,Vehicle crime,2026-12,287
Derbyshire Constabulary,Violence and sexual offences,2026-12,3264
Devon & Cornwall Police,Anti-social behaviour,2026-12,1128
Devon & Cornwall Police,Bicycle theft,2026-12,52
Devon & Cornwall Police,Burglary,2026-12,311
Devon & Cornwall Police,Criminal damage and arson,2026-12,1063
Devon & Cornwall Police,Drugs,2026-12,324
Devon & Cornwall Police,Other crime,2026-12,273
Devon & Cornwall Police,Other theft,2026-12,814
Devon & Cornwall Police,Possession of weapons,2026-12,143
Devon & Cornwall Police,Public order,2026-12,646
Devon & Cornwall Police,Robbery,2026-12,71
Devon & Cornwall Police,Shoplifting,2026-12,763
Devon & Cornwall Police,Theft from the person,2026-12,76
Devon & Cornwall Police,Vehicle crime,2026-12,313
Devon & Cornwall Police,Violence and sexual offences,2026-12,5585
Dorset Police,Anti-social behaviour,2026-12,842
Dorset Police,Bicycle theft,2026-12,33
Dorset Police,Burglary,2026-12,170
Dorset Police,Criminal damage and arson,2026-12,322
Dorset Police,Drugs,2026-12,91
Dorset Police,Other crime,2026-12,49
Dorset Police,Other theft,2026-12,292
Dorset Police,Possession of weapons,2026-12,27
Dorset Police,Public order,2026-12,216
Dorset Police,Robbery,2026-12,30
Dorset Police,Shoplifting,2026-12,318
Dorset Police,Theft from the person,2026-12,23
Dorset Police,Vehicle crime,2026-12,256
Dorset Police,Violence and sexual offences,2026-12,1500
Durham Constabulary,Anti-social behaviour,2026-12,968
Durham Constabulary,Bicycle theft,2026-12,17
Durham Constabulary,Burglary,2026-12,225
Durham Constabulary,Criminal damage and arson,2026-12,719
Durham Constabulary,Drugs,2026-12,117
Durham Constabulary,Other crime,2026-12,179
Durham Constabulary,Other theft,2026-12,291
Durham Constabulary,Possession of weapons,2026-12,46
Durham Constabulary,Public order,2026-12,353
Durham Constabulary,Robbery,2026-12,34
Durham Constabulary,Shoplifting,2026-12,549
Durham Constabulary,Theft from the person,2026-12,20
Durham Constabulary,Vehicle crime,2026-12,204
Durham Constabulary,Violence and sexual offences,2026-12,2109
Dyfed-Powys Police,Anti-social behaviour,2026-12,237
Dyfed-Powys Police,Bicycle theft,2026-12,12
Dyfed-Powys Police,Burglary,2026-12,110
Dyfed-Powys Police,Criminal damage and arson,2026-12,295
Dyfed-Powys Police,Drugs,2026-12,124
Dyfed-Powys Police,Other crime,2026-12,91
Dyfed-Powys Police,Other theft,2026-12,179
Dyfed-Powys Police,Possession of weapons,2026-12,38
Dyfed-Powys Police,Public order,2026-12,219
Dyfed-Powys Police,Robbery,2026-12,9
Dyfed-Powys Police,Shoplifting,2026-12,140
Dyfed-Powys Police,Theft from the person,2026-12,16
Dyfed-Powys Police,Vehicle crime,2026-12,71
Dyfed-Powys Police,Violence and sexual offences,2026-12,1292
Essex Police,Anti-social behaviour,2026-12,900
Essex Police,Bicycle theft,2026-12,72
Essex Police,Burglary,2026-12,446
Essex Police,Criminal damage and arson,2026-12,946
Essex Police,Drugs,2026-12,568
Essex Police,Other crime,2026-12,279
Essex Police,Other theft,2026-12,799
Essex Police,Possession of weapons,2026-12,129
Essex Police,Public order,2026-12,747
Essex Police,Robbery,2026-12,110
Essex Police,Shoplifting,2026-12,1072
Essex Police,Theft from the person,2026-12,85
Essex Police,Vehicle crime,2026-12,756
Essex Police,Violence and sexual offences,2026-12,5375
Gloucestershire Constabulary,Anti-social behaviour,2026-12,741
Gloucestershire Constabulary,Bicycle theft,2026-12,40
Gloucestershire Constabulary,Burglary,2026-12,176
Gloucestershire Constabulary,Criminal damage and arson,2026-12,282
Gloucestershire Constabulary,Drugs,2026-12,96
Gloucestershire Constabulary,Other crime,2026-12,114
Gloucestershire Constabulary,Other theft,2026-12,283
Gloucestershire Constabulary,Possession of weapons,2026-12,39
Gloucestershire Constabulary,Public order,2026-12,268
Gloucestershire Constabulary,Robbery,2026-12,35
Gloucestershire Constabulary,Shoplifting,2026-12,321
Gloucestershire Constabulary,Theft from the person,2026-12,20
Gloucestershire Constabulary,Vehicle crime,2026-12,185
Gloucestershire Constabulary,Violence and sexual offences,2026-12,1715
Gwent Police,Anti-social behaviour,2026-12,781
Gwent Police,Bicycle theft,2026-12,18
Gwent Police,Burglary,2026-12,174
Gwent Police,Criminal damage and arson,2026-12,559
Gwent Police,Drugs,2026-12,137
Gwent Police,Other crime,2026-12,154
Gwent Police,Other theft,2026-12,308
Gwent Police,Possession of weapons,2026-12,51
Gwent Police,Public order,2026-12,522
Gwent Police,Robbery,2026-12,29
Gwent Police,Shoplifting,2026-12,374
Gwent Police,Theft from the person,2026-12,20
Gwent Police,Vehicle crime,2026-12,194
Gwent Police,Violence and sexual offences,2026-12,2089
Hampshire Constabulary,Anti-social behaviour,2026-12,932
Hampshire Constabulary,Bicycle theft,2026-12,72
Hampshire Constabulary,Burglary,2026-12,377
Hampshire Constabulary,Criminal damage and arson,2026-12,767
Hampshire Constabulary,Drugs,2026-12,351
Hampshire Constabulary,Other crime,2026-12,217
Hampshire Constabulary,Other theft,2026-12,662
Hampshire Constabulary,Possession of weapons,2026-12,159
Hampshire Constabulary,Public order,2026-12,835
Hampshire Constabulary,Robbery,2026-12,114
Hampshire Constabulary,Shoplifting,2026-12,893
Hampshire Constabulary,Theft from the person,2026-12,74
Hampshire Constabulary,Vehicle crime,2026-12,468
Hampshire Constabulary,Violence and sexual offences,2026-12,5833
Hertfordshire Constabulary,Anti-social behaviour,2026-12,1213
Hertfordshire Constabulary,Bicycle theft,2026-12,57
Hertfordshire Constabulary,Burglary,2026-12,327
Hertfordshire Constabulary,Criminal damage and arson,2026-12,567
Hertfordshire Constabulary,Drugs,2026-12,315
Hertfordshire Constabulary,Other crime,2026-12,166
Hertfordshire Constabulary,Other theft,2026-12,705
Hertfordshire Constabulary,Possession of weapons,2026-12,78
Hertfordshire Constabulary,Public order,2026-12,416
Hertfordshire Constabulary,Robbery,2026-12,83
Hertfordshire Constabulary,Shoplifting,2026-12,664
Hertfordshire Constabulary,Theft from the person,2026-12,95
Hertfordshire Constabulary,Vehicle crime,2026-12,495
Hertfordshire Constabulary,Violence and sexual offences,2026-12,3020
Humberside Police,Anti-social behaviour,2026-12,507
Humberside Police,Bicycle theft,2026-12,75
Humberside Police,Burglary,2026-12,345
Humberside Police,Criminal damage and arson,2026-12,668
Humberside Police,Drugs,2026-12,201
Humberside Police,Other crime,2026-12,237
Humberside Police,Other theft,2026-12,497
Humberside Police,Possession of weapons,2026-12,72
Humberside Police,Public order,2026-12,601
Humberside Police,Robbery,2026-12,73
Humberside Police,Shoplifting,2026-12,657
Humberside Police,Theft from the person,2026-12,29
Humberside Police,Vehicle crime,2026-12,292
Humberside Police,Violence and sexual offences,2026-12,3072
Kent Police,Anti-social behaviour,2026-12,1886
Kent Police,Bicycle theft,2026-12,62
Kent Police,Burglary,2026-12,370
Kent Police,Criminal damage and arson,2026-12,1198
Kent Police,Drugs,2026-12,549
Kent Police,Other crime,2026-12,392
Kent Police,Other theft,2026-12,900
Kent Police,Possession of weapons,2026-12,150
Kent Police,Public order,2026-12,520
Kent Police,Robbery,2026-12,109
Kent Police,Shoplifting,2026-12,1167
Kent Police,Theft from the person,2026-12,74
Kent Police,Vehicle crime,2026-12,597
Kent Police,Violence and sexual offences,2026-12,5062
Lancashire Constabulary,Anti-social behaviour,2026-12,2107
Lancashire Constabulary,Bicycle theft,2026-12,58
Lancashire Constabulary,Burglary,2026-12,457
Lancashire Constabulary,Criminal damage and arson,2026-12,964
Lancashire Constabulary,Drugs,2026-12,348
Lancashire Constabulary,Other crime,2026-12,351
Lancashire Constabulary,Other theft,2026-12,733
Lancashire Constabulary,Possession of weapons,2026-12,139
Lancashire Constabulary,Public order,2026-12,634
Lancashire Constabulary,Robbery,2026-12,99
Lancashire Constabulary,Shoplifting,2026-12,725
Lancashire Constabulary,Theft from the person,2026-12,59
Lancashire Constabulary,Vehicle crime,2026-12,519
Lancashire Constabulary,Violence and sexual offences,2026-12,4857
Leicestershire Police,Anti-social behaviour,2026-12,877
Leicestershire Police,Bicycle theft,2026-12,70
Leicestershire Police,Burglary,2026-12,351
Leicestershire Police,Criminal damage and arson,2026-12,704
Leicestershire Police,Drugs,2026-12,263
Leicestershire Police,Other crime,2026-12,182
Leicestershire Police,Other theft,2026-12,542
Leicestershire Police,Possession of weapons,2026-12,71
Leicestershire Police,Public order,2026-12,650
Leicestershire Police,Robbery,2026-12,73
Leicestershire Police,Shoplifting,2026-12,645
Leicestershire Police,Theft from the person,2026-12,77
Leicestershire Police,Vehicle crime,2026-12,435
Leicestershire Police,Violence and sexual offences,2026-12,3092
Lincolnshire Police,Anti-social behaviour,2026-12,944
Lincolnshire Police,Bicycle theft,2026-12,38
Lincolnshire Police,Burglary,2026-12,193
Lincolnshire Police,Criminal damage and arson,2026-12,394
Lincolnshire Police,Drugs,2026-12,97
Lincolnshire Police,Other crime,2026-12,147
Lincolnshire Police,Other theft,2026-12,287
Lincolnshire Police,Possession of weapons,2026-12,37
Lincolnshire Police,Public order,2026-12,294
Lincolnshire Police,Robbery,2026-12,41
Lincolnshire Police,Shoplifting,2026-12,500
Lincolnshire Police,Theft from the person,2026-12,9
Lincolnshire Police,Vehicle crime,2026-12,177
Lincolnshire Police,Violence and sexual offences,2026-12,1984
Merseyside Police,Anti-social behaviour,2026-12,980
Merseyside Police,Bicycle theft,2026-12,66
Merseyside Police,Burglary,2026-12,319
Merseyside Police,Criminal damage and arson,2026-12,959
Merseyside Police,Drugs,2026-12,1010
Merseyside Police,Other crime,2026-12,296
Merseyside Police,Other theft,2026-12,661
Merseyside Police,Possession of weapons,2026-12,113
Merseyside Police,Public order,2026-12,1024
Merseyside Police,Robbery,2026-12,116
Merseyside Police,Shoplifting,2026-12,820
Merseyside Police,Theft from the person,2026-12,70
Merseyside Police,Vehicle crime,2026-12,403
Merseyside Police,Violence and sexual offences,2026-12,4782
Metropolitan Police Service,Anti-social behaviour,2026-12,16615
Metropolitan Police Service,Bicycle theft,2026-12,803
Metropolitan Police Service,Burglary,2026-12,3714
Metropolitan Police Service,Criminal damage and arson,2026-12,4324
Metropolitan Police Service,Drugs,2026-12,4023
Metropolitan Police Service,Other crime,2026-12,1067
Metropolitan Police Service,Other theft,2026-12,7781
Metropolitan Police Service,Possession of weapons,2026-12,507
Metropolitan Police Service,Public order,2026-12,4439
Metropolitan Police Service,Robbery,2026-12,2560
Metropolitan Police Service,Shoplifting,2026-12,7277
Metropolitan Police Service,Theft from the person,2026-12,8617
Metropolitan Police Service,Vehicle crime,2026-12,6253
Metropolitan Police Service,Violence and sexual offences,2026-12,21320
Norfolk Constabulary,Anti-social behaviour,2026-12,546
Norfolk Constabulary,Bicycle theft,2026-12,51
Norfolk Constabulary,Burglary,2026-12,152
Norfolk Constabulary,Criminal damage and arson,2026-12,437
Norfolk Constabulary,Drugs,2026-12,155
Norfolk Constabulary,Other crime,2026-12,145
Norfolk Constabulary,Other theft,2026-12,315
Norfolk Constabulary,Possession of weapons,2026-12,71
Norfolk Constabulary,Public order,2026-12,318
Norfolk Constabulary,Robbery,2026-12,34
Norfolk Constabulary,Shoplifting,2026-12,441
Norfolk Constabulary,Theft from the person,2026-12,34
Norfolk Constabulary,Vehicle crime,2026-12,136
Norfolk Constabulary,Violence and sexual offences,2026-12,2277
North Wales Police,Anti-social behaviour,2026-12,776
North Wales Police,Bicycle theft,2026-12,22
North Wales Police,Burglary,2026-12,132
North Wales Police,Criminal damage and arson,2026-12,383
North Wales Police,Drugs,2026-12,132
North Wales Police,Other crime,2026-12,91
North Wales Police,Other theft,2026-12,280
North Wales Police,Possession of weapons,2026-12,40
North Wales Police,Public order,2026-12,301
North Wales Police,Robbery,2026-12,17
North Wales Police,Shoplifting,2026-12,378
North Wales Police,Theft from the person,2026-12,9
North Wales Police,Vehicle crime,2026-12,105
North Wales Police,Violence and sexual offences,2026-12,2026
North Yorkshire Police,Anti-social behaviour,2026-12,942
North Yorkshire Police,Bicycle theft,2026-12,43
North Yorkshire Police,Burglary,2026-12,169
North Yorkshire Police,Criminal damage and arson,2026-12,364
North Yorkshire Police,Drugs,2026-12,122
North Yorkshire Police,Other crime,2026-12,82
North Yorkshire Police,Other theft,2026-12,265
North Yorkshire Police,Possession of weapons,2026-12,42
North Yorkshire Police,Public order,2026-12,261
North Yorkshire Police,Robbery,2026-12,32
North Yorkshire Police,Shoplifting,2026-12,369
North Yorkshire Police,Theft from the person,2026-12,16
North Yorkshire Police,Vehicle crime,2026-12,125
North Yorkshire Police,Violence and sexual offences,2026-12,1737
Northamptonshire Police,Anti-social behaviour,2026-12,933
Northamptonshire Police,Bicycle theft,2026-12,26
Northamptonshire Police,Burglary,2026-12,212
Northamptonshire Police,Criminal damage and arson,2026-12,351
Northamptonshire Police,Drugs,2026-12,198
Northamptonshire Police,Other crime,2026-12,113
Northamptonshire Police,Other theft,2026-12,331
Northamptonshire Police,Possession of weapons,2026-12,81
Northamptonshire Police,Public order,2026-12,302
Northamptonshire Police,Robbery,2026-12,91
Northamptonshire Police,Shoplifting,2026-12,428
Northamptonshire Police,Theft from the person,2026-12,21
Northamptonshire Police,Vehicle crime,2026-12,320
Northamptonshire Police,Violence and sexual offences,2026-12,2105
Northumbria Police,Anti-social behaviour,2026-12,1745
Northumbria Police,Bicycle theft,2026-12,59
Northumbria Police,Burglary,2026-12,546
Northumbria Police,Criminal damage and arson,2026-12,1182
Northumbria Police,Drugs,2026-12,388
Northumbria Police,Other crime,2026-12,317
Northumbria Police,Other theft,2026-12,791
Northumbria Police,Possession of weapons,2026-12,118
Northumbria Police,Public order,2026-12,925
Northumbria Police,Robbery,2026-12,98
Northumbria Police,Shoplifting,2026-12,1357
Northumbria Police,Theft from the person,2026-12,80
Northumbria Police,Vehicle crime,2026-12,462
Northumbria Police,Violence and sexual offences,2026-12,4632
Nottinghamshire Police,Anti-social behaviour,2026-12,1153
Nottinghamshire Police,Bicycle theft,2026-12,73
Nottinghamshire Police,Burglary,2026-12,345
Nottinghamshire Police,Criminal damage and arson,2026-12,757
Nottinghamshire Police,Drugs,2026-12,319
Nottinghamshire Police,Other crime,2026-12,351
Nottinghamshire Police,Other theft,2026-12,587
Nottinghamshire Police,Possession of weapons,2026-12,128
Nottinghamshire Police,Public order,2026-12,553
Nottinghamshire Police,Robbery,2026-12,158
Nottinghamshire Police,Shoplifting,2026-12,1021
Nottinghamshire Police,Theft from the person,2026-12,91
Nottinghamshire Police,Vehicle crime,2026-12,444
Nottinghamshire Police,Violence and sexual offences,2026-12,2955
South Wales Police,Anti-social behaviour,2026-12,1022
South Wales Police,Bicycle theft,2026-12,62
South Wales Police,Burglary,2026-12,273
South Wales Police,Criminal damage and arson,2026-12,758
South Wales Police,Drugs,2026-12,316
South Wales Police,Other crime,2026-12,270
South Wales Police,Other theft,2026-12,535
South Wales Police,Possession of weapons,2026-12,95
South Wales Police,Public order,2026-12,967
South Wales Police,Robbery,2026-12,93
South Wales Police,Shoplifting,2026-12,836
South Wales Police,Theft from the person,2026-12,63
South Wales Police,Vehicle crime,2026-12,487
South Wales Police,Violence and sexual offences,2026-12,3854
South Yorkshire Police,Anti-social behaviour,2026-12,1623
South Yorkshire Police,Bicycle theft,2026-12,58
South Yorkshire Police,Burglary,2026-12,670
South Yorkshire Police,Criminal damage and arson,2026-12,1076
South Yorkshire Police,Drugs,2026-12,434
South Yorkshire Police,Other crime,2026-12,417
South Yorkshire Police,Other theft,2026-12,718
South Yorkshire Police,Possession of weapons,2026-12,163
South Yorkshire Police,Public order,2026-12,918
South Yorkshire Police,Robbery,2026-12,174
South Yorkshire Police,Shoplifting,2026-12,1076
South Yorkshire Police,Theft from the person,2026-12,91
South Yorkshire Police,Vehicle crime,2026-12,834
South Yorkshire Police,Violence and sexual offences,2026-12,4641
Staffordshire Police,Anti-social behaviour,2026-12,972
Staffordshire Police,Bicycle theft,2026-12,47
Staffordshire Police,Burglary,2026-12,313
Staffordshire Police,Criminal damage and arson,2026-12,575
Staffordshire Police,Drugs,2026-12,255
Staffordshire Police,Other crime,2026-12,187
Staffordshire Police,Other theft,2026-12,476
Staffordshire Police,Possession of weapons,2026-12,88
Staffordshire Police,Public order,2026-12,601
Staffordshire Police,Robbery,2026-12,92
Staffordshire Police,Shoplifting,2026-12,511
Staffordshire Police,Theft from the person,2026-12,25
Staffordshire Police,Vehicle crime,2026-12,392
Staffordshire Police,Violence and sexual offences,2026-12,3161
Suffolk Constabulary,Anti-social behaviour,2026-12,240
Suffolk Constabulary,Bicycle theft,2026-12,26
Suffolk Constabulary,Burglary,2026-12,154
Suffolk Constabulary,Criminal damage and arson,2026-12,325
Suffolk Constabulary,Drugs,2026-12,106
Suffolk Constabulary,Other crime,2026-12,117
Suffolk Constabulary,Other theft,2026-12,261
Suffolk Constabulary,Possession of weapons,2026-12,47
Suffolk Constabulary,Public order,2026-12,226
Suffolk Constabulary,Robbery,2026-12,22
Suffolk Constabulary,Shoplifting,2026-12,314
Suffolk Constabulary,Theft from the person,2026-12,24
Suffolk Constabulary,Vehicle crime,2026-12,175
Suffolk Constabulary,Violence and sexual offences,2026-12,1629
Surrey Police,Anti-social behaviour,2026-12,906
Surrey Police,Bicycle theft,2026-12,44
Surrey Police,Burglary,2026-12,288
Surrey Police,Criminal damage and arson,2026-12,529
Surrey Police,Drugs,2026-12,267
Surrey Police,Other crime,2026-12,191
Surrey Police,Other theft,2026-12,505
Surrey Police,Possession of weapons,2026-12,75
Surrey Police,Public order,2026-12,584
Surrey Police,Robbery,2026-12,54
Surrey Police,Shoplifting,2026-12,495
Surrey Police,Theft from the person,2026-12,46
Surrey Police,Vehicle crime,2026-12,351
Surrey Police,Violence and sexual offences,2026-12,2500
Sussex Police,Anti-social behaviour,2026-12,1799
Sussex Police,Bicycle theft,2026-12,75
Sussex Police,Burglary,2026-12,379
Sussex Police,Criminal damage and arson,2026-12,944
Sussex Police,Drugs,2026-12,426
Sussex Police,Other crime,2026-12,291
Sussex Police,Other theft,2026-12,776
Sussex Police,Possession of weapons,2026-12,191
Sussex Police,Public order,2026-12,904
Sussex Police,Robbery,2026-12,133
Sussex Police,Shoplifting,2026-12,1350
Sussex Police,Theft from the person,2026-12,83
Sussex Police,Vehicle crime,2026-12,414
Sussex Police,Violence and sexual offences,2026-12,4050
Thames Valley Police,Anti-social behaviour,2026-12,1159
Thames Valley Police,Bicycle theft,2026-12,169
Thames Valley Police,Burglary,2026-12,561
Thames Valley Police,Criminal damage and arson,2026-12,1148
Thames Valley Police,Drugs,2026-12,535
Thames Valley Police,Other crime,2026-12,340
Thames Valley Police,Other theft,2026-12,1202
Thames Valley Police,Possession of weapons,2026-12,105
Thames Valley Police,Public order,2026-12,1062
Thames Valley Police,Robbery,2026-12,169
Thames Valley Police,Shoplifting,2026-12,1284
Thames Valley Police,Theft from the person,2026-12,147
Thames Valley Police,Vehicle crime,2026-12,921
Thames Valley Police,Violence and sexual offences,2026-12,5972
Warwickshire Police,Anti-social behaviour,2026-12,674
Warwickshire Police,Bicycle theft,2026-12,24
Warwickshire Police,Burglary,2026-12,188
Warwickshire Police,Criminal damage and arson,2026-12,286
Warwickshire Police,Drugs,2026-12,87
Warwickshire Police,Other crime,2026-12,96
Warwickshire Police,Other theft,2026-12,217
Warwickshire Police,Possession of weapons,2026-12,46
Warwickshire Police,Public order,2026-12,246
Warwickshire Police,Robbery,2026-12,42
Warwickshire Police,Shoplifting,2026-12,282
Warwickshire Police,Theft from the person,2026-12,21
Warwickshire Police,Vehicle crime,2026-12,268
Warwickshire Police,Violence and sexual offences,2026-12,1365
West Mercia Police,Anti-social behaviour,2026-12,975
West Mercia Police,Bicycle theft,2026-12,43
West Mercia Police,Burglary,2026-12,313
West Mercia Police,Criminal damage and arson,2026-12,595
West Mercia Police,Drugs,2026-12,205
West Mercia Police,Other crime,2026-12,182
West Mercia Police,Other theft,2026-12,483
West Mercia Police,Possession of weapons,2026-12,90
West Mercia Police,Public order,2026-12,452
West Mercia Police,Robbery,2026-12,75
West Mercia Police,Shoplifting,2026-12,653
West Mercia Police,Theft from the person,2026-12,30
West Mercia Police,Vehicle crime,2026-12,261
West Mercia Police,Violence and sexual offences,2026-12,3199
West Midlands Police,Anti-social behaviour,2026-12,1029
West Midlands Police,Bicycle theft,2026-12,95
West Midlands Police,Burglary,2026-12,1129
West Midlands Police,Criminal damage and arson,2026-12,1890
West Midlands Police,Drugs,2026-12,725
West Midlands Police,Other crime,2026-12,468
West Midlands Police,Other theft,2026-12,1341
West Midlands Police,Possession of weapons,2026-12,485
West Midlands Police,Public order,2026-12,1246
West Midlands Police,Robbery,2026-12,476
West Midlands Police,Shoplifting,2026-12,2444
West Midlands Police,Theft from the person,2026-12,221
West Midlands Police,Vehicle crime,2026-12,2030
West Midlands Police,Violence and sexual offences,2026-12,10843
West Yorkshire Police,Anti-social behaviour,2026-12,1531
West Yorkshire Police,Bicycle theft,2026-12,90
West Yorkshire Police,Burglary,2026-12,1180
West Yorkshire Police,Criminal damage and arson,2026-12,1575
West Yorkshire Police,Drugs,2026-12,901
West Yorkshire Police,Other crime,2026-12,746
West Yorkshire Police,Other theft,2026-12,1495
West Yorkshire Police,Possession of weapons,2026-12,197
West Yorkshire Police,Public order,2026-12,1501
West Yorkshire Police,Robbery,2026-12,315
West Yorkshire Police,Shoplifting,2026-12,1497
West Yorkshire Police,Theft from the person,2026-12,193
West Yorkshire Police,Vehicle crime,2026-12,1267
West Yorkshire Police,Violence and sexual offences,2026-12,10596
Wiltshire Police,Anti-social behaviour,2026-12,667
Wiltshire Police,Bicycle theft,2026-12,33
Wiltshire Police,Burglary,2026-12,137
Wiltshire Police,Criminal damage and arson,2026-12,337
Wiltshire Police,Drugs,2026-12,111
Wiltshire Police,Other crime,2026-12,107
Wiltshire Police,Other theft,2026-12,213
Wiltshire Police,Possession of weapons,2026-12,42
Wiltshire Police,Public order,2026-12,286
Wiltshire Police,Robbery,2026-12,20
Wiltshire Police,Shoplifting,2026-12,291
Wiltshire Police,Theft from the person,2026-12,25
Wiltshire Police,Vehicle crime,2026-12,166
Wiltshire Police,Violence and sexual offences,2026-12,1585
Avon and Somerset Constabulary,Anti-social behaviour,2027-01,1847
Avon and Somerset Constabulary,Bicycle theft,2027-01,108
Avon and Somerset Constabulary,Burglary,2027-01,670
Avon and Somerset Constabulary,Criminal damage and arson,2027-01,1167
Avon and Somerset Constabulary,Drugs,2027-01,321
Avon and Somerset Constabulary,Other crime,2027-01,356
Avon and Somerset Constabulary,Other theft,2027-01,1199
Avon and Somerset Constabulary,Possession of weapons,2027-01,115
Avon and Somerset Constabulary,Public order,2027-01,1547
Avon and Somerset Constabulary,Robbery,2027-01,273
Avon and Somerset Constabulary,Shoplifting,2027-01,1388
Avon and Somerset Constabulary,Theft from the person,2027-01,52
Avon and Somerset Constabulary,Vehicle crime,2027-01,766
Avon and Somerset Constabulary,Violence and sexual offences,2027-01,6753
Bedfordshire Police,Anti-social behaviour,2027-01,676
Bedfordshire Police,Bicycle theft,2027-01,36
Bedfordshire Police,Burglary,2027-01,178
Bedfordshire Police,Criminal damage and arson,2027-01,351
Bedfordshire Police,Drugs,2027-01,226
Bedfordshire Police,Other crime,2027-01,133
Bedfordshire Police,Other theft,2027-01,317
Bedfordshire Police,Possession of weapons,2027-01,65
Bedfordshire Police,Public order,2027-01,320
Bedfordshire Police,Robbery,2027-01,64
Bedfordshire Police,Shoplifting,2027-01,417
Bedfordshire Police,Theft from the person,2027-01,33
Bedfordshire Police,Vehicle crime,2027-01,347
Bedfordshire Police,Violence and sexual offences,2027-01,1784
Cambridgeshire Constabulary,Anti-social behaviour,2027-01,951
Cambridgeshire Constabulary,Bicycle theft,2027-01,90
Cambridgeshire Constabulary,Burglary,2027-01,290
Cambridgeshire Constabulary,Criminal damage and arson,2027-01,509
Cambridgeshire Constabulary,Drugs,2027-01,267
Cambridgeshire Constabulary,Other crime,2027-01,222
Cambridgeshire Constabulary,Other theft,2027-01,404
Cambridgeshire Constabulary,Possession of weapons,2027-01,95
Cambridgeshire Constabulary,Public order,2027-01,375
Cambridgeshire Constabulary,Robbery,2027-01,53
Cambridgeshire Constabulary,Shoplifting,2027-01,572
Cambridgeshire Constabulary,Theft from the person,2027-01,58
Cambridgeshire Constabulary,Vehicle crime,2027-01,334
Cambridgeshire Constabulary,Violence and sexual offences,2027-01,2390
Cheshire Constabulary,Anti-social behaviour,2027-01,541
Cheshire Constabulary,Bicycle theft,2027-01,45
Cheshire Constabulary,Burglary,2027-01,199
Cheshire Constabulary,Criminal damage and arson,2027-01,409
Cheshire Constabulary,Drugs,2027-01,318
Cheshire Constabulary,Other crime,2027-01,183
Cheshire Constabulary,Other theft,2027-01,376
Cheshire Constabulary,Possession of weapons,2027-01,71
Cheshire Constabulary,Public order,2027-01,621
Cheshire Constabulary,Robbery,2027-01,41
Cheshire Constabulary,Shoplifting,2027-01,424
Cheshire Constabulary,Theft from the person,2027-01,19
Cheshire Constabulary,Vehicle crime,2027-01,185
Cheshire Constabulary,Violence and sexual offences,2027-01,3045
City of London Police,Anti-social behaviour,2027-01,14
City of London Police,Bicycle theft,2027-01,19
City of London Police,Burglary,2027-01,37
City of London Police,Criminal damage and arson,2027-01,23
City of London Police,Drugs,2027-01,53
City of London Police,Other crime,2027-01,8
City of London Police,Other theft,2027-01,147
City of London Police,Possession of weapons,2027-01,4
City of London Police,Public order,2027-01,50
City of London Police,Robbery,2027-01,18
City of London Police,Shoplifting,2027-01,112
City of London Police,Theft from the person,2027-01,77
City of London Police,Vehicle crime,2027-01,13
City of London Police,Violence and sexual offences,2027-01,129
Cleveland Police,Anti-social behaviour,2027-01,1100
Cleveland Police,Bicycle theft,2027-01,31
Cleveland Police,Burglary,2027-01,311
Cleveland Police,Criminal damage and arson,2027-01,729
Cleveland Police,Drugs,2027-01,271
Cleveland Police,Other crime,2027-01,264
Cleveland Police,Other theft,2027-01,346
Cleveland Police,Possession of weapons,2027-01,75
Cleveland Police,Public order,2027-01,502
Cleveland Police,Robbery,2027-01,116
Cleveland Police,Shoplifting,2027-01,813
Cleveland Police,Theft from the person,2027-01,22
Cleveland Police,Vehicle crime,2027-01,311
Cleveland Police,Violence and sexual offences,2027-01,2480
Cumbria Constabulary,Anti-social behaviour,2027-01,158
Cumbria Constabulary,Bicycle theft,2027-01,17
Cumbria Constabulary,Burglary,2027-01,91
Cumbria Constabulary,Criminal damage and arson,2027-01,293
Cumbria Constabulary,Drugs,2027-01,139
Cumbria Constabulary,Other crime,2027-01,100
Cumbria Constabulary,Other theft,2027-01,180
Cumbria Constabulary,Possession of weapons,2027-01,43
Cumbria Constabulary,Public order,2027-01,281
Cumbria Constabulary,Robbery,2027-01,14
Cumbria Constabulary,Shoplifting,2027-01,198
Cumbria Constabulary,Theft from the person,2027-01,13
Cumbria Constabulary,Vehicle crime,2027-01,77
Cumbria Constabulary,Violence and sexual offences,2027-01,1380
Derbyshire Constabulary,Anti-social behaviour,2027-01,904
Derbyshire Constabulary,Bicycle theft,2027-01,28
Derbyshire Constabulary,Burglary,2027-01,271
Derbyshire Constabulary,Criminal damage and arson,2027-01,537
Derbyshire Constabulary,Drugs,2027-01,319
Derbyshire Constabulary,Other crime,2027-01,187
Derbyshire Constabulary,Other theft,2027-01,458
Derbyshire Constabulary,Possession of weapons,2027-01,95
Derbyshire Constabulary,Public order,2027-01,630
Derbyshire Constabulary,Robbery,2027-01,71
Derbyshire Constabulary,Shoplifting,2027-01,604
Derbyshire Constabulary,Theft from the person,2027-01,46
Derbyshire Constabulary,Vehicle crime,2027-01,302
Derbyshire Constabulary,Violence and sexual offences,2027-01,3309
Devon & Cornwall Police,Anti-social behaviour,2027-01,1160
Devon & Cornwall Police,Bicycle theft,2027-01,53
Devon & Cornwall Police,Burglary,2027-01,322
Devon & Cornwall Police,Criminal damage and arson,2027-01,1043
Devon & Cornwall Police,Drugs,2027-01,332
Devon & Cornwall Police,Other crime,2027-01,299
Devon & Cornwall Police,Other theft,2027-01,807
Devon & Cornwall Police,Possession of weapons,2027-01,145
Devon & Cornwall Police,Public order,2027-01,660
Devon & Cornwall Police,Robbery,2027-01,71
Devon & Cornwall Police,Shoplifting,2027-01,822
Devon & Cornwall Police,Theft from the person,2027-01,66
Devon & Cornwall Police,Vehicle crime,2027-01,323
Devon & Cornwall Police,Violence and sexual offences,2027-01,5465
Dorset Police,Anti-social behaviour,2027-01,891
Dorset Police,Bicycle theft,2027-01,36
Dorset Police,Burglary,2027-01,177
Dorset Police,Criminal damage and arson,2027-01,321
Dorset Police,Drugs,2027-01,96
Dorset Police,Other crime,2027-01,55
Dorset Police,Other theft,2027-01,286
Dorset Police,Possession of weapons,2027-01,28
Dorset Police,Public order,2027-01,225
Dorset Police,Robbery,2027-01,30
Dorset Police,Shoplifting,2027-01,354
Dorset Police,Theft from the person,2027-01,21
Dorset Police,Vehicle crime,2027-01,271
Dorset Police,Violence and sexual offences,2027-01,1498
Durham Constabulary,Anti-social behaviour,2027-01,1019
Durham Constabulary,Bicycle theft,2027-01,18
Durham Constabulary,Burglary,2027-01,229
Durham Constabulary,Criminal damage and arson,2027-01,716
Durham Constabulary,Drugs,2027-01,121
Durham Constabulary,Other crime,2027-01,195
Durham Constabulary,Other theft,2027-01,291
Durham Constabulary,Possession of weapons,2027-01,50
Durham Constabulary,Public order,2027-01,363
Durham Constabulary,Robbery,2027-01,34
Durham Constabulary,Shoplifting,2027-01,597
Durham Constabulary,Theft from the person,2027-01,17
Durham Constabulary,Vehicle crime,2027-01,220
Durham Constabulary,Violence and sexual offences,2027-01,2106
Dyfed-Powys Police,Anti-social behaviour,2027-01,222
Dyfed-Powys Police,Bicycle theft,2027-01,10
Dyfed-Powys Police,Burglary,2027-01,97
Dyfed-Powys Police,Criminal damage and arson,2027-01,260
Dyfed-Powys Police,Drugs,2027-01,111
Dyfed-Powys Police,Other crime,2027-01,90
Dyfed-Powys Police,Other theft,2027-01,155
Dyfed-Powys Police,Possession of weapons,2027-01,36
Dyfed-Powys Police,Public order,2027-01,202
Dyfed-Powys Police,Robbery,2027-01,8
Dyfed-Powys Police,Shoplifting,2027-01,129
Dyfed-Powys Police,Theft from the person,2027-01,13
Dyfed-Powys Police,Vehicle crime,2027-01,67
Dyfed-Powys Police,Violence and sexual offences,2027-01,1148
Essex Police,Anti-social behaviour,2027-01,976
Essex Police,Bicycle theft,2027-01,75
Essex Police,Burglary,2027-01,446
Essex Police,Criminal damage and arson,2027-01,956
Essex Police,Drugs,2027-01,596
Essex Police,Other crime,2027-01,301
Essex Police,Other theft,2027-01,773
Essex Police,Possession of weapons,2027-01,135
Essex Police,Public order,2027-01,763
Essex Police,Robbery,2027-01,113
Essex Police,Shoplifting,2027-01,1163
Essex Police,Theft from the person,2027-01,71
Essex Police,Vehicle crime,2027-01,786
Essex Police,Violence and sexual offences,2027-01,5520
Gloucestershire Constabulary,Anti-social behaviour,2027-01,798
Gloucestershire Constabulary,Bicycle theft,2027-01,41
Gloucestershire Constabulary,Burglary,2027-01,188
Gloucestershire Constabulary,Criminal damage and arson,2027-01,279
Gloucestershire Constabulary,Drugs,2027-01,101
Gloucestershire Constabulary,Other crime,2027-01,129
Gloucestershire Constabulary,Other theft,2027-01,276
Gloucestershire Constabulary,Possession of weapons,2027-01,40
Gloucestershire Constabulary,Public order,2027-01,276
Gloucestershire Constabulary,Robbery,2027-01,35
Gloucestershire Constabulary,Shoplifting,2027-01,350
Gloucestershire Constabulary,Theft from the person,2027-01,18
Gloucestershire Constabulary,Vehicle crime,2027-01,199
Gloucestershire Constabulary,Violence and sexual offences,2027-01,1715
Gwent Police,Anti-social behaviour,2027-01,852
Gwent Police,Bicycle theft,2027-01,20
Gwent Police,Burglary,2027-01,173
Gwent Police,Criminal damage and arson,2027-01,558
Gwent Police,Drugs,2027-01,145
Gwent Police,Other crime,2027-01,183
Gwent Police,Other theft,2027-01,306
Gwent Police,Possession of weapons,2027-01,55
Gwent Police,Public order,2027-01,555
Gwent Police,Robbery,2027-01,28
Gwent Police,Shoplifting,2027-01,402
Gwent Police,Theft from the person,2027-01,17
Gwent Police,Vehicle crime,2027-01,198
Gwent Police,Violence and sexual offences,2027-01,2118
Hampshire Constabulary,Anti-social behaviour,2027-01,1051
Hampshire Constabulary,Bicycle theft,2027-01,82
Hampshire Constabulary,Burglary,2027-01,406
Hampshire Constabulary,Criminal damage and arson,2027-01,797
Hampshire Constabulary,Drugs,2027-01,390
Hampshire Constabulary,Other crime,2027-01,259
Hampshire Constabulary,Other theft,2027-01,668
Hampshire Constabulary,Possession of weapons,2027-01,178
Hampshire Constabulary,Public order,2027-01,887
Hampshire Constabulary,Robbery,2027-01,124
Hampshire Constabulary,Shoplifting,2027-01,1024
Hampshire Constabulary,Theft from the person,2027-01,69
Hampshire Constabulary,Vehicle crime,2027-01,512
Hampshire Constabulary,Violence and sexual offences,2027-01,6040
Hertfordshire Constabulary,Anti-social behaviour,2027-01,1294
Hertfordshire Constabulary,Bicycle theft,2027-01,63
Hertfordshire Constabulary,Burglary,2027-01,336
Hertfordshire Constabulary,Criminal damage and arson,2027-01,565
Hertfordshire Constabulary,Drugs,2027-01,327
Hertfordshire Constabulary,Other crime,2027-01,193
Hertfordshire Constabulary,Other theft,2027-01,694
Hertfordshire Constabulary,Possession of weapons,2027-01,82
Hertfordshire Constabulary,Public order,2027-01,426
Hertfordshire Constabulary,Robbery,2027-01,85
Hertfordshire Constabulary,Shoplifting,2027-01,739
Hertfordshire Constabulary,Theft from the person,2027-01,80
Hertfordshire Constabulary,Vehicle crime,2027-01,529
Hertfordshire Constabulary,Violence and sexual offences,2027-01,3059
Humberside Police,Anti-social behaviour,2027-01,564
Humberside Police,Bicycle theft,2027-01,81
Humberside Police,Burglary,2027-01,357
Humberside Police,Criminal damage and arson,2027-01,678
Humberside Police,Drugs,2027-01,219
Humberside Police,Other crime,2027-01,270
Humberside Police,Other theft,2027-01,493
Humberside Police,Possession of weapons,2027-01,79
Humberside Police,Public order,2027-01,630
Humberside Police,Robbery,2027-01,77
Humberside Police,Shoplifting,2027-01,735
Humberside Police,Theft from the person,2027-01,26
Humberside Police,Vehicle crime,2027-01,314
Humberside Police,Violence and sexual offences,2027-01,3076
Kent Police,Anti-social behaviour,2027-01,2050
Kent Police,Bicycle theft,2027-01,67
Kent Police,Burglary,2027-01,377
Kent Police,Criminal damage and arson,2027-01,1226
Kent Police,Drugs,2027-01,583
Kent Police,Other crime,2027-01,427
Kent Police,Other theft,2027-01,899
Kent Police,Possession of weapons,2027-01,165
Kent Police,Public order,2027-01,549
Kent Police,Robbery,2027-01,113
Kent Police,Shoplifting,2027-01,1287
Kent Police,Theft from the person,2027-01,63
Kent Police,Vehicle crime,2027-01,627
Kent Police,Violence and sexual offences,2027-01,5363
Lancashire Constabulary,Anti-social behaviour,2027-01,2222
Lancashire Constabulary,Bicycle theft,2027-01,62
Lancashire Constabulary,Burglary,2027-01,462
Lancashire Constabulary,Criminal damage and arson,2027-01,955
Lancashire Constabulary,Drugs,2027-01,361
Lancashire Constabulary,Other crime,2027-01,388
Lancashire Constabulary,Other theft,2027-01,728
Lancashire Constabulary,Possession of weapons,2027-01,149
Lancashire Constabulary,Public order,2027-01,658
Lancashire Constabulary,Robbery,2027-01,102
Lancashire Constabulary,Shoplifting,2027-01,807
Lancashire Constabulary,Theft from the person,2027-01,52
Lancashire Constabulary,Vehicle crime,2027-01,543
Lancashire Constabulary,Violence and sexual offences,2027-01,4974
Leicestershire Police,Anti-social behaviour,2027-01,932
Leicestershire Police,Bicycle theft,2027-01,75
Leicestershire Police,Burglary,2027-01,361
Leicestershire Police,Criminal damage and arson,2027-01,704
Leicestershire Police,Drugs,2027-01,281
Leicestershire Police,Other crime,2027-01,211
Leicestershire Police,Other theft,2027-01,535
Leicestershire Police,Possession of weapons,2027-01,77
Leicestershire Police,Public order,2027-01,671
Leicestershire Police,Robbery,2027-01,76
Leicestershire Police,Shoplifting,2027-01,710
Leicestershire Police,Theft from the person,2027-01,67
Leicestershire Police,Vehicle crime,2027-01,449
Leicestershire Police,Violence and sexual offences,2027-01,3085
Lincolnshire Police,Anti-social behaviour,2027-01,1012
Lincolnshire Police,Bicycle theft,2027-01,39
Lincolnshire Police,Burglary,2027-01,200
Lincolnshire Police,Criminal damage and arson,2027-01,394
Lincolnshire Police,Drugs,2027-01,101
Lincolnshire Police,Other crime,2027-01,157
Lincolnshire Police,Other theft,2027-01,283
Lincolnshire Police,Possession of weapons,2027-01,39
Lincolnshire Police,Public order,2027-01,305
Lincolnshire Police,Robbery,2027-01,44
Lincolnshire Police,Shoplifting,2027-01,545
Lincolnshire Police,Theft from the person,2027-01,8
Lincolnshire Police,Vehicle crime,2027-01,178
Lincolnshire Police,Violence and sexual offences,2027-01,2008
Merseyside Police,Anti-social behaviour,2027-01,1019
Merseyside Police,Bicycle theft,2027-01,71
Merseyside Police,Burglary,2027-01,314
Merseyside Police,Criminal damage and arson,2027-01,946
Merseyside Police,Drugs,2027-01,1055
Merseyside Police,Other crime,2027-01,331
Merseyside Police,Other theft,2027-01,635
Merseyside Police,Possession of weapons,2027-01,118
Merseyside Police,Public order,2027-01,1061
Merseyside Police,Robbery,2027-01,118
Merseyside Police,Shoplifting,2027-01,890
Merseyside Police,Theft from the person,2027-01,61
Merseyside Police,Vehicle crime,2027-01,415
Merseyside Police,Violence and sexual offences,2027-01,4777
Metropolitan Police Service,Anti-social behaviour,2027-01,16384
Metropolitan Police Service,Bicycle theft,2027-01,821
Metropolitan Police Service,Burglary,2027-01,3762
Metropolitan Police Service,Criminal damage and arson,2027-01,4245
Metropolitan Police Service,Drugs,2027-01,4322
Metropolitan Police Service,Other crime,2027-01,1147
Metropolitan Police Service,Other theft,2027-01,7573
Metropolitan Police Service,Possession of weapons,2027-01,553
Metropolitan Police Service,Public order,2027-01,4235
Metropolitan Police Service,Robbery,2027-01,2564
Metropolitan Police Service,Shoplifting,2027-01,7186
Metropolitan Police Service,Theft from the person,2027-01,7058
Metropolitan Police Service,Vehicle crime,2027-01,6497
Metropolitan Police Service,Violence and sexual offences,2027-01,20188
Norfolk Constabulary,Anti-social behaviour,2027-01,588
Norfolk Constabulary,Bicycle theft,2027-01,54
Norfolk Constabulary,Burglary,2027-01,167
Norfolk Constabulary,Criminal damage and arson,2027-01,431
Norfolk Constabulary,Drugs,2027-01,165
Norfolk Constabulary,Other crime,2027-01,163
Norfolk Constabulary,Other theft,2027-01,309
Norfolk Constabulary,Possession of weapons,2027-01,75
Norfolk Constabulary,Public order,2027-01,331
Norfolk Constabulary,Robbery,2027-01,34
Norfolk Constabulary,Shoplifting,2027-01,478
Norfolk Constabulary,Theft from the person,2027-01,31
Norfolk Constabulary,Vehicle crime,2027-01,143
Norfolk Constabulary,Violence and sexual offences,2027-01,2255
North Wales Police,Anti-social behaviour,2027-01,827
North Wales Police,Bicycle theft,2027-01,23
North Wales Police,Burglary,2027-01,135
North Wales Police,Criminal damage and arson,2027-01,383
North Wales Police,Drugs,2027-01,137
North Wales Police,Other crime,2027-01,105
North Wales Police,Other theft,2027-01,273
North Wales Police,Possession of weapons,2027-01,41
North Wales Police,Public order,2027-01,314
North Wales Police,Robbery,2027-01,18
North Wales Police,Shoplifting,2027-01,420
North Wales Police,Theft from the person,2027-01,8
North Wales Police,Vehicle crime,2027-01,110
North Wales Police,Violence and sexual offences,2027-01,2034
North Yorkshire Police,Anti-social behaviour,2027-01,980
North Yorkshire Police,Bicycle theft,2027-01,45
North Yorkshire Police,Burglary,2027-01,170
North Yorkshire Police,Criminal damage and arson,2027-01,355
North Yorkshire Police,Drugs,2027-01,124
North Yorkshire Police,Other crime,2027-01,89
North Yorkshire Police,Other theft,2027-01,259
North Yorkshire Police,Possession of weapons,2027-01,44
North Yorkshire Police,Public order,2027-01,268
North Yorkshire Police,Robbery,2027-01,30
North Yorkshire Police,Shoplifting,2027-01,389
North Yorkshire Police,Theft from the person,2027-01,14
North Yorkshire Police,Vehicle crime,2027-01,126
North Yorkshire Police,Violence and sexual offences,2027-01,1675
Northamptonshire Police,Anti-social behaviour,2027-01,989
Northamptonshire Police,Bicycle theft,2027-01,29
Northamptonshire Police,Burglary,2027-01,219
Northamptonshire Police,Criminal damage and arson,2027-01,352
Northamptonshire Police,Drugs,2027-01,212
Northamptonshire Police,Other crime,2027-01,128
Northamptonshire Police,Other theft,2027-01,327
Northamptonshire Police,Possession of weapons,2027-01,86
Northamptonshire Police,Public order,2027-01,316
Northamptonshire Police,Robbery,2027-01,95
Northamptonshire Police,Shoplifting,2027-01,472
Northamptonshire Police,Theft from the person,2027-01,18
Northamptonshire Police,Vehicle crime,2027-01,337
Northamptonshire Police,Violence and sexual offences,2027-01,2111
Northumbria Police,Anti-social behaviour,2027-01,1950
Northumbria Police,Bicycle theft,2027-01,70
Northumbria Police,Burglary,2027-01,549
Northumbria Police,Criminal damage and arson,2027-01,1193
Northumbria Police,Drugs,2027-01,411
Northumbria Police,Other crime,2027-01,359
Northumbria Police,Other theft,2027-01,775
Northumbria Police,Possession of weapons,2027-01,123
Northumbria Police,Public order,2027-01,984
Northumbria Police,Robbery,2027-01,101
Northumbria Police,Shoplifting,2027-01,1533
Northumbria Police,Theft from the person,2027-01,71
Northumbria Police,Vehicle crime,2027-01,481
Northumbria Police,Violence and sexual offences,2027-01,4750
Nottinghamshire Police,Anti-social behaviour,2027-01,1204
Nottinghamshire Police,Bicycle theft,2027-01,81
Nottinghamshire Police,Burglary,2027-01,354
Nottinghamshire Police,Criminal damage and arson,2027-01,772
Nottinghamshire Police,Drugs,2027-01,338
Nottinghamshire Police,Other crime,2027-01,394
Nottinghamshire Police,Other theft,2027-01,591
Nottinghamshire Police,Possession of weapons,2027-01,135
Nottinghamshire Police,Public order,2027-01,578
Nottinghamshire Police,Robbery,2027-01,163
Nottinghamshire Police,Shoplifting,2027-01,1117
Nottinghamshire Police,Theft from the person,2027-01,78
Nottinghamshire Police,Vehicle crime,2027-01,468
Nottinghamshire Police,Violence and sexual offences,2027-01,3030
South Wales Police,Anti-social behaviour,2027-01,1070
South Wales Police,Bicycle theft,2027-01,66
South Wales Police,Burglary,2027-01,277
South Wales Police,Criminal damage and arson,2027-01,763
South Wales Police,Drugs,2027-01,329
South Wales Police,Other crime,2027-01,297
South Wales Police,Other theft,2027-01,531
South Wales Police,Possession of weapons,2027-01,102
South Wales Police,Public order,2027-01,993
South Wales Police,Robbery,2027-01,95
South Wales Police,Shoplifting,2027-01,898
South Wales Police,Theft from the person,2027-01,53
South Wales Police,Vehicle crime,2027-01,502
South Wales Police,Violence and sexual offences,2027-01,3891
South Yorkshire Police,Anti-social behaviour,2027-01,1743
South Yorkshire Police,Bicycle theft,2027-01,62
South Yorkshire Police,Burglary,2027-01,671
South Yorkshire Police,Criminal damage and arson,2027-01,1060
South Yorkshire Police,Drugs,2027-01,449
South Yorkshire Police,Other crime,2027-01,450
South Yorkshire Police,Other theft,2027-01,710
South Yorkshire Police,Possession of weapons,2027-01,178
South Yorkshire Police,Public order,2027-01,949
South Yorkshire Police,Robbery,2027-01,176
South Yorkshire Police,Shoplifting,2027-01,1158
South Yorkshire Police,Theft from the person,2027-01,77
South Yorkshire Police,Vehicle crime,2027-01,876
South Yorkshire Police,Violence and sexual offences,2027-01,4637
Staffordshire Police,Anti-social behaviour,2027-01,1056
Staffordshire Police,Bicycle theft,2027-01,53
Staffordshire Police,Burglary,2027-01,330
Staffordshire Police,Criminal damage and arson,2027-01,587
Staffordshire Police,Drugs,2027-01,284
Staffordshire Police,Other crime,2027-01,223
Staffordshire Police,Other theft,2027-01,488
Staffordshire Police,Possession of weapons,2027-01,98
Staffordshire Police,Public order,2027-01,651
Staffordshire Police,Robbery,2027-01,99
Staffordshire Police,Shoplifting,2027-01,598
Staffordshire Police,Theft from the person,2027-01,22
Staffordshire Police,Vehicle crime,2027-01,428
Staffordshire Police,Violence and sexual offences,2027-01,3282
Suffolk Constabulary,Anti-social behaviour,2027-01,253
Suffolk Constabulary,Bicycle theft,2027-01,27
Suffolk Constabulary,Burglary,2027-01,164
Suffolk Constabulary,Criminal damage and arson,2027-01,325
Suffolk Constabulary,Drugs,2027-01,109
Suffolk Constabulary,Other crime,2027-01,128
Suffolk Constabulary,Other theft,2027-01,258
Suffolk Constabulary,Possession of weapons,2027-01,51
Suffolk Constabulary,Public order,2027-01,232
Suffolk Constabulary,Robbery,2027-01,23
Suffolk Constabulary,Shoplifting,2027-01,339
Suffolk Constabulary,Theft from the person,2027-01,20
Suffolk Constabulary,Vehicle crime,2027-01,186
Suffolk Constabulary,Violence and sexual offences,2027-01,1646
Surrey Police,Anti-social behaviour,2027-01,955
Surrey Police,Bicycle theft,2027-01,46
Surrey Police,Burglary,2027-01,296
Surrey Police,Criminal damage and arson,2027-01,531
Surrey Police,Drugs,2027-01,277
Surrey Police,Other crime,2027-01,214
Surrey Police,Other theft,2027-01,493
Surrey Police,Possession of weapons,2027-01,80
Surrey Police,Public order,2027-01,597
Surrey Police,Robbery,2027-01,54
Surrey Police,Shoplifting,2027-01,542
Surrey Police,Theft from the person,2027-01,40
Surrey Police,Vehicle crime,2027-01,365
Surrey Police,Violence and sexual offences,2027-01,2470
Sussex Police,Anti-social behaviour,2027-01,1937
Sussex Police,Bicycle theft,2027-01,84
Sussex Police,Burglary,2027-01,391
Sussex Police,Criminal damage and arson,2027-01,964
Sussex Police,Drugs,2027-01,438
Sussex Police,Other crime,2027-01,330
Sussex Police,Other theft,2027-01,766
Sussex Police,Possession of weapons,2027-01,210
Sussex Police,Public order,2027-01,954
Sussex Police,Robbery,2027-01,138
Sussex Police,Shoplifting,2027-01,1517
Sussex Police,Theft from the person,2027-01,70
Sussex Police,Vehicle crime,2027-01,429
Sussex Police,Violence and sexual offences,2027-01,4163
Thames Valley Police,Anti-social behaviour,2027-01,1231
Thames Valley Police,Bicycle theft,2027-01,183
Thames Valley Police,Burglary,2027-01,570
Thames Valley Police,Criminal damage and arson,2027-01,1154
Thames Valley Police,Drugs,2027-01,566
Thames Valley Police,Other crime,2027-01,382
Thames Valley Police,Other theft,2027-01,1169
Thames Valley Police,Possession of weapons,2027-01,116
Thames Valley Police,Public order,2027-01,1102
Thames Valley Police,Robbery,2027-01,176
Thames Valley Police,Shoplifting,2027-01,1414
Thames Valley Police,Theft from the person,2027-01,125
Thames Valley Police,Vehicle crime,2027-01,983
Thames Valley Police,Violence and sexual offences,2027-01,6319
Warwickshire Police,Anti-social behaviour,2027-01,716
Warwickshire Police,Bicycle theft,2027-01,25
Warwickshire Police,Burglary,2027-01,195
Warwickshire Police,Criminal damage and arson,2027-01,284
Warwickshire Police,Drugs,2027-01,91
Warwickshire Police,Other crime,2027-01,109
Warwickshire Police,Other theft,2027-01,217
Warwickshire Police,Possession of weapons,2027-01,48
Warwickshire Police,Public order,2027-01,251
Warwickshire Police,Robbery,2027-01,44
Warwickshire Police,Shoplifting,2027-01,305
Warwickshire Police,Theft from the person,2027-01,17
Warwickshire Police,Vehicle crime,2027-01,277
Warwickshire Police,Violence and sexual offences,2027-01,1372
West Mercia Police,Anti-social behaviour,2027-01,1031
West Mercia Police,Bicycle theft,2027-01,46
West Mercia Police,Burglary,2027-01,319
West Mercia Police,Criminal damage and arson,2027-01,595
West Mercia Police,Drugs,2027-01,213
West Mercia Police,Other crime,2027-01,210
West Mercia Police,Other theft,2027-01,476
West Mercia Police,Possession of weapons,2027-01,95
West Mercia Police,Public order,2027-01,474
West Mercia Police,Robbery,2027-01,79
West Mercia Police,Shoplifting,2027-01,716
West Mercia Police,Theft from the person,2027-01,26
West Mercia Police,Vehicle crime,2027-01,272
West Mercia Police,Violence and sexual offences,2027-01,3138
West Midlands Police,Anti-social behaviour,2027-01,1098
West Midlands Police,Bicycle theft,2027-01,106
West Midlands Police,Burglary,2027-01,1131
West Midlands Police,Criminal damage and arson,2027-01,1845
West Midlands Police,Drugs,2027-01,777
West Midlands Police,Other crime,2027-01,517
West Midlands Police,Other theft,2027-01,1296
West Midlands Police,Possession of weapons,2027-01,513
West Midlands Police,Public order,2027-01,1257
West Midlands Police,Robbery,2027-01,482
West Midlands Police,Shoplifting,2027-01,2654
West Midlands Police,Theft from the person,2027-01,193
West Midlands Police,Vehicle crime,2027-01,2145
West Midlands Police,Violence and sexual offences,2027-01,10739
West Yorkshire Police,Anti-social behaviour,2027-01,1574
West Yorkshire Police,Bicycle theft,2027-01,99
West Yorkshire Police,Burglary,2027-01,1182
West Yorkshire Police,Criminal damage and arson,2027-01,1568
West Yorkshire Police,Drugs,2027-01,965
West Yorkshire Police,Other crime,2027-01,823
West Yorkshire Police,Other theft,2027-01,1449
West Yorkshire Police,Possession of weapons,2027-01,218
West Yorkshire Police,Public order,2027-01,1507
West Yorkshire Police,Robbery,2027-01,322
West Yorkshire Police,Shoplifting,2027-01,1602
West Yorkshire Police,Theft from the person,2027-01,167
West Yorkshire Police,Vehicle crime,2027-01,1320
West Yorkshire Police,Violence and sexual offences,2027-01,10386
Wiltshire Police,Anti-social behaviour,2027-01,686
Wiltshire Police,Bicycle theft,2027-01,35
Wiltshire Police,Burglary,2027-01,138
Wiltshire Police,Criminal damage and arson,2027-01,329
Wiltshire Police,Drugs,2027-01,112
Wiltshire Police,Other crime,2027-01,119
Wiltshire Police,Other theft,2027-01,208
Wiltshire Police,Possession of weapons,2027-01,42
Wiltshire Police,Public order,2027-01,292
Wiltshire Police,Robbery,2027-01,19
Wiltshire Police,Shoplifting,2027-01,318
Wiltshire Police,Theft from the person,2027-01,21
Wiltshire Police,Vehicle crime,2027-01,178
Wiltshire Police,Violence and sexual offences,2027-01,1562
Avon and Somerset Constabulary,Anti-social behaviour,2027-02,1821
Avon and Somerset Constabulary,Bicycle theft,2027-02,108
Avon and Somerset Constabulary,Burglary,2027-02,612
Avon and Somerset Constabulary,Criminal damage and arson,2027-02,1117
Avon and Somerset Constabulary,Drugs,2027-02,297
Avon and Somerset Constabulary,Other crime,2027-02,343
Avon and Somerset Constabulary,Other theft,2027-02,1152
Avon and Somerset Constabulary,Possession of weapons,2027-02,114
Avon and Somerset Constabulary,Public order,2027-02,1505
Avon and Somerset Constabulary,Robbery,2027-02,257
Avon and Somerset Constabulary,Shoplifting,2027-02,1389
Avon and Somerset Constabulary,Theft from the person,2027-02,51
Avon and Somerset Constabulary,Vehicle crime,2027-02,705
Avon and Somerset Constabulary,Violence and sexual offences,2027-02,6469
Bedfordshire Police,Anti-social behaviour,2027-02,695
Bedfordshire Police,Bicycle theft,2027-02,37
Bedfordshire Police,Burglary,2027-02,169
Bedfordshire Police,Criminal damage and arson,2027-02,337
Bedfordshire Police,Drugs,2027-02,212
Bedfordshire Police,Other crime,2027-02,131
Bedfordshire Police,Other theft,2027-02,309
Bedfordshire Police,Possession of weapons,2027-02,65
Bedfordshire Police,Public order,2027-02,317
Bedfordshire Police,Robbery,2027-02,61
Bedfordshire Police,Shoplifting,2027-02,416
Bedfordshire Police,Theft from the person,2027-02,33
Bedfordshire Police,Vehicle crime,2027-02,326
Bedfordshire Police,Violence and sexual offences,2027-02,1706
Cambridgeshire Constabulary,Anti-social behaviour,2027-02,962
Cambridgeshire Constabulary,Bicycle theft,2027-02,88
Cambridgeshire Constabulary,Burglary,2027-02,274
Cambridgeshire Constabulary,Criminal damage and arson,2027-02,480
Cambridgeshire Constabulary,Drugs,2027-02,249
Cambridgeshire Constabulary,Other crime,2027-02,220
Cambridgeshire Constabulary,Other theft,2027-02,389
Cambridgeshire Constabulary,Possession of weapons,2027-02,91
Cambridgeshire Constabulary,Public order,2027-02,369
Cambridgeshire Constabulary,Robbery,2027-02,51
Cambridgeshire Constabulary,Shoplifting,2027-02,578
Cambridgeshire Constabulary,Theft from the person,2027-02,57
Cambridgeshire Constabulary,Vehicle crime,2027-02,314
Cambridgeshire Constabulary,Violence and sexual offences,2027-02,2279
Cheshire Constabulary,Anti-social behaviour,2027-02,543
Cheshire Constabulary,Bicycle theft,2027-02,45
Cheshire Constabulary,Burglary,2027-02,187
Cheshire Constabulary,Criminal damage and arson,2027-02,395
Cheshire Constabulary,Drugs,2027-02,304
Cheshire Constabulary,Other crime,2027-02,176
Cheshire Constabulary,Other theft,2027-02,362
Cheshire Constabulary,Possession of weapons,2027-02,70
Cheshire Constabulary,Public order,2027-02,623
Cheshire Constabulary,Robbery,2027-02,41
Cheshire Constabulary,Shoplifting,2027-02,429
Cheshire Constabulary,Theft from the person,2027-02,19
Cheshire Constabulary,Vehicle crime,2027-02,176
Cheshire Constabulary,Violence and sexual offences,2027-02,2918
City of London Police,Anti-social behaviour,2027-02,14
City of London Police,Bicycle theft,2027-02,19
City of London Police,Burglary,2027-02,34
City of London Police,Criminal damage and arson,2027-02,22
City of London Police,Drugs,2027-02,52
City of London Police,Other crime,2027-02,7
City of London Police,Other theft,2027-02,142
City of London Police,Possession of weapons,2027-02,4
City of London Police,Public order,2027-02,49
City of London Police,Robbery,2027-02,17
City of London Police,Shoplifting,2027-02,112
City of London Police,Theft from the person,2027-02,78
City of London Police,Vehicle crime,2027-02,13
City of London Police,Violence and sexual offences,2027-02,124
Cleveland Police,Anti-social behaviour,2027-02,1133
Cleveland Police,Bicycle theft,2027-02,32
Cleveland Police,Burglary,2027-02,295
Cleveland Police,Criminal damage and arson,2027-02,702
Cleveland Police,Drugs,2027-02,254
Cleveland Police,Other crime,2027-02,261
Cleveland Police,Other theft,2027-02,333
Cleveland Police,Possession of weapons,2027-02,74
Cleveland Police,Public order,2027-02,497
Cleveland Police,Robbery,2027-02,113
Cleveland Police,Shoplifting,2027-02,802
Cleveland Police,Theft from the person,2027-02,22
Cleveland Police,Vehicle crime,2027-02,293
Cleveland Police,Violence and sexual offences,2027-02,2348
Cumbria Constabulary,Anti-social behaviour,2027-02,153
Cumbria Constabulary,Bicycle theft,2027-02,17
Cumbria Constabulary,Burglary,2027-02,89
Cumbria Constabulary,Criminal damage and arson,2027-02,288
Cumbria Constabulary,Drugs,2027-02,137
Cumbria Constabulary,Other crime,2027-02,97
Cumbria Constabulary,Other theft,2027-02,173
Cumbria Constabulary,Possession of weapons,2027-02,42
Cumbria Constabulary,Public order,2027-02,277
Cumbria Constabulary,Robbery,2027-02,14
Cumbria Constabulary,Shoplifting,2027-02,202
Cumbria Constabulary,Theft from the person,2027-02,13
Cumbria Constabulary,Vehicle crime,2027-02,75
Cumbria Constabulary,Violence and sexual offences,2027-02,1336
Derbyshire Constabulary,Anti-social behaviour,2027-02,966
Derbyshire Constabulary,Bicycle theft,2027-02,29
Derbyshire Constabulary,Burglary,2027-02,252
Derbyshire Constabulary,Criminal damage and arson,2027-02,513
Derbyshire Constabulary,Drugs,2027-02,302
Derbyshire Constabulary,Other crime,2027-02,180
Derbyshire Constabulary,Other theft,2027-02,439
Derbyshire Constabulary,Possession of weapons,2027-02,93
Derbyshire Constabulary,Public order,2027-02,633
Derbyshire Constabulary,Robbery,2027-02,68
Derbyshire Constabulary,Shoplifting,2027-02,603
Derbyshire Constabulary,Theft from the person,2027-02,47
Derbyshire Constabulary,Vehicle crime,2027-02,284
Derbyshire Constabulary,Violence and sexual offences,2027-02,3163
Devon & Cornwall Police,Anti-social behaviour,2027-02,1159
Devon & Cornwall Police,Bicycle theft,2027-02,53
Devon & Cornwall Police,Burglary,2027-02,301
Devon & Cornwall Police,Criminal damage and arson,2027-02,987
Devon & Cornwall Police,Drugs,2027-02,307
Devon & Cornwall Police,Other crime,2027-02,293
Devon & Cornwall Police,Other theft,2027-02,788
Devon & Cornwall Police,Possession of weapons,2027-02,141
Devon & Cornwall Police,Public order,2027-02,651
Devon & Cornwall Police,Robbery,2027-02,68
Devon & Cornwall Police,Shoplifting,2027-02,823
Devon & Cornwall Police,Theft from the person,2027-02,65
Devon & Cornwall Police,Vehicle crime,2027-02,309
Devon & Cornwall Police,Violence and sexual offences,2027-02,5262
Dorset Police,Anti-social behaviour,2027-02,935
Dorset Police,Bicycle theft,2027-02,35
Dorset Police,Burglary,2027-02,165
Dorset Police,Criminal damage and arson,2027-02,310
Dorset Police,Drugs,2027-02,90
Dorset Police,Other crime,2027-02,54
Dorset Police,Other theft,2027-02,277
Dorset Police,Possession of weapons,2027-02,28
Dorset Police,Public order,2027-02,230
Dorset Police,Robbery,2027-02,30
Dorset Police,Shoplifting,2027-02,361
Dorset Police,Theft from the person,2027-02,22
Dorset Police,Vehicle crime,2027-02,251
Dorset Police,Violence and sexual offences,2027-02,1414
Durham Constabulary,Anti-social behaviour,2027-02,1045
Durham Constabulary,Bicycle theft,2027-02,17
Durham Constabulary,Burglary,2027-02,214
Durham Constabulary,Criminal damage and arson,2027-02,689
Durham Constabulary,Drugs,2027-02,114
Durham Constabulary,Other crime,2027-02,188
Durham Constabulary,Other theft,2027-02,285
Durham Constabulary,Possession of weapons,2027-02,50
Durham Constabulary,Public order,2027-02,359
Durham Constabulary,Robbery,2027-02,33
Durham Constabulary,Shoplifting,2027-02,596
Durham Constabulary,Theft from the person,2027-02,18
Durham Constabulary,Vehicle crime,2027-02,206
Durham Constabulary,Violence and sexual offences,2027-02,2019
Dyfed-Powys Police,Anti-social behaviour,2027-02,209
Dyfed-Powys Police,Bicycle theft,2027-02,10
Dyfed-Powys Police,Burglary,2027-02,88
Dyfed-Powys Police,Criminal damage and arson,2027-02,229
Dyfed-Powys Police,Drugs,2027-02,99
Dyfed-Powys Police,Other crime,2027-02,83
Dyfed-Powys Police,Other theft,2027-02,143
Dyfed-Powys Police,Possession of weapons,2027-02,35
Dyfed-Powys Police,Public order,2027-02,189
Dyfed-Powys Police,Robbery,2027-02,6
Dyfed-Powys Police,Shoplifting,2027-02,127
Dyfed-Powys Police,Theft from the person,2027-02,12
Dyfed-Powys Police,Vehicle crime,2027-02,60
Dyfed-Powys Police,Violence and sexual offences,2027-02,980
Essex Police,Anti-social behaviour,2027-02,1008
Essex Police,Bicycle theft,2027-02,75
Essex Police,Burglary,2027-02,412
Essex Police,Criminal damage and arson,2027-02,900
Essex Police,Drugs,2027-02,550
Essex Police,Other crime,2027-02,291
Essex Police,Other theft,2027-02,737
Essex Police,Possession of weapons,2027-02,132
Essex Police,Public order,2027-02,745
Essex Police,Robbery,2027-02,109
Essex Police,Shoplifting,2027-02,1155
Essex Police,Theft from the person,2027-02,69
Essex Police,Vehicle crime,2027-02,715
Essex Police,Violence and sexual offences,2027-02,5277
Gloucestershire Constabulary,Anti-social behaviour,2027-02,792
Gloucestershire Constabulary,Bicycle theft,2027-02,42
Gloucestershire Constabulary,Burglary,2027-02,174
Gloucestershire Constabulary,Criminal damage and arson,2027-02,268
Gloucestershire Constabulary,Drugs,2027-02,92
Gloucestershire Constabulary,Other crime,2027-02,124
Gloucestershire Constabulary,Other theft,2027-02,272
Gloucestershire Constabulary,Possession of weapons,2027-02,39
Gloucestershire Constabulary,Public order,2027-02,277
Gloucestershire Constabulary,Robbery,2027-02,32
Gloucestershire Constabulary,Shoplifting,2027-02,348
Gloucestershire Constabulary,Theft from the person,2027-02,18
Gloucestershire Constabulary,Vehicle crime,2027-02,193
Gloucestershire Constabulary,Violence and sexual offences,2027-02,1597
Gwent Police,Anti-social behaviour,2027-02,881
Gwent Police,Bicycle theft,2027-02,20
Gwent Police,Burglary,2027-02,162
Gwent Police,Criminal damage and arson,2027-02,541
Gwent Police,Drugs,2027-02,132
Gwent Police,Other crime,2027-02,171
Gwent Police,Other theft,2027-02,296
Gwent Police,Possession of weapons,2027-02,52
Gwent Police,Public order,2027-02,564
Gwent Police,Robbery,2027-02,29
Gwent Police,Shoplifting,2027-02,410
Gwent Police,Theft from the person,2027-02,18
Gwent Police,Vehicle crime,2027-02,187
Gwent Police,Violence and sexual offences,2027-02,2021
Hampshire Constabulary,Anti-social behaviour,2027-02,1084
Hampshire Constabulary,Bicycle theft,2027-02,80
Hampshire Constabulary,Burglary,2027-02,374
Hampshire Constabulary,Criminal damage and arson,2027-02,769
Hampshire Constabulary,Drugs,2027-02,360
Hampshire Constabulary,Other crime,2027-02,256
Hampshire Constabulary,Other theft,2027-02,647
Hampshire Constabulary,Possession of weapons,2027-02,173
Hampshire Constabulary,Public order,2027-02,920
Hampshire Constabulary,Robbery,2027-02,120
Hampshire Constabulary,Shoplifting,2027-02,1054
Hampshire Constabulary,Theft from the person,2027-02,69
Hampshire Constabulary,Vehicle crime,2027-02,470
Hampshire Constabulary,Violence and sexual offences,2027-02,5928
Hertfordshire Constabulary,Anti-social behaviour,2027-02,1284
Hertfordshire Constabulary,Bicycle theft,2027-02,61
Hertfordshire Constabulary,Burglary,2027-02,307
Hertfordshire Constabulary,Criminal damage and arson,2027-02,542
Hertfordshire Constabulary,Drugs,2027-02,304
Hertfordshire Constabulary,Other crime,2027-02,185
Hertfordshire Constabulary,Other theft,2027-02,660
Hertfordshire Constabulary,Possession of weapons,2027-02,80
Hertfordshire Constabulary,Public order,2027-02,422
Hertfordshire Constabulary,Robbery,2027-02,79
Hertfordshire Constabulary,Shoplifting,2027-02,738
Hertfordshire Constabulary,Theft from the person,2027-02,78
Hertfordshire Constabulary,Vehicle crime,2027-02,480
Hertfordshire Constabulary,Violence and sexual offences,2027-02,2904
Humberside Police,Anti-social behaviour,2027-02,575
Humberside Police,Bicycle theft,2027-02,79
Humberside Police,Burglary,2027-02,335
Humberside Police,Criminal damage and arson,2027-02,664
Humberside Police,Drugs,2027-02,204
Humberside Police,Other crime,2027-02,262
Humberside Police,Other theft,2027-02,480
Humberside Police,Possession of weapons,2027-02,77
Humberside Police,Public order,2027-02,633
Humberside Police,Robbery,2027-02,73
Humberside Police,Shoplifting,2027-02,737
Humberside Police,Theft from the person,2027-02,27
Humberside Police,Vehicle crime,2027-02,290
Humberside Police,Violence and sexual offences,2027-02,2935
Kent Police,Anti-social behaviour,2027-02,2050
Kent Police,Bicycle theft,2027-02,68
Kent Police,Burglary,2027-02,352
Kent Police,Criminal damage and arson,2027-02,1190
Kent Police,Drugs,2027-02,538
Kent Police,Other crime,2027-02,411
Kent Police,Other theft,2027-02,862
Kent Police,Possession of weapons,2027-02,159
Kent Police,Public order,2027-02,543
Kent Police,Robbery,2027-02,110
Kent Police,Shoplifting,2027-02,1262
Kent Police,Theft from the person,2027-02,62
Kent Police,Vehicle crime,2027-02,582
Kent Police,Violence and sexual offences,2027-02,4989
Lancashire Constabulary,Anti-social behaviour,2027-02,2118
Lancashire Constabulary,Bicycle theft,2027-02,61
Lancashire Constabulary,Burglary,2027-02,416
Lancashire Constabulary,Criminal damage and arson,2027-02,910
Lancashire Constabulary,Drugs,2027-02,334
Lancashire Constabulary,Other crime,2027-02,372
Lancashire Constabulary,Other theft,2027-02,704
Lancashire Constabulary,Possession of weapons,2027-02,142
Lancashire Constabulary,Public order,2027-02,647
Lancashire Constabulary,Robbery,2027-02,97
Lancashire Constabulary,Shoplifting,2027-02,805
Lancashire Constabulary,Theft from the person,2027-02,51
Lancashire Constabulary,Vehicle crime,2027-02,504
Lancashire Constabulary,Violence and sexual offences,2027-02,4667
Leicestershire Police,Anti-social behaviour,2027-02,952
Leicestershire Police,Bicycle theft,2027-02,75
Leicestershire Police,Burglary,2027-02,331
Leicestershire Police,Criminal damage and arson,2027-02,671
Leicestershire Police,Drugs,2027-02,259
Leicestershire Police,Other crime,2027-02,206
Leicestershire Police,Other theft,2027-02,514
Leicestershire Police,Possession of weapons,2027-02,73
Leicestershire Police,Public order,2027-02,652
Leicestershire Police,Robbery,2027-02,73
Leicestershire Police,Shoplifting,2027-02,700
Leicestershire Police,Theft from the person,2027-02,66
Leicestershire Police,Vehicle crime,2027-02,423
Leicestershire Police,Violence and sexual offences,2027-02,2931
Lincolnshire Police,Anti-social behaviour,2027-02,1022
Lincolnshire Police,Bicycle theft,2027-02,38
Lincolnshire Police,Burglary,2027-02,188
Lincolnshire Police,Criminal damage and arson,2027-02,375
Lincolnshire Police,Drugs,2027-02,91
Lincolnshire Police,Other crime,2027-02,150
Lincolnshire Police,Other theft,2027-02,269
Lincolnshire Police,Possession of weapons,2027-02,38
Lincolnshire Police,Public order,2027-02,300
Lincolnshire Police,Robbery,2027-02,43
Lincolnshire Police,Shoplifting,2027-02,541
Lincolnshire Police,Theft from the person,2027-02,7
Lincolnshire Police,Vehicle crime,2027-02,165
Lincolnshire Police,Violence and sexual offences,2027-02,1894
Merseyside Police,Anti-social behaviour,2027-02,1036
Merseyside Police,Bicycle theft,2027-02,71
Merseyside Police,Burglary,2027-02,288
Merseyside Police,Criminal damage and arson,2027-02,907
Merseyside Police,Drugs,2027-02,975
Merseyside Police,Other crime,2027-02,319
Merseyside Police,Other theft,2027-02,610
Merseyside Police,Possession of weapons,2027-02,116
Merseyside Police,Public order,2027-02,1037
Merseyside Police,Robbery,2027-02,111
Merseyside Police,Shoplifting,2027-02,893
Merseyside Police,Theft from the person,2027-02,59
Merseyside Police,Vehicle crime,2027-02,386
Merseyside Police,Violence and sexual offences,2027-02,4588
Metropolitan Police Service,Anti-social behaviour,2027-02,16369
Metropolitan Police Service,Bicycle theft,2027-02,830
Metropolitan Police Service,Burglary,2027-02,3414
Metropolitan Police Service,Criminal damage and arson,2027-02,3916
Metropolitan Police Service,Drugs,2027-02,3961
Metropolitan Police Service,Other crime,2027-02,1109
Metropolitan Police Service,Other theft,2027-02,7360
Metropolitan Police Service,Possession of weapons,2027-02,535
Metropolitan Police Service,Public order,2027-02,4082
Metropolitan Police Service,Robbery,2027-02,2382
Metropolitan Police Service,Shoplifting,2027-02,7048
Metropolitan Police Service,Theft from the person,2027-02,6960
Metropolitan Police Service,Vehicle crime,2027-02,5850
Metropolitan Police Service,Violence and sexual offences,2027-02,18972
Norfolk Constabulary,Anti-social behaviour,2027-02,596
Norfolk Constabulary,Bicycle theft,2027-02,52
Norfolk Constabulary,Burglary,2027-02,152
Norfolk Constabulary,Criminal damage and arson,2027-02,413
Norfolk Constabulary,Drugs,2027-02,152
Norfolk Constabulary,Other crime,2027-02,156
Norfolk Constabulary,Other theft,2027-02,304
Norfolk Constabulary,Possession of weapons,2027-02,73
Norfolk Constabulary,Public order,2027-02,327
Norfolk Constabulary,Robbery,2027-02,34
Norfolk Constabulary,Shoplifting,2027-02,486
Norfolk Constabulary,Theft from the person,2027-02,30
Norfolk Constabulary,Vehicle crime,2027-02,134
Norfolk Constabulary,Violence and sexual offences,2027-02,2142
North Wales Police,Anti-social behaviour,2027-02,848
North Wales Police,Bicycle theft,2027-02,22
North Wales Police,Burglary,2027-02,130
North Wales Police,Criminal damage and arson,2027-02,369
North Wales Police,Drugs,2027-02,130
North Wales Police,Other crime,2027-02,97
North Wales Police,Other theft,2027-02,262
North Wales Police,Possession of weapons,2027-02,42
North Wales Police,Public order,2027-02,312
North Wales Police,Robbery,2027-02,17
North Wales Police,Shoplifting,2027-02,421
North Wales Police,Theft from the person,2027-02,7
North Wales Police,Vehicle crime,2027-02,104
North Wales Police,Violence and sexual offences,2027-02,1982
North Yorkshire Police,Anti-social behaviour,2027-02,974
North Yorkshire Police,Bicycle theft,2027-02,46
North Yorkshire Police,Burglary,2027-02,159
North Yorkshire Police,Criminal damage and arson,2027-02,344
North Yorkshire Police,Drugs,2027-02,117
North Yorkshire Police,Other crime,2027-02,85
North Yorkshire Police,Other theft,2027-02,254
North Yorkshire Police,Possession of weapons,2027-02,42
North Yorkshire Police,Public order,2027-02,265
North Yorkshire Police,Robbery,2027-02,29
North Yorkshire Police,Shoplifting,2027-02,386
North Yorkshire Police,Theft from the person,2027-02,14
North Yorkshire Police,Vehicle crime,2027-02,120
North Yorkshire Police,Violence and sexual offences,2027-02,1593
Northamptonshire Police,Anti-social behaviour,2027-02,1015
Northamptonshire Police,Bicycle theft,2027-02,28
Northamptonshire Police,Burglary,2027-02,203
Northamptonshire Police,Criminal damage and arson,2027-02,337
Northamptonshire Police,Drugs,2027-02,194
Northamptonshire Police,Other crime,2027-02,122
Northamptonshire Police,Other theft,2027-02,316
Northamptonshire Police,Possession of weapons,2027-02,83
Northamptonshire Police,Public order,2027-02,310
Northamptonshire Police,Robbery,2027-02,90
Northamptonshire Police,Shoplifting,2027-02,475
Northamptonshire Police,Theft from the person,2027-02,19
Northamptonshire Police,Vehicle crime,2027-02,317
Northamptonshire Police,Violence and sexual offences,2027-02,2022
Northumbria Police,Anti-social behaviour,2027-02,1973
Northumbria Police,Bicycle theft,2027-02,66
Northumbria Police,Burglary,2027-02,501
Northumbria Police,Criminal damage and arson,2027-02,1132
Northumbria Police,Drugs,2027-02,381
Northumbria Police,Other crime,2027-02,342
Northumbria Police,Other theft,2027-02,745
Northumbria Police,Possession of weapons,2027-02,127
Northumbria Police,Public order,2027-02,972
Northumbria Police,Robbery,2027-02,94
Northumbria Police,Shoplifting,2027-02,1500
Northumbria Police,Theft from the person,2027-02,72
Northumbria Police,Vehicle crime,2027-02,442
Northumbria Police,Violence and sexual offences,2027-02,4573
Nottinghamshire Police,Anti-social behaviour,2027-02,1241
Nottinghamshire Police,Bicycle theft,2027-02,80
Nottinghamshire Police,Burglary,2027-02,331
Nottinghamshire Police,Criminal damage and arson,2027-02,727
Nottinghamshire Police,Drugs,2027-02,316
Nottinghamshire Police,Other crime,2027-02,386
Nottinghamshire Police,Other theft,2027-02,565
Nottinghamshire Police,Possession of weapons,2027-02,135
Nottinghamshire Police,Public order,2027-02,576
Nottinghamshire Police,Robbery,2027-02,160
Nottinghamshire Police,Shoplifting,2027-02,1111
Nottinghamshire Police,Theft from the person,2027-02,78
Nottinghamshire Police,Vehicle crime,2027-02,442
Nottinghamshire Police,Violence and sexual offences,2027-02,2923
South Wales Police,Anti-social behaviour,2027-02,1074
South Wales Police,Bicycle theft,2027-02,64
South Wales Police,Burglary,2027-02,260
South Wales Police,Criminal damage and arson,2027-02,726
South Wales Police,Drugs,2027-02,313
South Wales Police,Other crime,2027-02,293
South Wales Police,Other theft,2027-02,513
South Wales Police,Possession of weapons,2027-02,96
South Wales Police,Public order,2027-02,996
South Wales Police,Robbery,2027-02,91
South Wales Police,Shoplifting,2027-02,913
South Wales Police,Theft from the person,2027-02,51
South Wales Police,Vehicle crime,2027-02,469
South Wales Police,Violence and sexual offences,2027-02,3694
South Yorkshire Police,Anti-social behaviour,2027-02,1737
South Yorkshire Police,Bicycle theft,2027-02,61
South Yorkshire Police,Burglary,2027-02,605
South Yorkshire Police,Criminal damage and arson,2027-02,998
South Yorkshire Police,Drugs,2027-02,417
South Yorkshire Police,Other crime,2027-02,437
South Yorkshire Police,Other theft,2027-02,685
South Yorkshire Police,Possession of weapons,2027-02,169
South Yorkshire Police,Public order,2027-02,942
South Yorkshire Police,Robbery,2027-02,169
South Yorkshire Police,Shoplifting,2027-02,1153
South Yorkshire Police,Theft from the person,2027-02,74
South Yorkshire Police,Vehicle crime,2027-02,798
South Yorkshire Police,Violence and sexual offences,2027-02,4422
Staffordshire Police,Anti-social behaviour,2027-02,1082
Staffordshire Police,Bicycle theft,2027-02,52
Staffordshire Police,Burglary,2027-02,304
Staffordshire Police,Criminal damage and arson,2027-02,562
Staffordshire Police,Drugs,2027-02,265
Staffordshire Police,Other crime,2027-02,216
Staffordshire Police,Other theft,2027-02,471
Staffordshire Police,Possession of weapons,2027-02,92
Staffordshire Police,Public order,2027-02,637
Staffordshire Police,Robbery,2027-02,94
Staffordshire Police,Shoplifting,2027-02,597
Staffordshire Police,Theft from the person,2027-02,23
Staffordshire Police,Vehicle crime,2027-02,397
Staffordshire Police,Violence and sexual offences,2027-02,3144
Suffolk Constabulary,Anti-social behaviour,2027-02,252
Suffolk Constabulary,Bicycle theft,2027-02,28
Suffolk Constabulary,Burglary,2027-02,152
Suffolk Constabulary,Criminal damage and arson,2027-02,311
Suffolk Constabulary,Drugs,2027-02,102
Suffolk Constabulary,Other crime,2027-02,125
Suffolk Constabulary,Other theft,2027-02,250
Suffolk Constabulary,Possession of weapons,2027-02,51
Suffolk Constabulary,Public order,2027-02,230
Suffolk Constabulary,Robbery,2027-02,21
Suffolk Constabulary,Shoplifting,2027-02,337
Suffolk Constabulary,Theft from the person,2027-02,21
Suffolk Constabulary,Vehicle crime,2027-02,174
Suffolk Constabulary,Violence and sexual offences,2027-02,1561
Surrey Police,Anti-social behaviour,2027-02,950
Surrey Police,Bicycle theft,2027-02,46
Surrey Police,Burglary,2027-02,275
Surrey Police,Criminal damage and arson,2027-02,506
Surrey Police,Drugs,2027-02,258
Surrey Police,Other crime,2027-02,212
Surrey Police,Other theft,2027-02,476
Surrey Police,Possession of weapons,2027-02,77
Surrey Police,Public order,2027-02,591
Surrey Police,Robbery,2027-02,52
Surrey Police,Shoplifting,2027-02,535
Surrey Police,Theft from the person,2027-02,39
Surrey Police,Vehicle crime,2027-02,340
Surrey Police,Violence and sexual offences,2027-02,2350
Sussex Police,Anti-social behaviour,2027-02,1930
Sussex Police,Bicycle theft,2027-02,80
Sussex Police,Burglary,2027-02,356
Sussex Police,Criminal damage and arson,2027-02,911
Sussex Police,Drugs,2027-02,406
Sussex Police,Other crime,2027-02,318
Sussex Police,Other theft,2027-02,735
Sussex Police,Possession of weapons,2027-02,204
Sussex Police,Public order,2027-02,936
Sussex Police,Robbery,2027-02,133
Sussex Police,Shoplifting,2027-02,1469
Sussex Police,Theft from the person,2027-02,69
Sussex Police,Vehicle crime,2027-02,400
Sussex Police,Violence and sexual offences,2027-02,3885
Thames Valley Police,Anti-social behaviour,2027-02,1270
Thames Valley Police,Bicycle theft,2027-02,180
Thames Valley Police,Burglary,2027-02,517
Thames Valley Police,Criminal damage and arson,2027-02,1090
Thames Valley Police,Drugs,2027-02,525
Thames Valley Police,Other crime,2027-02,371
Thames Valley Police,Other theft,2027-02,1116
Thames Valley Police,Possession of weapons,2027-02,113
Thames Valley Police,Public order,2027-02,1083
Thames Valley Police,Robbery,2027-02,167
Thames Valley Police,Shoplifting,2027-02,1413
Thames Valley Police,Theft from the person,2027-02,120
Thames Valley Police,Vehicle crime,2027-02,910
Thames Valley Police,Violence and sexual offences,2027-02,5933
Warwickshire Police,Anti-social behaviour,2027-02,743
Warwickshire Police,Bicycle theft,2027-02,24
Warwickshire Police,Burglary,2027-02,183
Warwickshire Police,Criminal damage and arson,2027-02,275
Warwickshire Police,Drugs,2027-02,86
Warwickshire Police,Other crime,2027-02,101
Warwickshire Police,Other theft,2027-02,209
Warwickshire Police,Possession of weapons,2027-02,47
Warwickshire Police,Public order,2027-02,251
Warwickshire Police,Robbery,2027-02,41
Warwickshire Police,Shoplifting,2027-02,308
Warwickshire Police,Theft from the person,2027-02,18
Warwickshire Police,Vehicle crime,2027-02,261
Warwickshire Police,Violence and sexual offences,2027-02,1323
West Mercia Police,Anti-social behaviour,2027-02,1036
West Mercia Police,Bicycle theft,2027-02,46
West Mercia Police,Burglary,2027-02,296
West Mercia Police,Criminal damage and arson,2027-02,571
West Mercia Police,Drugs,2027-02,194
West Mercia Police,Other crime,2027-02,206
West Mercia Police,Other theft,2027-02,459
West Mercia Police,Possession of weapons,2027-02,93
West Mercia Police,Public order,2027-02,472
West Mercia Police,Robbery,2027-02,75
West Mercia Police,Shoplifting,2027-02,717
West Mercia Police,Theft from the person,2027-02,28
West Mercia Police,Vehicle crime,2027-02,252
West Mercia Police,Violence and sexual offences,2027-02,2975
West Midlands Police,Anti-social behaviour,2027-02,1108
West Midlands Police,Bicycle theft,2027-02,109
West Midlands Police,Burglary,2027-02,1014
West Midlands Police,Criminal damage and arson,2027-02,1718
West Midlands Police,Drugs,2027-02,719
West Midlands Police,Other crime,2027-02,489
West Midlands Police,Other theft,2027-02,1264
West Midlands Police,Possession of weapons,2027-02,487
West Midlands Police,Public order,2027-02,1243
West Midlands Police,Robbery,2027-02,453
West Midlands Police,Shoplifting,2027-02,2526
West Midlands Police,Theft from the person,2027-02,189
West Midlands Police,Vehicle crime,2027-02,1942
West Midlands Police,Violence and sexual offences,2027-02,10144
West Yorkshire Police,Anti-social behaviour,2027-02,1632
West Yorkshire Police,Bicycle theft,2027-02,95
West Yorkshire Police,Burglary,2027-02,1061
West Yorkshire Police,Criminal damage and arson,2027-02,1513
West Yorkshire Police,Drugs,2027-02,876
West Yorkshire Police,Other crime,2027-02,784
West Yorkshire Police,Other theft,2027-02,1354
West Yorkshire Police,Possession of weapons,2027-02,205
West Yorkshire Police,Public order,2027-02,1459
West Yorkshire Police,Robbery,2027-02,307
West Yorkshire Police,Shoplifting,2027-02,1581
West Yorkshire Police,Theft from the person,2027-02,160
West Yorkshire Police,Vehicle crime,2027-02,1210
West Yorkshire Police,Violence and sexual offences,2027-02,9936
Wiltshire Police,Anti-social behaviour,2027-02,691
Wiltshire Police,Bicycle theft,2027-02,35
Wiltshire Police,Burglary,2027-02,130
Wiltshire Police,Criminal damage and arson,2027-02,316
Wiltshire Police,Drugs,2027-02,106
Wiltshire Police,Other crime,2027-02,115
Wiltshire Police,Other theft,2027-02,202
Wiltshire Police,Possession of weapons,2027-02,41
Wiltshire Police,Public order,2027-02,293
Wiltshire Police,Robbery,2027-02,19
Wiltshire Police,Shoplifting,2027-02,316
Wiltshire Police,Theft from the person,2027-02,21
Wiltshire Police,Vehicle crime,2027-02,166
Wiltshire Police,Violence and sexual offences,2027-02,1471
