force,crime_type,month,y_pred
Avon and Somerset,Anti-social behaviour,2026-03,2354
Avon and Somerset,Anti-social behaviour,2026-04,2554
Avon and Somerset,Anti-social behaviour,2026-05,2704
Avon and Somerset,Anti-social behaviour,2026-06,2764
Avon and Somerset,Anti-social behaviour,2026-07,2858
Avon and Somerset,Anti-social behaviour,2026-08,2698
Avon and Somerset,Anti-social behaviour,2026-09,2386
Avon and Somerset,Anti-social behaviour,2026-10,2394
Avon and Somerset,Anti-social behaviour,2026-11,2053
Avon and Somerset,Anti-social behaviour,2026-12,1831
Avon and Somerset,Anti-social behaviour,2027-01,1847
Avon and Somerset,Anti-social behaviour,2027-02,1821
Avon and Somerset,Bicycle theft,2026-03,129
Avon and Somerset,Bicycle theft,2026-04,137
Avon and Somerset,Bicycle theft,2026-05,149
Avon and Somerset,Bicycle theft,2026-06,156
Avon and Somerset,Bicycle theft,2026-07,158
Avon and Somerset,Bicycle theft,2026-08,156
Avon and Somerset,Bicycle theft,2026-09,157
Avon and Somerset,Bicycle theft,2026-10,162
Avon and Somerset,Bicycle theft,2026-11,135
Avon and Somerset,Bicycle theft,2026-12,101
Avon and Somerset,Bicycle theft,2027-01,108
Avon and Somerset,Bicycle theft,2027-02,108
Avon and Somerset,Burglary,2026-03,687
Avon and Somerset,Burglary,2026-04,654
Avon and Somerset,Burglary,2026-05,656
Avon and Somerset,Burglary,2026-06,630
Avon and Somerset,Burglary,2026-07,634
Avon and Somerset,Burglary,2026-08,637
Avon and Somerset,Burglary,2026-09,634
Avon and Somerset,Burglary,2026-10,675
Avon and Somerset,Burglary,2026-11,677
Avon and Somerset,Burglary,2026-12,649
Avon and Somerset,Burglary,2027-01,670
Avon and Somerset,Burglary,2027-02,612
Avon and Somerset,Criminal damage and arson,2026-03,1072
Avon and Somerset,Criminal damage and arson,2026-04,1121
Avon and Somerset,Criminal damage and arson,2026-05,1178
Avon and Somerset,Criminal damage and arson,2026-06,1200
Avon and Somerset,Criminal damage and arson,2026-07,1241
Avon and Somerset,Criminal damage and arson,2026-08,1234
Avon and Somerset,Criminal damage and arson,2026-09,1200
Avon and Somerset,Criminal damage and arson,2026-10,1282
Avon and Somerset,Criminal damage and arson,2026-11,1233
Avon and Somerset,Criminal damage and arson,2026-12,1170
Avon and Somerset,Criminal damage and arson,2027-01,1167
Avon and Somerset,Criminal damage and arson,2027-02,1117
Avon and Somerset,Drugs,2026-03,305
Avon and Somerset,Drugs,2026-04,304
Avon and Somerset,Drugs,2026-05,319
Avon and Somerset,Drugs,2026-06,315
Avon and Somerset,Drugs,2026-07,315
Avon and Somerset,Drugs,2026-08,309
Avon and Somerset,Drugs,2026-09,302
Avon and Somerset,Drugs,2026-10,319
Avon and Somerset,Drugs,2026-11,320
Avon and Somerset,Drugs,2026-12,308
Avon and Somerset,Drugs,2027-01,321
Avon and Somerset,Drugs,2027-02,297
Avon and Somerset,Other crime,2026-03,372
Avon and Somerset,Other crime,2026-04,354
Avon and Somerset,Other crime,2026-05,367
Avon and Somerset,Other crime,2026-06,360
Avon and Somerset,Other crime,2026-07,361
Avon and Somerset,Other crime,2026-08,350
Avon and Somerset,Other crime,2026-09,349
Avon and Somerset,Other crime,2026-10,361
Avon and Somerset,Other crime,2026-11,350
Avon and Somerset,Other crime,2026-12,323
Avon and Somerset,Other crime,2027-01,356
Avon and Somerset,Other crime,2027-02,343
Avon and Somerset,Other theft,2026-03,1101
Avon and Somerset,Other theft,2026-04,1154
Avon and Somerset,Other theft,2026-05,1251
Avon and Somerset,Other theft,2026-06,1338
Avon and Somerset,Other theft,2026-07,1398
Avon and Somerset,Other theft,2026-08,1381
Avon and Somerset,Other theft,2026-09,1302
Avon and Somerset,Other theft,2026-10,1357
Avon and Somerset,Other theft,2026-11,1300
Avon and Somerset,Other theft,2026-12,1245
Avon and Somerset,Other theft,2027-01,1199
Avon and Somerset,Other theft,2027-02,1152
Avon and Somerset,Possession of weapons,2026-03,122
Avon and Somerset,Possession of weapons,2026-04,116
Avon and Somerset,Possession of weapons,2026-05,120
Avon and Somerset,Possession of weapons,2026-06,119
Avon and Somerset,Possession of weapons,2026-07,120
Avon and Somerset,Possession of weapons,2026-08,119
Avon and Somerset,Possession of weapons,2026-09,117
Avon and Somerset,Possession of weapons,2026-10,122
Avon and Somerset,Possession of weapons,2026-11,115
Avon and Somerset,Possession of weapons,2026-12,110
Avon and Somerset,Possession of weapons,2027-01,115
Avon and Somerset,Possession of weapons,2027-02,114
Avon and Somerset,Public order,2026-03,1715
Avon and Somerset,Public order,2026-04,1750
Avon and Somerset,Public order,2026-05,1983
Avon and Somerset,Public order,2026-06,2074
Avon and Somerset,Public order,2026-07,2176
Avon and Somerset,Public order,2026-08,2031
Avon and Somerset,Public order,2026-09,1923
Avon and Somerset,Public order,2026-10,1898
Avon and Somerset,Public order,2026-11,1714
Avon and Somerset,Public order,2026-12,1537
Avon and Somerset,Public order,2027-01,1547
Avon and Somerset,Public order,2027-02,1505
Avon and Somerset,Robbery,2026-03,263
Avon and Somerset,Robbery,2026-04,257
Avon and Somerset,Robbery,2026-05,266
Avon and Somerset,Robbery,2026-06,271
Avon and Somerset,Robbery,2026-07,270
Avon and Somerset,Robbery,2026-08,270
Avon and Somerset,Robbery,2026-09,272
Avon and Somerset,Robbery,2026-10,282
Avon and Somerset,Robbery,2026-11,278
Avon and Somerset,Robbery,2026-12,263
Avon and Somerset,Robbery,2027-01,273
Avon and Somerset,Robbery,2027-02,257
Avon and Somerset,Shoplifting,2026-03,1554
Avon and Somerset,Shoplifting,2026-04,1521
Avon and Somerset,Shoplifting,2026-05,1567
Avon and Somerset,Shoplifting,2026-06,1520
Avon and Somerset,Shoplifting,2026-07,1559
Avon and Somerset,Shoplifting,2026-08,1549
Avon and Somerset,Shoplifting,2026-09,1489
Avon and Somerset,Shoplifting,2026-10,1553
Avon and Somerset,Shoplifting,2026-11,1458
Avon and Somerset,Shoplifting,2026-12,1291
Avon and Somerset,Shoplifting,2027-01,1388
Avon and Somerset,Shoplifting,2027-02,1389
Avon and Somerset,Theft from the person,2026-03,55
Avon and Somerset,Theft from the person,2026-04,54
Avon and Somerset,Theft from the person,2026-05,54
Avon and Somerset,Theft from the person,2026-06,55
Avon and Somerset,Theft from the person,2026-07,56
Avon and Somerset,Theft from the person,2026-08,55
Avon and Somerset,Theft from the person,2026-09,55
Avon and Somerset,Theft from the person,2026-10,59
Avon and Somerset,Theft from the person,2026-11,60
Avon and Somerset,Theft from the person,2026-12,61
Avon and Somerset,Theft from the person,2027-01,52
Avon and Somerset,Theft from the person,2027-02,51
Avon and Somerset,Vehicle crime,2026-03,747
Avon and Somerset,Vehicle crime,2026-04,734
Avon and Somerset,Vehicle crime,2026-05,753
Avon and Somerset,Vehicle crime,2026-06,727
Avon and Somerset,Vehicle crime,2026-07,742
Avon and Somerset,Vehicle crime,2026-08,748
Avon and Somerset,Vehicle crime,2026-09,763
Avon and Somerset,Vehicle crime,2026-10,813
Avon and Somerset,Vehicle crime,2026-11,791
Avon and Somerset,Vehicle crime,2026-12,717
Avon and Somerset,Vehicle crime,2027-01,766
Avon and Somerset,Vehicle crime,2027-02,705
Avon and Somerset,Violence and sexual offences,2026-03,6727
Avon and Somerset,Violence and sexual offences,2026-04,6530
Avon and Somerset,Violence and sexual offences,2026-05,6736
Avon and Somerset,Violence and sexual offences,2026-06,6839
Avon and Somerset,Violence and sexual offences,2026-07,6997
Avon and Somerset,Violence and sexual offences,2026-08,6650
Avon and Somerset,Violence and sexual offences,2026-09,6617
Avon and Somerset,Violence and sexual offences,2026-10,6913
Avon and Somerset,Violence and sexual offences,2026-11,6588
Avon and Somerset,Violence and sexual offences,2026-12,6630
Avon and Somerset,Violence and sexual offences,2027-01,6753
Avon and Somerset,Violence and sexual offences,2027-02,6469
Bedfordshire,Anti-social behaviour,2026-03,784
Bedfordshire,Anti-social behaviour,2026-04,836
Bedfordshire,Anti-social behaviour,2026-05,896
Bedfordshire,Anti-social behaviour,2026-06,941
Bedfordshire,Anti-social behaviour,2026-07,975
Bedfordshire,Anti-social behaviour,2026-08,923
Bedfordshire,Anti-social behaviour,2026-09,801
Bedfordshire,Anti-social behaviour,2026-10,784
Bedfordshire,Anti-social behaviour,2026-11,693
Bedfordshire,Anti-social behaviour,2026-12,622
Bedfordshire,Anti-social behaviour,2027-01,676
Bedfordshire,Anti-social behaviour,2027-02,695
Bedfordshire,Bicycle theft,2026-03,38
Bedfordshire,Bicycle theft,2026-04,41
Bedfordshire,Bicycle theft,2026-05,45
Bedfordshire,Bicycle theft,2026-06,48
Bedfordshire,Bicycle theft,2026-07,53
Bedfordshire,Bicycle theft,2026-08,53
Bedfordshire,Bicycle theft,2026-09,50
Bedfordshire,Bicycle theft,2026-10,49
Bedfordshire,Bicycle theft,2026-11,42
Bedfordshire,Bicycle theft,2026-12,36
Bedfordshire,Bicycle theft,2027-01,36
Bedfordshire,Bicycle theft,2027-02,37
Bedfordshire,Burglary,2026-03,170
Bedfordshire,Burglary,2026-04,171
Bedfordshire,Burglary,2026-05,181
Bedfordshire,Burglary,2026-06,175
Bedfordshire,Burglary,2026-07,182
Bedfordshire,Burglary,2026-08,178
Bedfordshire,Burglary,2026-09,175
Bedfordshire,Burglary,2026-10,191
Bedfordshire,Burglary,2026-11,187
Bedfordshire,Burglary,2026-12,177
Bedfordshire,Burglary,2027-01,178
Bedfordshire,Burglary,2027-02,169
Bedfordshire,Criminal damage and arson,2026-03,365
Bedfordshire,Criminal damage and arson,2026-04,366
Bedfordshire,Criminal damage and arson,2026-05,376
Bedfordshire,Criminal damage and arson,2026-06,372
Bedfordshire,Criminal damage and arson,2026-07,379
Bedfordshire,Criminal damage and arson,2026-08,380
Bedfordshire,Criminal damage and arson,2026-09,366
Bedfordshire,Criminal damage and arson,2026-10,379
Bedfordshire,Criminal damage and arson,2026-11,370
Bedfordshire,Criminal damage and arson,2026-12,354
Bedfordshire,Criminal damage and arson,2027-01,351
Bedfordshire,Criminal damage and arson,2027-02,337
Bedfordshire,Drugs,2026-03,220
Bedfordshire,Drugs,2026-04,214
Bedfordshire,Drugs,2026-05,217
Bedfordshire,Drugs,2026-06,215
Bedfordshire,Drugs,2026-07,217
Bedfordshire,Drugs,2026-08,214
Bedfordshire,Drugs,2026-09,206
Bedfordshire,Drugs,2026-10,219
Bedfordshire,Drugs,2026-11,220
Bedfordshire,Drugs,2026-12,210
Bedfordshire,Drugs,2027-01,226
Bedfordshire,Drugs,2027-02,212
Bedfordshire,Other crime,2026-03,136
Bedfordshire,Other crime,2026-04,129
Bedfordshire,Other crime,2026-05,130
Bedfordshire,Other crime,2026-06,130
Bedfordshire,Other crime,2026-07,128
Bedfordshire,Other crime,2026-08,123
Bedfordshire,Other crime,2026-09,122
Bedfordshire,Other crime,2026-10,128
Bedfordshire,Other crime,2026-11,124
Bedfordshire,Other crime,2026-12,115
Bedfordshire,Other crime,2027-01,133
Bedfordshire,Other crime,2027-02,131
Bedfordshire,Other theft,2026-03,333
Bedfordshire,Other theft,2026-04,334
Bedfordshire,Other theft,2026-05,352
Bedfordshire,Other theft,2026-06,358
Bedfordshire,Other theft,2026-07,366
Bedfordshire,Other theft,2026-08,351
Bedfordshire,Other theft,2026-09,338
Bedfordshire,Other theft,2026-10,342
Bedfordshire,Other theft,2026-11,338
Bedfordshire,Other theft,2026-12,327
Bedfordshire,Other theft,2027-01,317
Bedfordshire,Other theft,2027-02,309
Bedfordshire,Possession of weapons,2026-03,67
Bedfordshire,Possession of weapons,2026-04,70
Bedfordshire,Possession of weapons,2026-05,72
Bedfordshire,Possession of weapons,2026-06,71
Bedfordshire,Possession of weapons,2026-07,73
Bedfordshire,Possession of weapons,2026-08,74
Bedfordshire,Possession of weapons,2026-09,71
Bedfordshire,Possession of weapons,2026-10,73
Bedfordshire,Possession of weapons,2026-11,67
Bedfordshire,Possession of weapons,2026-12,63
Bedfordshire,Possession of weapons,2027-01,65
Bedfordshire,Possession of weapons,2027-02,65
Bedfordshire,Public order,2026-03,331
Bedfordshire,Public order,2026-04,339
Bedfordshire,Public order,2026-05,366
Bedfordshire,Public order,2026-06,378
Bedfordshire,Public order,2026-07,399
Bedfordshire,Public order,2026-08,382
Bedfordshire,Public order,2026-09,367
Bedfordshire,Public order,2026-10,361
Bedfordshire,Public order,2026-11,342
Bedfordshire,Public order,2026-12,314
Bedfordshire,Public order,2027-01,320
Bedfordshire,Public order,2027-02,317
Bedfordshire,Robbery,2026-03,57
Bedfordshire,Robbery,2026-04,59
Bedfordshire,Robbery,2026-05,65
Bedfordshire,Robbery,2026-06,65
Bedfordshire,Robbery,2026-07,69
Bedfordshire,Robbery,2026-08,70
Bedfordshire,Robbery,2026-09,69
Bedfordshire,Robbery,2026-10,73
Bedfordshire,Robbery,2026-11,68
Bedfordshire,Robbery,2026-12,64
Bedfordshire,Robbery,2027-01,64
Bedfordshire,Robbery,2027-02,61
Bedfordshire,Shoplifting,2026-03,417
Bedfordshire,Shoplifting,2026-04,410
Bedfordshire,Shoplifting,2026-05,423
Bedfordshire,Shoplifting,2026-06,422
Bedfordshire,Shoplifting,2026-07,432
Bedfordshire,Shoplifting,2026-08,435
Bedfordshire,Shoplifting,2026-09,422
Bedfordshire,Shoplifting,2026-10,440
Bedfordshire,Shoplifting,2026-11,420
Bedfordshire,Shoplifting,2026-12,386
Bedfordshire,Shoplifting,2027-01,417
Bedfordshire,Shoplifting,2027-02,416
Bedfordshire,Theft from the person,2026-03,38
Bedfordshire,Theft from the person,2026-04,36
Bedfordshire,Theft from the person,2026-05,37
Bedfordshire,Theft from the person,2026-06,38
Bedfordshire,Theft from the person,2026-07,38
Bedfordshire,Theft from the person,2026-08,37
Bedfordshire,Theft from the person,2026-09,37
Bedfordshire,Theft from the person,2026-10,38
Bedfordshire,Theft from the person,2026-11,37
Bedfordshire,Theft from the person,2026-12,37
Bedfordshire,Theft from the person,2027-01,33
Bedfordshire,Theft from the person,2027-02,33
Bedfordshire,Vehicle crime,2026-03,304
Bedfordshire,Vehicle crime,2026-04,304
Bedfordshire,Vehicle crime,2026-05,322
Bedfordshire,Vehicle crime,2026-06,322
Bedfordshire,Vehicle crime,2026-07,329
Bedfordshire,Vehicle crime,2026-08,338
Bedfordshire,Vehicle crime,2026-09,345
Bedfordshire,Vehicle crime,2026-10,369
Bedfordshire,Vehicle crime,2026-11,366
Bedfordshire,Vehicle crime,2026-12,339
Bedfordshire,Vehicle crime,2027-01,347
Bedfordshire,Vehicle crime,2027-02,326
Bedfordshire,Violence and sexual offences,2026-03,1871
Bedfordshire,Violence and sexual offences,2026-04,1780
Bedfordshire,Violence and sexual offences,2026-05,1949
Bedfordshire,Violence and sexual offences,2026-06,1973
Bedfordshire,Violence and sexual offences,2026-07,2026
Bedfordshire,Violence and sexual offences,2026-08,1899
Bedfordshire,Violence and sexual offences,2026-09,1866
Bedfordshire,Violence and sexual offences,2026-10,1871
Bedfordshire,Violence and sexual offences,2026-11,1797
Bedfordshire,Violence and sexual offences,2026-12,1794
Bedfordshire,Violence and sexual offences,2027-01,1784
Bedfordshire,Violence and sexual offences,2027-02,1706
Cambridgeshire,Anti-social behaviour,2026-03,1132
Cambridgeshire,Anti-social behaviour,2026-04,1214
Cambridgeshire,Anti-social behaviour,2026-05,1285
Cambridgeshire,Anti-social behaviour,2026-06,1319
Cambridgeshire,Anti-social behaviour,2026-07,1402
Cambridgeshire,Anti-social behaviour,2026-08,1311
Cambridgeshire,Anti-social behaviour,2026-09,1160
Cambridgeshire,Anti-social behaviour,2026-10,1139
Cambridgeshire,Anti-social behaviour,2026-11,990
Cambridgeshire,Anti-social behaviour,2026-12,891
Cambridgeshire,Anti-social behaviour,2027-01,951
Cambridgeshire,Anti-social behaviour,2027-02,962
Cambridgeshire,Bicycle theft,2026-03,105
Cambridgeshire,Bicycle theft,2026-04,111
Cambridgeshire,Bicycle theft,2026-05,122
Cambridgeshire,Bicycle theft,2026-06,130
Cambridgeshire,Bicycle theft,2026-07,139
Cambridgeshire,Bicycle theft,2026-08,136
Cambridgeshire,Bicycle theft,2026-09,137
Cambridgeshire,Bicycle theft,2026-10,136
Cambridgeshire,Bicycle theft,2026-11,109
Cambridgeshire,Bicycle theft,2026-12,81
Cambridgeshire,Bicycle theft,2027-01,90
Cambridgeshire,Bicycle theft,2027-02,88
Cambridgeshire,Burglary,2026-03,286
Cambridgeshire,Burglary,2026-04,274
Cambridgeshire,Burglary,2026-05,281
Cambridgeshire,Burglary,2026-06,276
Cambridgeshire,Burglary,2026-07,280
Cambridgeshire,Burglary,2026-08,281
Cambridgeshire,Burglary,2026-09,283
Cambridgeshire,Burglary,2026-10,296
Cambridgeshire,Burglary,2026-11,301
Cambridgeshire,Burglary,2026-12,287
Cambridgeshire,Burglary,2027-01,290
Cambridgeshire,Burglary,2027-02,274
Cambridgeshire,Criminal damage and arson,2026-03,521
Cambridgeshire,Criminal damage and arson,2026-04,516
Cambridgeshire,Criminal damage and arson,2026-05,534
Cambridgeshire,Criminal damage and arson,2026-06,531
Cambridgeshire,Criminal damage and arson,2026-07,548
Cambridgeshire,Criminal damage and arson,2026-08,546
Cambridgeshire,Criminal damage and arson,2026-09,526
Cambridgeshire,Criminal damage and arson,2026-10,550
Cambridgeshire,Criminal damage and arson,2026-11,538
Cambridgeshire,Criminal damage and arson,2026-12,511
Cambridgeshire,Criminal damage and arson,2027-01,509
Cambridgeshire,Criminal damage and arson,2027-02,480
Cambridgeshire,Drugs,2026-03,247
Cambridgeshire,Drugs,2026-04,235
Cambridgeshire,Drugs,2026-05,248
Cambridgeshire,Drugs,2026-06,238
Cambridgeshire,Drugs,2026-07,246
Cambridgeshire,Drugs,2026-08,242
Cambridgeshire,Drugs,2026-09,243
Cambridgeshire,Drugs,2026-10,266
Cambridgeshire,Drugs,2026-11,271
Cambridgeshire,Drugs,2026-12,254
Cambridgeshire,Drugs,2027-01,267
Cambridgeshire,Drugs,2027-02,249
Cambridgeshire,Other crime,2026-03,225
Cambridgeshire,Other crime,2026-04,215
Cambridgeshire,Other crime,2026-05,221
Cambridgeshire,Other crime,2026-06,220
Cambridgeshire,Other crime,2026-07,223
Cambridgeshire,Other crime,2026-08,216
Cambridgeshire,Other crime,2026-09,212
Cambridgeshire,Other crime,2026-10,222
Cambridgeshire,Other crime,2026-11,217
Cambridgeshire,Other crime,2026-12,193
Cambridgeshire,Other crime,2027-01,222
Cambridgeshire,Other crime,2027-02,220
Cambridgeshire,Other theft,2026-03,430
Cambridgeshire,Other theft,2026-04,424
Cambridgeshire,Other theft,2026-05,446
Cambridgeshire,Other theft,2026-06,454
Cambridgeshire,Other theft,2026-07,466
Cambridgeshire,Other theft,2026-08,452
Cambridgeshire,Other theft,2026-09,434
Cambridgeshire,Other theft,2026-10,437
Cambridgeshire,Other theft,2026-11,421
Cambridgeshire,Other theft,2026-12,408
Cambridgeshire,Other theft,2027-01,404
Cambridgeshire,Other theft,2027-02,389
Cambridgeshire,Possession of weapons,2026-03,99
Cambridgeshire,Possession of weapons,2026-04,99
Cambridgeshire,Possession of weapons,2026-05,105
Cambridgeshire,Possession of weapons,2026-06,105
Cambridgeshire,Possession of weapons,2026-07,109
Cambridgeshire,Possession of weapons,2026-08,107
Cambridgeshire,Possession of weapons,2026-09,104
Cambridgeshire,Possession of weapons,2026-10,106
Cambridgeshire,Possession of weapons,2026-11,97
Cambridgeshire,Possession of weapons,2026-12,89
Cambridgeshire,Possession of weapons,2027-01,95
Cambridgeshire,Possession of weapons,2027-02,91
Cambridgeshire,Public order,2026-03,400
Cambridgeshire,Public order,2026-04,407
Cambridgeshire,Public order,2026-05,443
Cambridgeshire,Public order,2026-06,461
Cambridgeshire,Public order,2026-07,476
Cambridgeshire,Public order,2026-08,451
Cambridgeshire,Public order,2026-09,433
Cambridgeshire,Public order,2026-10,425
Cambridgeshire,Public order,2026-11,399
Cambridgeshire,Public order,2026-12,370
Cambridgeshire,Public order,2027-01,375
Cambridgeshire,Public order,2027-02,369
Cambridgeshire,Robbery,2026-03,53
Cambridgeshire,Robbery,2026-04,53
Cambridgeshire,Robbery,2026-05,56
Cambridgeshire,Robbery,2026-06,54
Cambridgeshire,Robbery,2026-07,56
Cambridgeshire,Robbery,2026-08,54
Cambridgeshire,Robbery,2026-09,53
Cambridgeshire,Robbery,2026-10,54
Cambridgeshire,Robbery,2026-11,51
Cambridgeshire,Robbery,2026-12,49
Cambridgeshire,Robbery,2027-01,53
Cambridgeshire,Robbery,2027-02,51
Cambridgeshire,Shoplifting,2026-03,609
Cambridgeshire,Shoplifting,2026-04,586
Cambridgeshire,Shoplifting,2026-05,614
Cambridgeshire,Shoplifting,2026-06,596
Cambridgeshire,Shoplifting,2026-07,611
Cambridgeshire,Shoplifting,2026-08,611
Cambridgeshire,Shoplifting,2026-09,586
Cambridgeshire,Shoplifting,2026-10,612
Cambridgeshire,Shoplifting,2026-11,584
Cambridgeshire,Shoplifting,2026-12,520
Cambridgeshire,Shoplifting,2027-01,572
Cambridgeshire,Shoplifting,2027-02,578
Cambridgeshire,Theft from the person,2026-03,62
Cambridgeshire,Theft from the person,2026-04,61
Cambridgeshire,Theft from the person,2026-05,64
Cambridgeshire,Theft from the person,2026-06,65
Cambridgeshire,Theft from the person,2026-07,69
Cambridgeshire,Theft from the person,2026-08,68
Cambridgeshire,Theft from the person,2026-09,66
Cambridgeshire,Theft from the person,2026-10,68
Cambridgeshire,Theft from the person,2026-11,69
Cambridgeshire,Theft from the person,2026-12,65
Cambridgeshire,Theft from the person,2027-01,58
Cambridgeshire,Theft from the person,2027-02,57
Cambridgeshire,Vehicle crime,2026-03,323
Cambridgeshire,Vehicle crime,2026-04,312
Cambridgeshire,Vehicle crime,2026-05,316
Cambridgeshire,Vehicle crime,2026-06,314
Cambridgeshire,Vehicle crime,2026-07,321
Cambridgeshire,Vehicle crime,2026-08,328
Cambridgeshire,Vehicle crime,2026-09,334
Cambridgeshire,Vehicle crime,2026-10,346
Cambridgeshire,Vehicle crime,2026-11,342
Cambridgeshire,Vehicle crime,2026-12,320
Cambridgeshire,Vehicle crime,2027-01,334
Cambridgeshire,Vehicle crime,2027-02,314
Cambridgeshire,Violence and sexual offences,2026-03,2491
Cambridgeshire,Violence and sexual offences,2026-04,2464
Cambridgeshire,Violence and sexual offences,2026-05,2687
Cambridgeshire,Violence and sexual offences,2026-06,2635
Cambridgeshire,Violence and sexual offences,2026-07,2726
Cambridgeshire,Violence and sexual offences,2026-08,2567
Cambridgeshire,Violence and sexual offences,2026-09,2475
Cambridgeshire,Violence and sexual offences,2026-10,2494
Cambridgeshire,Violence and sexual offences,2026-11,2423
Cambridgeshire,Violence and sexual offences,2026-12,2349
Cambridgeshire,Violence and sexual offences,2027-01,2390
Cambridgeshire,Violence and sexual offences,2027-02,2279
Cheshire,Anti-social behaviour,2026-03,598
Cheshire,Anti-social behaviour,2026-04,648
Cheshire,Anti-social behaviour,2026-05,674
Cheshire,Anti-social behaviour,2026-06,688
Cheshire,Anti-social behaviour,2026-07,732
Cheshire,Anti-social behaviour,2026-08,720
Cheshire,Anti-social behaviour,2026-09,630
Cheshire,Anti-social behaviour,2026-10,663
Cheshire,Anti-social behaviour,2026-11,563
Cheshire,Anti-social behaviour,2026-12,491
Cheshire,Anti-social behaviour,2027-01,541
Cheshire,Anti-social behaviour,2027-02,543
Cheshire,Bicycle theft,2026-03,52
Cheshire,Bicycle theft,2026-04,55
Cheshire,Bicycle theft,2026-05,58
Cheshire,Bicycle theft,2026-06,58
Cheshire,Bicycle theft,2026-07,60
Cheshire,Bicycle theft,2026-08,62
Cheshire,Bicycle theft,2026-09,60
Cheshire,Bicycle theft,2026-10,61
Cheshire,Bicycle theft,2026-11,51
Cheshire,Bicycle theft,2026-12,41
Cheshire,Bicycle theft,2027-01,45
Cheshire,Bicycle theft,2027-02,45
Cheshire,Burglary,2026-03,194
Cheshire,Burglary,2026-04,187
Cheshire,Burglary,2026-05,192
Cheshire,Burglary,2026-06,190
Cheshire,Burglary,2026-07,190
Cheshire,Burglary,2026-08,190
Cheshire,Burglary,2026-09,189
Cheshire,Burglary,2026-10,204
Cheshire,Burglary,2026-11,202
Cheshire,Burglary,2026-12,194
Cheshire,Burglary,2027-01,199
Cheshire,Burglary,2027-02,187
Cheshire,Criminal damage and arson,2026-03,470
Cheshire,Criminal damage and arson,2026-04,465
Cheshire,Criminal damage and arson,2026-05,463
Cheshire,Criminal damage and arson,2026-06,452
Cheshire,Criminal damage and arson,2026-07,460
Cheshire,Criminal damage and arson,2026-08,453
Cheshire,Criminal damage and arson,2026-09,429
Cheshire,Criminal damage and arson,2026-10,459
Cheshire,Criminal damage and arson,2026-11,428
Cheshire,Criminal damage and arson,2026-12,405
Cheshire,Criminal damage and arson,2027-01,409
Cheshire,Criminal damage and arson,2027-02,395
Cheshire,Drugs,2026-03,356
Cheshire,Drugs,2026-04,338
Cheshire,Drugs,2026-05,335
Cheshire,Drugs,2026-06,323
Cheshire,Drugs,2026-07,322
Cheshire,Drugs,2026-08,320
Cheshire,Drugs,2026-09,304
Cheshire,Drugs,2026-10,324
Cheshire,Drugs,2026-11,317
Cheshire,Drugs,2026-12,306
Cheshire,Drugs,2027-01,318
Cheshire,Drugs,2027-02,304
Cheshire,Other crime,2026-03,187
Cheshire,Other crime,2026-04,178
Cheshire,Other crime,2026-05,178
Cheshire,Other crime,2026-06,177
Cheshire,Other crime,2026-07,177
Cheshire,Other crime,2026-08,171
Cheshire,Other crime,2026-09,173
Cheshire,Other crime,2026-10,181
Cheshire,Other crime,2026-11,174
Cheshire,Other crime,2026-12,159
Cheshire,Other crime,2027-01,183
Cheshire,Other crime,2027-02,176
Cheshire,Other theft,2026-03,426
Cheshire,Other theft,2026-04,414
Cheshire,Other theft,2026-05,425
Cheshire,Other theft,2026-06,426
Cheshire,Other theft,2026-07,437
Cheshire,Other theft,2026-08,436
Cheshire,Other theft,2026-09,410
Cheshire,Other theft,2026-10,423
Cheshire,Other theft,2026-11,405
Cheshire,Other theft,2026-12,390
Cheshire,Other theft,2027-01,376
Cheshire,Other theft,2027-02,362
Cheshire,Possession of weapons,2026-03,68
Cheshire,Possession of weapons,2026-04,68
Cheshire,Possession of weapons,2026-05,72
Cheshire,Possession of weapons,2026-06,75
Cheshire,Possession of weapons,2026-07,77
Cheshire,Possession of weapons,2026-08,79
Cheshire,Possession of weapons,2026-09,73
Cheshire,Possession of weapons,2026-10,78
Cheshire,Possession of weapons,2026-11,71
Cheshire,Possession of weapons,2026-12,70
Cheshire,Possession of weapons,2027-01,71
Cheshire,Possession of weapons,2027-02,70
Cheshire,Public order,2026-03,755
Cheshire,Public order,2026-04,755
Cheshire,Public order,2026-05,795
Cheshire,Public order,2026-06,781
Cheshire,Public order,2026-07,802
Cheshire,Public order,2026-08,772
Cheshire,Public order,2026-09,726
Cheshire,Public order,2026-10,740
Cheshire,Public order,2026-11,667
Cheshire,Public order,2026-12,596
Cheshire,Public order,2027-01,621
Cheshire,Public order,2027-02,623
Cheshire,Robbery,2026-03,40
Cheshire,Robbery,2026-04,39
Cheshire,Robbery,2026-05,39
Cheshire,Robbery,2026-06,42
Cheshire,Robbery,2026-07,42
Cheshire,Robbery,2026-08,42
Cheshire,Robbery,2026-09,40
Cheshire,Robbery,2026-10,42
Cheshire,Robbery,2026-11,40
Cheshire,Robbery,2026-12,38
Cheshire,Robbery,2027-01,41
Cheshire,Robbery,2027-02,41
Cheshire,Shoplifting,2026-03,454
Cheshire,Shoplifting,2026-04,445
Cheshire,Shoplifting,2026-05,450
Cheshire,Shoplifting,2026-06,442
Cheshire,Shoplifting,2026-07,447
Cheshire,Shoplifting,2026-08,451
Cheshire,Shoplifting,2026-09,437
Cheshire,Shoplifting,2026-10,454
Cheshire,Shoplifting,2026-11,428
Cheshire,Shoplifting,2026-12,385
Cheshire,Shoplifting,2027-01,424
Cheshire,Shoplifting,2027-02,429
Cheshire,Theft from the person,2026-03,16
Cheshire,Theft from the person,2026-04,18
Cheshire,Theft from the person,2026-05,21
Cheshire,Theft from the person,2026-06,22
Cheshire,Theft from the person,2026-07,25
Cheshire,Theft from the person,2026-08,28
Cheshire,Theft from the person,2026-09,22
Cheshire,Theft from the person,2026-10,23
Cheshire,Theft from the person,2026-11,22
Cheshire,Theft from the person,2026-12,22
Cheshire,Theft from the person,2027-01,19
Cheshire,Theft from the person,2027-02,19
Cheshire,Vehicle crime,2026-03,186
Cheshire,Vehicle crime,2026-04,178
Cheshire,Vehicle crime,2026-05,177
Cheshire,Vehicle crime,2026-06,180
Cheshire,Vehicle crime,2026-07,183
Cheshire,Vehicle crime,2026-08,186
Cheshire,Vehicle crime,2026-09,189
Cheshire,Vehicle crime,2026-10,203
Cheshire,Vehicle crime,2026-11,191
Cheshire,Vehicle crime,2026-12,176
Cheshire,Vehicle crime,2027-01,185
Cheshire,Vehicle crime,2027-02,176
Cheshire,Violence and sexual offences,2026-03,3269
Cheshire,Violence and sexual offences,2026-04,3225
Cheshire,Violence and sexual offences,2026-05,3318
Cheshire,Violence and sexual offences,2026-06,3293
Cheshire,Violence and sexual offences,2026-07,3391
Cheshire,Violence and sexual offences,2026-08,3236
Cheshire,Violence and sexual offences,2026-09,3159
Cheshire,Violence and sexual offences,2026-10,3227
Cheshire,Violence and sexual offences,2026-11,3040
Cheshire,Violence and sexual offences,2026-12,3001
Cheshire,Violence and sexual offences,2027-01,3045
Cheshire,Violence and sexual offences,2027-02,2918
City of London,Anti-social behaviour,2026-03,11
City of London,Anti-social behaviour,2026-04,13
City of London,Anti-social behaviour,2026-05,13
City of London,Anti-social behaviour,2026-06,14
City of London,Anti-social behaviour,2026-07,15
City of London,Anti-social behaviour,2026-08,15
City of London,Anti-social behaviour,2026-09,15
City of London,Anti-social behaviour,2026-10,16
City of London,Anti-social behaviour,2026-11,15
City of London,Anti-social behaviour,2026-12,15
City of London,Anti-social behaviour,2027-01,14
City of London,Anti-social behaviour,2027-02,14
City of London,Bicycle theft,2026-03,22
City of London,Bicycle theft,2026-04,23
City of London,Bicycle theft,2026-05,24
City of London,Bicycle theft,2026-06,26
City of London,Bicycle theft,2026-07,26
City of London,Bicycle theft,2026-08,28
City of London,Bicycle theft,2026-09,27
City of London,Bicycle theft,2026-10,27
City of London,Bicycle theft,2026-11,25
City of London,Bicycle theft,2026-12,20
City of London,Bicycle theft,2027-01,19
City of London,Bicycle theft,2027-02,19
City of London,Burglary,2026-03,35
City of London,Burglary,2026-04,37
City of London,Burglary,2026-05,40
City of London,Burglary,2026-06,37
City of London,Burglary,2026-07,38
City of London,Burglary,2026-08,37
City of London,Burglary,2026-09,37
City of London,Burglary,2026-10,42
City of London,Burglary,2026-11,40
City of London,Burglary,2026-12,39
City of London,Burglary,2027-01,37
City of London,Burglary,2027-02,34
City of London,Criminal damage and arson,2026-03,24
City of London,Criminal damage and arson,2026-04,23
City of London,Criminal damage and arson,2026-05,25
City of London,Criminal damage and arson,2026-06,24
City of London,Criminal damage and arson,2026-07,25
City of London,Criminal damage and arson,2026-08,26
City of London,Criminal damage and arson,2026-09,25
City of London,Criminal damage and arson,2026-10,27
City of London,Criminal damage and arson,2026-11,26
City of London,Criminal damage and arson,2026-12,25
City of London,Criminal damage and arson,2027-01,23
City of London,Criminal damage and arson,2027-02,22
City of London,Drugs,2026-03,69
City of London,Drugs,2026-04,65
City of London,Drugs,2026-05,64
City of London,Drugs,2026-06,58
City of London,Drugs,2026-07,57
City of London,Drugs,2026-08,56
City of London,Drugs,2026-09,54
City of London,Drugs,2026-10,55
City of London,Drugs,2026-11,53
City of London,Drugs,2026-12,52
City of London,Drugs,2027-01,53
City of London,Drugs,2027-02,52
City of London,Other crime,2026-03,7
City of London,Other crime,2026-04,7
City of London,Other crime,2026-05,8
City of London,Other crime,2026-06,8
City of London,Other crime,2026-07,8
City of London,Other crime,2026-08,8
City of London,Other crime,2026-09,8
City of London,Other crime,2026-10,8
City of London,Other crime,2026-11,8
City of London,Other crime,2026-12,8
City of London,Other crime,2027-01,8
City of London,Other crime,2027-02,7
City of London,Other theft,2026-03,158
City of London,Other theft,2026-04,152
City of London,Other theft,2026-05,152
City of London,Other theft,2026-06,152
City of London,Other theft,2026-07,156
City of London,Other theft,2026-08,157
City of London,Other theft,2026-09,158
City of London,Other theft,2026-10,169
City of London,Other theft,2026-11,167
City of London,Other theft,2026-12,160
City of London,Other theft,2027-01,147
City of London,Other theft,2027-02,142
City of London,Possession of weapons,2026-03,5
City of London,Possession of weapons,2026-04,5
City of London,Possession of weapons,2026-05,5
City of London,Possession of weapons,2026-06,4
City of London,Possession of weapons,2026-07,5
City of London,Possession of weapons,2026-08,4
City of London,Possession of weapons,2026-09,4
City of London,Possession of weapons,2026-10,5
City of London,Possession of weapons,2026-11,4
City of London,Possession of weapons,2026-12,4
City of London,Possession of weapons,2027-01,4
City of London,Possession of weapons,2027-02,4
City of London,Public order,2026-03,56
City of London,Public order,2026-04,54
City of London,Public order,2026-05,56
City of London,Public order,2026-06,55
City of London,Public order,2026-07,59
City of London,Public order,2026-08,59
City of London,Public order,2026-09,59
City of London,Public order,2026-10,60
City of London,Public order,2026-11,56
City of London,Public order,2026-12,53
City of London,Public order,2027-01,50
City of London,Public order,2027-02,49
City of London,Robbery,2026-03,18
City of London,Robbery,2026-04,18
City of London,Robbery,2026-05,19
City of London,Robbery,2026-06,18
City of London,Robbery,2026-07,18
City of London,Robbery,2026-08,19
City of London,Robbery,2026-09,19
City of London,Robbery,2026-10,21
City of London,Robbery,2026-11,20
City of London,Robbery,2026-12,20
City of London,Robbery,2027-01,18
City of London,Robbery,2027-02,17
City of London,Shoplifting,2026-03,122
City of London,Shoplifting,2026-04,119
City of London,Shoplifting,2026-05,120
City of London,Shoplifting,2026-06,116
City of London,Shoplifting,2026-07,124
City of London,Shoplifting,2026-08,122
City of London,Shoplifting,2026-09,120
City of London,Shoplifting,2026-10,125
City of London,Shoplifting,2026-11,118
City of London,Shoplifting,2026-12,112
City of London,Shoplifting,2027-01,112
City of London,Shoplifting,2027-02,112
City of London,Theft from the person,2026-03,94
City of London,Theft from the person,2026-04,95
City of London,Theft from the person,2026-05,98
City of London,Theft from the person,2026-06,94
City of London,Theft from the person,2026-07,99
City of London,Theft from the person,2026-08,100
City of London,Theft from the person,2026-09,94
City of London,Theft from the person,2026-10,103
City of London,Theft from the person,2026-11,95
City of London,Theft from the person,2026-12,98
City of London,Theft from the person,2027-01,77
City of London,Theft from the person,2027-02,78
City of London,Vehicle crime,2026-03,11
City of London,Vehicle crime,2026-04,11
City of London,Vehicle crime,2026-05,12
City of London,Vehicle crime,2026-06,11
City of London,Vehicle crime,2026-07,11
City of London,Vehicle crime,2026-08,14
City of London,Vehicle crime,2026-09,14
City of London,Vehicle crime,2026-10,14
City of London,Vehicle crime,2026-11,14
City of London,Vehicle crime,2026-12,13
City of London,Vehicle crime,2027-01,13
City of London,Vehicle crime,2027-02,13
City of London,Violence and sexual offences,2026-03,136
City of London,Violence and sexual offences,2026-04,131
City of London,Violence and sexual offences,2026-05,138
City of London,Violence and sexual offences,2026-06,137
City of London,Violence and sexual offences,2026-07,145
City of London,Violence and sexual offences,2026-08,143
City of London,Violence and sexual offences,2026-09,142
City of London,Violence and sexual offences,2026-10,147
City of London,Violence and sexual offences,2026-11,146
City of London,Violence and sexual offences,2026-12,149
City of London,Violence and sexual offences,2027-01,129
City of London,Violence and sexual offences,2027-02,124
Cleveland,Anti-social behaviour,2026-03,1355
Cleveland,Anti-social behaviour,2026-04,1546
Cleveland,Anti-social behaviour,2026-05,1613
Cleveland,Anti-social behaviour,2026-06,1641
Cleveland,Anti-social behaviour,2026-07,1745
Cleveland,Anti-social behaviour,2026-08,1656
Cleveland,Anti-social behaviour,2026-09,1452
Cleveland,Anti-social behaviour,2026-10,1543
Cleveland,Anti-social behaviour,2026-11,1253
Cleveland,Anti-social behaviour,2026-12,1070
Cleveland,Anti-social behaviour,2027-01,1100
Cleveland,Anti-social behaviour,2027-02,1133
Cleveland,Bicycle theft,2026-03,32
Cleveland,Bicycle theft,2026-04,37
Cleveland,Bicycle theft,2026-05,42
Cleveland,Bicycle theft,2026-06,41
Cleveland,Bicycle theft,2026-07,46
Cleveland,Bicycle theft,2026-08,45
Cleveland,Bicycle theft,2026-09,43
Cleveland,Bicycle theft,2026-10,45
Cleveland,Bicycle theft,2026-11,38
Cleveland,Bicycle theft,2026-12,31
Cleveland,Bicycle theft,2027-01,31
Cleveland,Bicycle theft,2027-02,32
Cleveland,Burglary,2026-03,307
Cleveland,Burglary,2026-04,296
Cleveland,Burglary,2026-05,308
Cleveland,Burglary,2026-06,305
Cleveland,Burglary,2026-07,311
Cleveland,Burglary,2026-08,314
Cleveland,Burglary,2026-09,311
Cleveland,Burglary,2026-10,328
Cleveland,Burglary,2026-11,325
Cleveland,Burglary,2026-12,309
Cleveland,Burglary,2027-01,311
Cleveland,Burglary,2027-02,295
Cleveland,Criminal damage and arson,2026-03,797
Cleveland,Criminal damage and arson,2026-04,775
Cleveland,Criminal damage and arson,2026-05,786
Cleveland,Criminal damage and arson,2026-06,765
Cleveland,Criminal damage and arson,2026-07,777
Cleveland,Criminal damage and arson,2026-08,772
Cleveland,Criminal damage and arson,2026-09,743
Cleveland,Criminal damage and arson,2026-10,821
Cleveland,Criminal damage and arson,2026-11,785
Cleveland,Criminal damage and arson,2026-12,735
Cleveland,Criminal damage and arson,2027-01,729
Cleveland,Criminal damage and arson,2027-02,702
Cleveland,Drugs,2026-03,261
Cleveland,Drugs,2026-04,255
Cleveland,Drugs,2026-05,261
Cleveland,Drugs,2026-06,255
Cleveland,Drugs,2026-07,261
Cleveland,Drugs,2026-08,259
Cleveland,Drugs,2026-09,256
Cleveland,Drugs,2026-10,281
Cleveland,Drugs,2026-11,273
Cleveland,Drugs,2026-12,259
Cleveland,Drugs,2027-01,271
Cleveland,Drugs,2027-02,254
Cleveland,Other crime,2026-03,260
Cleveland,Other crime,2026-04,249
Cleveland,Other crime,2026-05,256
Cleveland,Other crime,2026-06,251
Cleveland,Other crime,2026-07,258
Cleveland,Other crime,2026-08,249
Cleveland,Other crime,2026-09,251
Cleveland,Other crime,2026-10,264
Cleveland,Other crime,2026-11,258
Cleveland,Other crime,2026-12,237
Cleveland,Other crime,2027-01,264
Cleveland,Other crime,2027-02,261
Cleveland,Other theft,2026-03,367
Cleveland,Other theft,2026-04,367
Cleveland,Other theft,2026-05,380
Cleveland,Other theft,2026-06,381
Cleveland,Other theft,2026-07,394
Cleveland,Other theft,2026-08,390
Cleveland,Other theft,2026-09,372
Cleveland,Other theft,2026-10,378
Cleveland,Other theft,2026-11,370
Cleveland,Other theft,2026-12,348
Cleveland,Other theft,2027-01,346
Cleveland,Other theft,2027-02,333
Cleveland,Possession of weapons,2026-03,78
Cleveland,Possession of weapons,2026-04,77
Cleveland,Possession of weapons,2026-05,80
Cleveland,Possession of weapons,2026-06,77
Cleveland,Possession of weapons,2026-07,81
Cleveland,Possession of weapons,2026-08,80
Cleveland,Possession of weapons,2026-09,78
Cleveland,Possession of weapons,2026-10,83
Cleveland,Possession of weapons,2026-11,74
Cleveland,Possession of weapons,2026-12,70
Cleveland,Possession of weapons,2027-01,75
Cleveland,Possession of weapons,2027-02,74
Cleveland,Public order,2026-03,564
Cleveland,Public order,2026-04,566
Cleveland,Public order,2026-05,611
Cleveland,Public order,2026-06,609
Cleveland,Public order,2026-07,628
Cleveland,Public order,2026-08,607
Cleveland,Public order,2026-09,584
Cleveland,Public order,2026-10,581
Cleveland,Public order,2026-11,535
Cleveland,Public order,2026-12,482
Cleveland,Public order,2027-01,502
Cleveland,Public order,2027-02,497
Cleveland,Robbery,2026-03,122
Cleveland,Robbery,2026-04,118
Cleveland,Robbery,2026-05,121
Cleveland,Robbery,2026-06,121
Cleveland,Robbery,2026-07,123
Cleveland,Robbery,2026-08,122
Cleveland,Robbery,2026-09,121
Cleveland,Robbery,2026-10,128
Cleveland,Robbery,2026-11,120
Cleveland,Robbery,2026-12,114
Cleveland,Robbery,2027-01,116
Cleveland,Robbery,2027-02,113
Cleveland,Shoplifting,2026-03,867
Cleveland,Shoplifting,2026-04,836
Cleveland,Shoplifting,2026-05,838
Cleveland,Shoplifting,2026-06,806
Cleveland,Shoplifting,2026-07,826
Cleveland,Shoplifting,2026-08,829
Cleveland,Shoplifting,2026-09,815
Cleveland,Shoplifting,2026-10,866
Cleveland,Shoplifting,2026-11,833
Cleveland,Shoplifting,2026-12,748
Cleveland,Shoplifting,2027-01,813
Cleveland,Shoplifting,2027-02,802
Cleveland,Theft from the person,2026-03,21
Cleveland,Theft from the person,2026-04,22
Cleveland,Theft from the person,2026-05,23
Cleveland,Theft from the person,2026-06,24
Cleveland,Theft from the person,2026-07,26
Cleveland,Theft from the person,2026-08,26
Cleveland,Theft from the person,2026-09,25
Cleveland,Theft from the person,2026-10,26
Cleveland,Theft from the person,2026-11,26
Cleveland,Theft from the person,2026-12,25
Cleveland,Theft from the person,2027-01,22
Cleveland,Theft from the person,2027-02,22
Cleveland,Vehicle crime,2026-03,303
Cleveland,Vehicle crime,2026-04,294
Cleveland,Vehicle crime,2026-05,303
Cleveland,Vehicle crime,2026-06,298
Cleveland,Vehicle crime,2026-07,301
Cleveland,Vehicle crime,2026-08,314
Cleveland,Vehicle crime,2026-09,315
Cleveland,Vehicle crime,2026-10,328
Cleveland,Vehicle crime,2026-11,324
Cleveland,Vehicle crime,2026-12,297
Cleveland,Vehicle crime,2027-01,311
Cleveland,Vehicle crime,2027-02,293
Cleveland,Violence and sexual offences,2026-03,2700
Cleveland,Violence and sexual offences,2026-04,2590
Cleveland,Violence and sexual offences,2026-05,2684
Cleveland,Violence and sexual offences,2026-06,2606
Cleveland,Violence and sexual offences,2026-07,2721
Cleveland,Violence and sexual offences,2026-08,2607
Cleveland,Violence and sexual offences,2026-09,2566
Cleveland,Violence and sexual offences,2026-10,2645
Cleveland,Violence and sexual offences,2026-11,2512
Cleveland,Violence and sexual offences,2026-12,2482
Cleveland,Violence and sexual offences,2027-01,2480
Cleveland,Violence and sexual offences,2027-02,2348
Cumbria,Anti-social behaviour,2026-03,169
Cumbria,Anti-social behaviour,2026-04,179
Cumbria,Anti-social behaviour,2026-05,195
Cumbria,Anti-social behaviour,2026-06,203
Cumbria,Anti-social behaviour,2026-07,209
Cumbria,Anti-social behaviour,2026-08,210
Cumbria,Anti-social behaviour,2026-09,195
Cumbria,Anti-social behaviour,2026-10,195
Cumbria,Anti-social behaviour,2026-11,178
Cumbria,Anti-social behaviour,2026-12,159
Cumbria,Anti-social behaviour,2027-01,158
Cumbria,Anti-social behaviour,2027-02,153
Cumbria,Bicycle theft,2026-03,20
Cumbria,Bicycle theft,2026-04,22
Cumbria,Bicycle theft,2026-05,25
Cumbria,Bicycle theft,2026-06,24
Cumbria,Bicycle theft,2026-07,24
Cumbria,Bicycle theft,2026-08,23
Cumbria,Bicycle theft,2026-09,22
Cumbria,Bicycle theft,2026-10,22
Cumbria,Bicycle theft,2026-11,19
Cumbria,Bicycle theft,2026-12,17
Cumbria,Bicycle theft,2027-01,17
Cumbria,Bicycle theft,2027-02,17
Cumbria,Burglary,2026-03,90
Cumbria,Burglary,2026-04,87
Cumbria,Burglary,2026-05,92
Cumbria,Burglary,2026-06,92
Cumbria,Burglary,2026-07,95
Cumbria,Burglary,2026-08,95
Cumbria,Burglary,2026-09,94
Cumbria,Burglary,2026-10,98
Cumbria,Burglary,2026-11,91
Cumbria,Burglary,2026-12,93
Cumbria,Burglary,2027-01,91
Cumbria,Burglary,2027-02,89
Cumbria,Criminal damage and arson,2026-03,291
Cumbria,Criminal damage and arson,2026-04,302
Cumbria,Criminal damage and arson,2026-05,312
Cumbria,Criminal damage and arson,2026-06,314
Cumbria,Criminal damage and arson,2026-07,321
Cumbria,Criminal damage and arson,2026-08,324
Cumbria,Criminal damage and arson,2026-09,314
Cumbria,Criminal damage and arson,2026-10,324
Cumbria,Criminal damage and arson,2026-11,312
Cumbria,Criminal damage and arson,2026-12,299
Cumbria,Criminal damage and arson,2027-01,293
Cumbria,Criminal damage and arson,2027-02,288
Cumbria,Drugs,2026-03,153
Cumbria,Drugs,2026-04,147
Cumbria,Drugs,2026-05,151
Cumbria,Drugs,2026-06,152
Cumbria,Drugs,2026-07,151
Cumbria,Drugs,2026-08,150
Cumbria,Drugs,2026-09,143
Cumbria,Drugs,2026-10,149
Cumbria,Drugs,2026-11,146
Cumbria,Drugs,2026-12,142
Cumbria,Drugs,2027-01,139
Cumbria,Drugs,2027-02,137
Cumbria,Other crime,2026-03,104
Cumbria,Other crime,2026-04,98
Cumbria,Other crime,2026-05,102
Cumbria,Other crime,2026-06,100
Cumbria,Other crime,2026-07,104
Cumbria,Other crime,2026-08,100
Cumbria,Other crime,2026-09,102
Cumbria,Other crime,2026-10,105
Cumbria,Other crime,2026-11,97
Cumbria,Other crime,2026-12,93
Cumbria,Other crime,2027-01,100
Cumbria,Other crime,2027-02,97
Cumbria,Other theft,2026-03,191
Cumbria,Other theft,2026-04,190
Cumbria,Other theft,2026-05,197
Cumbria,Other theft,2026-06,205
Cumbria,Other theft,2026-07,212
Cumbria,Other theft,2026-08,211
Cumbria,Other theft,2026-09,205
Cumbria,Other theft,2026-10,208
Cumbria,Other theft,2026-11,193
Cumbria,Other theft,2026-12,181
Cumbria,Other theft,2027-01,180
Cumbria,Other theft,2027-02,173
Cumbria,Possession of weapons,2026-03,44
Cumbria,Possession of weapons,2026-04,45
Cumbria,Possession of weapons,2026-05,46
Cumbria,Possession of weapons,2026-06,47
Cumbria,Possession of weapons,2026-07,50
Cumbria,Possession of weapons,2026-08,49
Cumbria,Possession of weapons,2026-09,46
Cumbria,Possession of weapons,2026-10,48
Cumbria,Possession of weapons,2026-11,44
Cumbria,Possession of weapons,2026-12,42
Cumbria,Possession of weapons,2027-01,43
Cumbria,Possession of weapons,2027-02,42
Cumbria,Public order,2026-03,348
Cumbria,Public order,2026-04,349
Cumbria,Public order,2026-05,369
Cumbria,Public order,2026-06,372
Cumbria,Public order,2026-07,383
Cumbria,Public order,2026-08,370
Cumbria,Public order,2026-09,346
Cumbria,Public order,2026-10,333
Cumbria,Public order,2026-11,308
Cumbria,Public order,2026-12,282
Cumbria,Public order,2027-01,281
Cumbria,Public order,2027-02,277
Cumbria,Robbery,2026-03,15
Cumbria,Robbery,2026-04,15
Cumbria,Robbery,2026-05,16
Cumbria,Robbery,2026-06,16
Cumbria,Robbery,2026-07,16
Cumbria,Robbery,2026-08,17
Cumbria,Robbery,2026-09,16
Cumbria,Robbery,2026-10,16
Cumbria,Robbery,2026-11,15
Cumbria,Robbery,2026-12,15
Cumbria,Robbery,2027-01,14
Cumbria,Robbery,2027-02,14
Cumbria,Shoplifting,2026-03,201
Cumbria,Shoplifting,2026-04,202
Cumbria,Shoplifting,2026-05,206
Cumbria,Shoplifting,2026-06,208
Cumbria,Shoplifting,2026-07,211
Cumbria,Shoplifting,2026-08,212
Cumbria,Shoplifting,2026-09,210
Cumbria,Shoplifting,2026-10,218
Cumbria,Shoplifting,2026-11,207
Cumbria,Shoplifting,2026-12,182
Cumbria,Shoplifting,2027-01,198
Cumbria,Shoplifting,2027-02,202
Cumbria,Theft from the person,2026-03,11
Cumbria,Theft from the person,2026-04,12
Cumbria,Theft from the person,2026-05,13
Cumbria,Theft from the person,2026-06,15
Cumbria,Theft from the person,2026-07,16
Cumbria,Theft from the person,2026-08,17
Cumbria,Theft from the person,2026-09,16
Cumbria,Theft from the person,2026-10,16
Cumbria,Theft from the person,2026-11,16
Cumbria,Theft from the person,2026-12,16
Cumbria,Theft from the person,2027-01,13
Cumbria,Theft from the person,2027-02,13
Cumbria,Vehicle crime,2026-03,75
Cumbria,Vehicle crime,2026-04,73
Cumbria,Vehicle crime,2026-05,74
Cumbria,Vehicle crime,2026-06,74
Cumbria,Vehicle crime,2026-07,76
Cumbria,Vehicle crime,2026-08,77
Cumbria,Vehicle crime,2026-09,77
Cumbria,Vehicle crime,2026-10,80
Cumbria,Vehicle crime,2026-11,76
Cumbria,Vehicle crime,2026-12,74
Cumbria,Vehicle crime,2027-01,77
Cumbria,Vehicle crime,2027-02,75
Cumbria,Violence and sexual offences,2026-03,1562
Cumbria,Violence and sexual offences,2026-04,1533
Cumbria,Violence and sexual offences,2026-05,1605
Cumbria,Violence and sexual offences,2026-06,1603
Cumbria,Violence and sexual offences,2026-07,1656
Cumbria,Violence and sexual offences,2026-08,1579
Cumbria,Violence and sexual offences,2026-09,1533
Cumbria,Violence and sexual offences,2026-10,1545
Cumbria,Violence and sexual offences,2026-11,1439
Cumbria,Violence and sexual offences,2026-12,1394
Cumbria,Violence and sexual offences,2027-01,1380
Cumbria,Violence and sexual offences,2027-02,1336
Derbyshire,Anti-social behaviour,2026-03,1181
Derbyshire,Anti-social behaviour,2026-04,1286
Derbyshire,Anti-social behaviour,2026-05,1379
Derbyshire,Anti-social behaviour,2026-06,1409
Derbyshire,Anti-social behaviour,2026-07,1489
Derbyshire,Anti-social behaviour,2026-08,1357
Derbyshire,Anti-social behaviour,2026-09,1169
Derbyshire,Anti-social behaviour,2026-10,1128
Derbyshire,Anti-social behaviour,2026-11,942
Derbyshire,Anti-social behaviour,2026-12,837
Derbyshire,Anti-social behaviour,2027-01,904
Derbyshire,Anti-social behaviour,2027-02,966
Derbyshire,Bicycle theft,2026-03,29
Derbyshire,Bicycle theft,2026-04,31
Derbyshire,Bicycle theft,2026-05,37
Derbyshire,Bicycle theft,2026-06,38
Derbyshire,Bicycle theft,2026-07,40
Derbyshire,Bicycle theft,2026-08,39
Derbyshire,Bicycle theft,2026-09,39
Derbyshire,Bicycle theft,2026-10,38
Derbyshire,Bicycle theft,2026-11,31
Derbyshire,Bicycle theft,2026-12,26
Derbyshire,Bicycle theft,2027-01,28
Derbyshire,Bicycle theft,2027-02,29
Derbyshire,Burglary,2026-03,257
Derbyshire,Burglary,2026-04,250
Derbyshire,Burglary,2026-05,255
Derbyshire,Burglary,2026-06,254
Derbyshire,Burglary,2026-07,260
Derbyshire,Burglary,2026-08,264
Derbyshire,Burglary,2026-09,265
Derbyshire,Burglary,2026-10,283
Derbyshire,Burglary,2026-11,281
Derbyshire,Burglary,2026-12,262
Derbyshire,Burglary,2027-01,271
Derbyshire,Burglary,2027-02,252
Derbyshire,Criminal damage and arson,2026-03,567
Derbyshire,Criminal damage and arson,2026-04,566
Derbyshire,Criminal damage and arson,2026-05,596
Derbyshire,Criminal damage and arson,2026-06,592
Derbyshire,Criminal damage and arson,2026-07,609
Derbyshire,Criminal damage and arson,2026-08,601
Derbyshire,Criminal damage and arson,2026-09,562
Derbyshire,Criminal damage and arson,2026-10,584
Derbyshire,Criminal damage and arson,2026-11,560
Derbyshire,Criminal damage and arson,2026-12,535
Derbyshire,Criminal damage and arson,2027-01,537
Derbyshire,Criminal damage and arson,2027-02,513
Derbyshire,Drugs,2026-03,374
Derbyshire,Drugs,2026-04,344
Derbyshire,Drugs,2026-05,347
Derbyshire,Drugs,2026-06,329
Derbyshire,Drugs,2026-07,330
Derbyshire,Drugs,2026-08,316
Derbyshire,Drugs,2026-09,298
Derbyshire,Drugs,2026-10,323
Derbyshire,Drugs,2026-11,313
Derbyshire,Drugs,2026-12,302
Derbyshire,Drugs,2027-01,319
Derbyshire,Drugs,2027-02,302
Derbyshire,Other crime,2026-03,193
Derbyshire,Other crime,2026-04,179
Derbyshire,Other crime,2026-05,187
Derbyshire,Other crime,2026-06,180
Derbyshire,Other crime,2026-07,185
Derbyshire,Other crime,2026-08,175
Derbyshire,Other crime,2026-09,178
Derbyshire,Other crime,2026-10,184
Derbyshire,Other crime,2026-11,175
Derbyshire,Other crime,2026-12,163
Derbyshire,Other crime,2027-01,187
Derbyshire,Other crime,2027-02,180
Derbyshire,Other theft,2026-03,492
Derbyshire,Other theft,2026-04,487
Derbyshire,Other theft,2026-05,507
Derbyshire,Other theft,2026-06,509
Derbyshire,Other theft,2026-07,523
Derbyshire,Other theft,2026-08,516
Derbyshire,Other theft,2026-09,486
Derbyshire,Other theft,2026-10,493
Derbyshire,Other theft,2026-11,477
Derbyshire,Other theft,2026-12,461
Derbyshire,Other theft,2027-01,458
Derbyshire,Other theft,2027-02,439
Derbyshire,Possession of weapons,2026-03,109
Derbyshire,Possession of weapons,2026-04,106
Derbyshire,Possession of weapons,2026-05,111
Derbyshire,Possession of weapons,2026-06,109
Derbyshire,Possession of weapons,2026-07,112
Derbyshire,Possession of weapons,2026-08,109
Derbyshire,Possession of weapons,2026-09,106
Derbyshire,Possession of weapons,2026-10,107
Derbyshire,Possession of weapons,2026-11,98
Derbyshire,Possession of weapons,2026-12,89
Derbyshire,Possession of weapons,2027-01,95
Derbyshire,Possession of weapons,2027-02,93
Derbyshire,Public order,2026-03,717
Derbyshire,Public order,2026-04,727
Derbyshire,Public order,2026-05,805
Derbyshire,Public order,2026-06,815
Derbyshire,Public order,2026-07,840
Derbyshire,Public order,2026-08,798
Derbyshire,Public order,2026-09,746
Derbyshire,Public order,2026-10,726
Derbyshire,Public order,2026-11,659
Derbyshire,Public order,2026-12,599
Derbyshire,Public order,2027-01,630
Derbyshire,Public order,2027-02,633
Derbyshire,Robbery,2026-03,65
Derbyshire,Robbery,2026-04,65
Derbyshire,Robbery,2026-05,68
Derbyshire,Robbery,2026-06,70
Derbyshire,Robbery,2026-07,75
Derbyshire,Robbery,2026-08,74
Derbyshire,Robbery,2026-09,73
Derbyshire,Robbery,2026-10,77
Derbyshire,Robbery,2026-11,72
Derbyshire,Robbery,2026-12,67
Derbyshire,Robbery,2027-01,71
Derbyshire,Robbery,2027-02,68
Derbyshire,Shoplifting,2026-03,661
Derbyshire,Shoplifting,2026-04,635
Derbyshire,Shoplifting,2026-05,650
Derbyshire,Shoplifting,2026-06,631
Derbyshire,Shoplifting,2026-07,645
Derbyshire,Shoplifting,2026-08,637
Derbyshire,Shoplifting,2026-09,625
Derbyshire,Shoplifting,2026-10,647
Derbyshire,Shoplifting,2026-11,610
Derbyshire,Shoplifting,2026-12,546
Derbyshire,Shoplifting,2027-01,604
Derbyshire,Shoplifting,2027-02,603
Derbyshire,Theft from the person,2026-03,54
Derbyshire,Theft from the person,2026-04,51
Derbyshire,Theft from the person,2026-05,54
Derbyshire,Theft from the person,2026-06,53
Derbyshire,Theft from the person,2026-07,55
Derbyshire,Theft from the person,2026-08,57
Derbyshire,Theft from the person,2026-09,54
Derbyshire,Theft from the person,2026-10,56
Derbyshire,Theft from the person,2026-11,53
Derbyshire,Theft from the person,2026-12,53
Derbyshire,Theft from the person,2027-01,46
Derbyshire,Theft from the person,2027-02,47
Derbyshire,Vehicle crime,2026-03,276
Derbyshire,Vehicle crime,2026-04,277
Derbyshire,Vehicle crime,2026-05,282
Derbyshire,Vehicle crime,2026-06,278
Derbyshire,Vehicle crime,2026-07,284
Derbyshire,Vehicle crime,2026-08,295
Derbyshire,Vehicle crime,2026-09,308
Derbyshire,Vehicle crime,2026-10,322
Derbyshire,Vehicle crime,2026-11,312
Derbyshire,Vehicle crime,2026-12,287
Derbyshire,Vehicle crime,2027-01,302
Derbyshire,Vehicle crime,2027-02,284
Derbyshire,Violence and sexual offences,2026-03,3585
Derbyshire,Violence and sexual offences,2026-04,3479
Derbyshire,Violence and sexual offences,2026-05,3709
Derbyshire,Violence and sexual offences,2026-06,3733
Derbyshire,Violence and sexual offences,2026-07,3879
Derbyshire,Violence and sexual offences,2026-08,3667
Derbyshire,Violence and sexual offences,2026-09,3497
Derbyshire,Violence and sexual offences,2026-10,3509
Derbyshire,Violence and sexual offences,2026-11,3325
Derbyshire,Violence and sexual offences,2026-12,3264
Derbyshire,Violence and sexual offences,2027-01,3309
Derbyshire,Violence and sexual offences,2027-02,3163
Devon and Cornwall,Anti-social behaviour,2026-03,1324
Devon and Cornwall,Anti-social behaviour,2026-04,1445
Devon and Cornwall,Anti-social behaviour,2026-05,1571
Devon and Cornwall,Anti-social behaviour,2026-06,1654
Devon and Cornwall,Anti-social behaviour,2026-07,1825
Devon and Cornwall,Anti-social behaviour,2026-08,1749
Devon and Cornwall,Anti-social behaviour,2026-09,1528
Devon and Cornwall,Anti-social behaviour,2026-10,1508
Devon and Cornwall,Anti-social behaviour,2026-11,1272
Devon and Cornwall,Anti-social behaviour,2026-12,1128
Devon and Cornwall,Anti-social behaviour,2027-01,1160
Devon and Cornwall,Anti-social behaviour,2027-02,1159
Devon and Cornwall,Bicycle theft,2026-03,59
Devon and Cornwall,Bicycle theft,2026-04,63
Devon and Cornwall,Bicycle theft,2026-05,68
Devon and Cornwall,Bicycle theft,2026-06,72
Devon and Cornwall,Bicycle theft,2026-07,75
Devon and Cornwall,Bicycle theft,2026-08,78
Devon and Cornwall,Bicycle theft,2026-09,78
Devon and Cornwall,Bicycle theft,2026-10,76
Devon and Cornwall,Bicycle theft,2026-11,63
Devon and Cornwall,Bicycle theft,2026-12,52
Devon and Cornwall,Bicycle theft,2027-01,53
Devon and Cornwall,Bicycle theft,2027-02,53
Devon and Cornwall,Burglary,2026-03,321
Devon and Cornwall,Burglary,2026-04,313
Devon and Cornwall,Burglary,2026-05,316
Devon and Cornwall,Burglary,2026-06,310
Devon and Cornwall,Burglary,2026-07,319
Devon and Cornwall,Burglary,2026-08,316
Devon and Cornwall,Burglary,2026-09,307
Devon and Cornwall,Burglary,2026-10,320
Devon and Cornwall,Burglary,2026-11,319
Devon and Cornwall,Burglary,2026-12,311
Devon and Cornwall,Burglary,2027-01,322
Devon and Cornwall,Burglary,2027-02,301
Devon and Cornwall,Criminal damage and arson,2026-03,1103
Devon and Cornwall,Criminal damage and arson,2026-04,1108
Devon and Cornwall,Criminal damage and arson,2026-05,1152
Devon and Cornwall,Criminal damage and arson,2026-06,1129
Devon and Cornwall,Criminal damage and arson,2026-07,1183
Devon and Cornwall,Criminal damage and arson,2026-08,1183
Devon and Cornwall,Criminal damage and arson,2026-09,1091
Devon and Cornwall,Criminal damage and arson,2026-10,1136
Devon and Cornwall,Criminal damage and arson,2026-11,1084
Devon and Cornwall,Criminal damage and arson,2026-12,1063
Devon and Cornwall,Criminal damage and arson,2027-01,1043
Devon and Cornwall,Criminal damage and arson,2027-02,987
Devon and Cornwall,Drugs,2026-03,338
Devon and Cornwall,Drugs,2026-04,330
Devon and Cornwall,Drugs,2026-05,345
Devon and Cornwall,Drugs,2026-06,336
Devon and Cornwall,Drugs,2026-07,344
Devon and Cornwall,Drugs,2026-08,339
Devon and Cornwall,Drugs,2026-09,324
Devon and Cornwall,Drugs,2026-10,333
Devon and Cornwall,Drugs,2026-11,331
Devon and Cornwall,Drugs,2026-12,324
Devon and Cornwall,Drugs,2027-01,332
Devon and Cornwall,Drugs,2027-02,307
Devon and Cornwall,Other crime,2026-03,306
Devon and Cornwall,Other crime,2026-04,293
Devon and Cornwall,Other crime,2026-05,308
Devon and Cornwall,Other crime,2026-06,301
Devon and Cornwall,Other crime,2026-07,308
Devon and Cornwall,Other crime,2026-08,298
Devon and Cornwall,Other crime,2026-09,296
Devon and Cornwall,Other crime,2026-10,304
Devon and Cornwall,Other crime,2026-11,295
Devon and Cornwall,Other crime,2026-12,273
Devon and Cornwall,Other crime,2027-01,299
Devon and Cornwall,Other crime,2027-02,293
Devon and Cornwall,Other theft,2026-03,902
Devon and Cornwall,Other theft,2026-04,902
Devon and Cornwall,Other theft,2026-05,947
Devon and Cornwall,Other theft,2026-06,926
Devon and Cornwall,Other theft,2026-07,963
Devon and Cornwall,Other theft,2026-08,933
Devon and Cornwall,Other theft,2026-09,863
Devon and Cornwall,Other theft,2026-10,864
Devon and Cornwall,Other theft,2026-11,828
Devon and Cornwall,Other theft,2026-12,814
Devon and Cornwall,Other theft,2027-01,807
Devon and Cornwall,Other theft,2027-02,788
Devon and Cornwall,Possession of weapons,2026-03,149
Devon and Cornwall,Possession of weapons,2026-04,148
Devon and Cornwall,Possession of weapons,2026-05,164
Devon and Cornwall,Possession of weapons,2026-06,165
Devon and Cornwall,Possession of weapons,2026-07,170
Devon and Cornwall,Possession of weapons,2026-08,167
Devon and Cornwall,Possession of weapons,2026-09,159
Devon and Cornwall,Possession of weapons,2026-10,160
Devon and Cornwall,Possession of weapons,2026-11,150
Devon and Cornwall,Possession of weapons,2026-12,143
Devon and Cornwall,Possession of weapons,2027-01,145
Devon and Cornwall,Possession of weapons,2027-02,141
Devon and Cornwall,Public order,2026-03,756
Devon and Cornwall,Public order,2026-04,757
Devon and Cornwall,Public order,2026-05,834
Devon and Cornwall,Public order,2026-06,828
Devon and Cornwall,Public order,2026-07,882
Devon and Cornwall,Public order,2026-08,864
Devon and Cornwall,Public order,2026-09,793
Devon and Cornwall,Public order,2026-10,772
Devon and Cornwall,Public order,2026-11,698
Devon and Cornwall,Public order,2026-12,646
Devon and Cornwall,Public order,2027-01,660
Devon and Cornwall,Public order,2027-02,651
Devon and Cornwall,Robbery,2026-03,62
Devon and Cornwall,Robbery,2026-04,63
Devon and Cornwall,Robbery,2026-05,68
Devon and Cornwall,Robbery,2026-06,71
Devon and Cornwall,Robbery,2026-07,77
Devon and Cornwall,Robbery,2026-08,79
Devon and Cornwall,Robbery,2026-09,77
Devon and Cornwall,Robbery,2026-10,79
Devon and Cornwall,Robbery,2026-11,72
Devon and Cornwall,Robbery,2026-12,71
Devon and Cornwall,Robbery,2027-01,71
Devon and Cornwall,Robbery,2027-02,68
Devon and Cornwall,Shoplifting,2026-03,848
Devon and Cornwall,Shoplifting,2026-04,829
Devon and Cornwall,Shoplifting,2026-05,881
Devon and Cornwall,Shoplifting,2026-06,857
Devon and Cornwall,Shoplifting,2026-07,879
Devon and Cornwall,Shoplifting,2026-08,885
Devon and Cornwall,Shoplifting,2026-09,848
Devon and Cornwall,Shoplifting,2026-10,857
Devon and Cornwall,Shoplifting,2026-11,824
Devon and Cornwall,Shoplifting,2026-12,763
Devon and Cornwall,Shoplifting,2027-01,822
Devon and Cornwall,Shoplifting,2027-02,823
Devon and Cornwall,Theft from the person,2026-03,66
Devon and Cornwall,Theft from the person,2026-04,67
Devon and Cornwall,Theft from the person,2026-05,74
Devon and Cornwall,Theft from the person,2026-06,76
Devon and Cornwall,Theft from the person,2026-07,83
Devon and Cornwall,Theft from the person,2026-08,84
Devon and Cornwall,Theft from the person,2026-09,78
Devon and Cornwall,Theft from the person,2026-10,79
Devon and Cornwall,Theft from the person,2026-11,76
Devon and Cornwall,Theft from the person,2026-12,76
Devon and Cornwall,Theft from the person,2027-01,66
Devon and Cornwall,Theft from the person,2027-02,65
Devon and Cornwall,Vehicle crime,2026-03,341
Devon and Cornwall,Vehicle crime,2026-04,318
Devon and Cornwall,Vehicle crime,2026-05,327
Devon and Cornwall,Vehicle crime,2026-06,314
Devon and Cornwall,Vehicle crime,2026-07,324
Devon and Cornwall,Vehicle crime,2026-08,323
Devon and Cornwall,Vehicle crime,2026-09,320
Devon and Cornwall,Vehicle crime,2026-10,328
Devon and Cornwall,Vehicle crime,2026-11,320
Devon and Cornwall,Vehicle crime,2026-12,313
Devon and Cornwall,Vehicle crime,2027-01,323
Devon and Cornwall,Vehicle crime,2027-02,309
Devon and Cornwall,Violence and sexual offences,2026-03,5444
Devon and Cornwall,Violence and sexual offences,2026-04,5317
Devon and Cornwall,Violence and sexual offences,2026-05,5628
Devon and Cornwall,Violence and sexual offences,2026-06,5602
Devon and Cornwall,Violence and sexual offences,2026-07,5837
Devon and Cornwall,Violence and sexual offences,2026-08,5393
Devon and Cornwall,Violence and sexual offences,2026-09,5439
Devon and Cornwall,Violence and sexual offences,2026-10,5698
Devon and Cornwall,Violence and sexual offences,2026-11,5380
Devon and Cornwall,Violence and sexual offences,2026-12,5585
Devon and Cornwall,Violence and sexual offences,2027-01,5465
Devon and Cornwall,Violence and sexual offences,2027-02,5262
Dorset,Anti-social behaviour,2026-03,1168
Dorset,Anti-social behaviour,2026-04,1215
Dorset,Anti-social behaviour,2026-05,1311
Dorset,Anti-social behaviour,2026-06,1339
Dorset,Anti-social behaviour,2026-07,1455
Dorset,Anti-social behaviour,2026-08,1346
Dorset,Anti-social behaviour,2026-09,1169
Dorset,Anti-social behaviour,2026-10,1118
Dorset,Anti-social behaviour,2026-11,945
Dorset,Anti-social behaviour,2026-12,842
Dorset,Anti-social behaviour,2027-01,891
Dorset,Anti-social behaviour,2027-02,935
Dorset,Bicycle theft,2026-03,40
Dorset,Bicycle theft,2026-04,43
Dorset,Bicycle theft,2026-05,48
Dorset,Bicycle theft,2026-06,49
Dorset,Bicycle theft,2026-07,51
Dorset,Bicycle theft,2026-08,53
Dorset,Bicycle theft,2026-09,47
Dorset,Bicycle theft,2026-10,47
Dorset,Bicycle theft,2026-11,39
Dorset,Bicycle theft,2026-12,33
Dorset,Bicycle theft,2027-01,36
Dorset,Bicycle theft,2027-02,35
Dorset,Burglary,2026-03,172
Dorset,Burglary,2026-04,170
Dorset,Burglary,2026-05,177
Dorset,Burglary,2026-06,176
Dorset,Burglary,2026-07,185
Dorset,Burglary,2026-08,185
Dorset,Burglary,2026-09,178
Dorset,Burglary,2026-10,187
Dorset,Burglary,2026-11,178
Dorset,Burglary,2026-12,170
Dorset,Burglary,2027-01,177
Dorset,Burglary,2027-02,165
Dorset,Criminal damage and arson,2026-03,354
Dorset,Criminal damage and arson,2026-04,356
Dorset,Criminal damage and arson,2026-05,363
Dorset,Criminal damage and arson,2026-06,359
Dorset,Criminal damage and arson,2026-07,376
Dorset,Criminal damage and arson,2026-08,367
Dorset,Criminal damage and arson,2026-09,347
Dorset,Criminal damage and arson,2026-10,356
Dorset,Criminal damage and arson,2026-11,338
Dorset,Criminal damage and arson,2026-12,322
Dorset,Criminal damage and arson,2027-01,321
Dorset,Criminal damage and arson,2027-02,310
Dorset,Drugs,2026-03,92
Dorset,Drugs,2026-04,93
Dorset,Drugs,2026-05,97
Dorset,Drugs,2026-06,96
Dorset,Drugs,2026-07,102
Dorset,Drugs,2026-08,94
Dorset,Drugs,2026-09,95
Dorset,Drugs,2026-10,100
Dorset,Drugs,2026-11,95
Dorset,Drugs,2026-12,91
Dorset,Drugs,2027-01,96
Dorset,Drugs,2027-02,90
Dorset,Other crime,2026-03,54
Dorset,Other crime,2026-04,51
Dorset,Other crime,2026-05,53
Dorset,Other crime,2026-06,50
Dorset,Other crime,2026-07,53
Dorset,Other crime,2026-08,50
Dorset,Other crime,2026-09,51
Dorset,Other crime,2026-10,52
Dorset,Other crime,2026-11,51
Dorset,Other crime,2026-12,49
Dorset,Other crime,2027-01,55
Dorset,Other crime,2027-02,54
Dorset,Other theft,2026-03,308
Dorset,Other theft,2026-04,310
Dorset,Other theft,2026-05,322
Dorset,Other theft,2026-06,325
Dorset,Other theft,2026-07,339
Dorset,Other theft,2026-08,328
Dorset,Other theft,2026-09,304
Dorset,Other theft,2026-10,308
Dorset,Other theft,2026-11,298
Dorset,Other theft,2026-12,292
Dorset,Other theft,2027-01,286
Dorset,Other theft,2027-02,277
Dorset,Possession of weapons,2026-03,28
Dorset,Possession of weapons,2026-04,27
Dorset,Possession of weapons,2026-05,30
Dorset,Possession of weapons,2026-06,31
Dorset,Possession of weapons,2026-07,33
Dorset,Possession of weapons,2026-08,32
Dorset,Possession of weapons,2026-09,28
Dorset,Possession of weapons,2026-10,29
Dorset,Possession of weapons,2026-11,27
Dorset,Possession of weapons,2026-12,27
Dorset,Possession of weapons,2027-01,28
Dorset,Possession of weapons,2027-02,28
Dorset,Public order,2026-03,250
Dorset,Public order,2026-04,253
Dorset,Public order,2026-05,272
Dorset,Public order,2026-06,277
Dorset,Public order,2026-07,294
Dorset,Public order,2026-08,286
Dorset,Public order,2026-09,266
Dorset,Public order,2026-10,257
Dorset,Public order,2026-11,238
Dorset,Public order,2026-12,216
Dorset,Public order,2027-01,225
Dorset,Public order,2027-02,230
Dorset,Robbery,2026-03,34
Dorset,Robbery,2026-04,34
Dorset,Robbery,2026-05,36
Dorset,Robbery,2026-06,36
Dorset,Robbery,2026-07,37
Dorset,Robbery,2026-08,36
Dorset,Robbery,2026-09,34
Dorset,Robbery,2026-10,33
Dorset,Robbery,2026-11,32
Dorset,Robbery,2026-12,30
Dorset,Robbery,2027-01,30
Dorset,Robbery,2027-02,30
Dorset,Shoplifting,2026-03,396
Dorset,Shoplifting,2026-04,390
Dorset,Shoplifting,2026-05,392
Dorset,Shoplifting,2026-06,388
Dorset,Shoplifting,2026-07,394
Dorset,Shoplifting,2026-08,391
Dorset,Shoplifting,2026-09,371
Dorset,Shoplifting,2026-10,371
Dorset,Shoplifting,2026-11,355
Dorset,Shoplifting,2026-12,318
Dorset,Shoplifting,2027-01,354
Dorset,Shoplifting,2027-02,361
Dorset,Theft from the person,2026-03,24
Dorset,Theft from the person,2026-04,24
Dorset,Theft from the person,2026-05,26
Dorset,Theft from the person,2026-06,26
Dorset,Theft from the person,2026-07,27
Dorset,Theft from the person,2026-08,26
Dorset,Theft from the person,2026-09,24
Dorset,Theft from the person,2026-10,24
Dorset,Theft from the person,2026-11,24
Dorset,Theft from the person,2026-12,23
Dorset,Theft from the person,2027-01,21
Dorset,Theft from the person,2027-02,22
Dorset,Vehicle crime,2026-03,261
Dorset,Vehicle crime,2026-04,251
Dorset,Vehicle crime,2026-05,254
Dorset,Vehicle crime,2026-06,250
Dorset,Vehicle crime,2026-07,262
Dorset,Vehicle crime,2026-08,266
Dorset,Vehicle crime,2026-09,264
Dorset,Vehicle crime,2026-10,276
Dorset,Vehicle crime,2026-11,269
Dorset,Vehicle crime,2026-12,256
Dorset,Vehicle crime,2027-01,271
Dorset,Vehicle crime,2027-02,251
Dorset,Violence and sexual offences,2026-03,1642
Dorset,Violence and sexual offences,2026-04,1653
Dorset,Violence and sexual offences,2026-05,1747
Dorset,Violence and sexual offences,2026-06,1765
Dorset,Violence and sexual offences,2026-07,1890
Dorset,Violence and sexual offences,2026-08,1780
Dorset,Violence and sexual offences,2026-09,1690
Dorset,Violence and sexual offences,2026-10,1659
Dorset,Violence and sexual offences,2026-11,1561
Dorset,Violence and sexual offences,2026-12,1500
Dorset,Violence and sexual offences,2027-01,1498
Dorset,Violence and sexual offences,2027-02,1414
Durham,Anti-social behaviour,2026-03,1252
Durham,Anti-social behaviour,2026-04,1304
Durham,Anti-social behaviour,2026-05,1387
Durham,Anti-social behaviour,2026-06,1400
Durham,Anti-social behaviour,2026-07,1479
Durham,Anti-social behaviour,2026-08,1370
Durham,Anti-social behaviour,2026-09,1247
Durham,Anti-social behaviour,2026-10,1279
Durham,Anti-social behaviour,2026-11,1090
Durham,Anti-social behaviour,2026-12,968
Durham,Anti-social behaviour,2027-01,1019
Durham,Anti-social behaviour,2027-02,1045
Durham,Bicycle theft,2026-03,18
Durham,Bicycle theft,2026-04,19
Durham,Bicycle theft,2026-05,21
Durham,Bicycle theft,2026-06,22
Durham,Bicycle theft,2026-07,22
Durham,Bicycle theft,2026-08,22
Durham,Bicycle theft,2026-09,21
Durham,Bicycle theft,2026-10,22
Durham,Bicycle theft,2026-11,20
Durham,Bicycle theft,2026-12,17
Durham,Bicycle theft,2027-01,18
Durham,Bicycle theft,2027-02,17
Durham,Burglary,2026-03,229
Durham,Burglary,2026-04,214
Durham,Burglary,2026-05,215
Durham,Burglary,2026-06,213
Durham,Burglary,2026-07,218
Durham,Burglary,2026-08,221
Durham,Burglary,2026-09,224
Durham,Burglary,2026-10,237
Durham,Burglary,2026-11,240
Durham,Burglary,2026-12,225
Durham,Burglary,2027-01,229
Durham,Burglary,2027-02,214
Durham,Criminal damage and arson,2026-03,765
Durham,Criminal damage and arson,2026-04,754
Durham,Criminal damage and arson,2026-05,764
Durham,Criminal damage and arson,2026-06,739
Durham,Criminal damage and arson,2026-07,759
Durham,Criminal damage and arson,2026-08,755
Durham,Criminal damage and arson,2026-09,727
Durham,Criminal damage and arson,2026-10,790
Durham,Criminal damage and arson,2026-11,749
Durham,Criminal damage and arson,2026-12,719
Durham,Criminal damage and arson,2027-01,716
Durham,Criminal damage and arson,2027-02,689
Durham,Drugs,2026-03,115
Durham,Drugs,2026-04,114
Durham,Drugs,2026-05,119
Durham,Drugs,2026-06,118
Durham,Drugs,2026-07,122
Durham,Drugs,2026-08,118
Durham,Drugs,2026-09,115
Durham,Drugs,2026-10,124
Durham,Drugs,2026-11,120
Durham,Drugs,2026-12,117
Durham,Drugs,2027-01,121
Durham,Drugs,2027-02,114
Durham,Other crime,2026-03,195
Durham,Other crime,2026-04,182
Durham,Other crime,2026-05,186
Durham,Other crime,2026-06,188
Durham,Other crime,2026-07,193
Durham,Other crime,2026-08,187
Durham,Other crime,2026-09,187
Durham,Other crime,2026-10,193
Durham,Other crime,2026-11,186
Durham,Other crime,2026-12,179
Durham,Other crime,2027-01,195
Durham,Other crime,2027-02,188
Durham,Other theft,2026-03,282
Durham,Other theft,2026-04,280
Durham,Other theft,2026-05,293
Durham,Other theft,2026-06,303
Durham,Other theft,2026-07,312
Durham,Other theft,2026-08,309
Durham,Other theft,2026-09,302
Durham,Other theft,2026-10,312
Durham,Other theft,2026-11,307
Durham,Other theft,2026-12,291
Durham,Other theft,2027-01,291
Durham,Other theft,2027-02,285
Durham,Possession of weapons,2026-03,57
Durham,Possession of weapons,2026-04,56
Durham,Possession of weapons,2026-05,56
Durham,Possession of weapons,2026-06,54
Durham,Possession of weapons,2026-07,55
Durham,Possession of weapons,2026-08,53
Durham,Possession of weapons,2026-09,53
Durham,Possession of weapons,2026-10,52
Durham,Possession of weapons,2026-11,48
Durham,Possession of weapons,2026-12,46
Durham,Possession of weapons,2027-01,50
Durham,Possession of weapons,2027-02,50
Durham,Public order,2026-03,377
Durham,Public order,2026-04,387
Durham,Public order,2026-05,411
Durham,Public order,2026-06,424
Durham,Public order,2026-07,447
Durham,Public order,2026-08,433
Durham,Public order,2026-09,414
Durham,Public order,2026-10,414
Durham,Public order,2026-11,387
Durham,Public order,2026-12,353
Durham,Public order,2027-01,363
Durham,Public order,2027-02,359
Durham,Robbery,2026-03,34
Durham,Robbery,2026-04,33
Durham,Robbery,2026-05,36
Durham,Robbery,2026-06,35
Durham,Robbery,2026-07,37
Durham,Robbery,2026-08,35
Durham,Robbery,2026-09,34
Durham,Robbery,2026-10,36
Durham,Robbery,2026-11,35
Durham,Robbery,2026-12,34
Durham,Robbery,2027-01,34
Durham,Robbery,2027-02,33
Durham,Shoplifting,2026-03,644
Durham,Shoplifting,2026-04,618
Durham,Shoplifting,2026-05,622
Durham,Shoplifting,2026-06,606
Durham,Shoplifting,2026-07,613
Durham,Shoplifting,2026-08,620
Durham,Shoplifting,2026-09,605
Durham,Shoplifting,2026-10,644
Durham,Shoplifting,2026-11,618
Durham,Shoplifting,2026-12,549
Durham,Shoplifting,2027-01,597
Durham,Shoplifting,2027-02,596
Durham,Theft from the person,2026-03,18
Durham,Theft from the person,2026-04,18
Durham,Theft from the person,2026-05,20
Durham,Theft from the person,2026-06,21
Durham,Theft from the person,2026-07,21
Durham,Theft from the person,2026-08,22
Durham,Theft from the person,2026-09,20
Durham,Theft from the person,2026-10,21
Durham,Theft from the person,2026-11,20
Durham,Theft from the person,2026-12,20
Durham,Theft from the person,2027-01,17
Durham,Theft from the person,2027-02,18
Durham,Vehicle crime,2026-03,203
Durham,Vehicle crime,2026-04,195
Durham,Vehicle crime,2026-05,198
Durham,Vehicle crime,2026-06,199
Durham,Vehicle crime,2026-07,206
Durham,Vehicle crime,2026-08,205
Durham,Vehicle crime,2026-09,210
Durham,Vehicle crime,2026-10,226
Durham,Vehicle crime,2026-11,220
Durham,Vehicle crime,2026-12,204
Durham,Vehicle crime,2027-01,220
Durham,Vehicle crime,2027-02,206
Durham,Violence and sexual offences,2026-03,2255
Durham,Violence and sexual offences,2026-04,2200
Durham,Violence and sexual offences,2026-05,2278
Durham,Violence and sexual offences,2026-06,2239
Durham,Violence and sexual offences,2026-07,2262
Durham,Violence and sexual offences,2026-08,2175
Durham,Violence and sexual offences,2026-09,2096
Durham,Violence and sexual offences,2026-10,2172
Durham,Violence and sexual offences,2026-11,2091
Durham,Violence and sexual offences,2026-12,2109
Durham,Violence and sexual offences,2027-01,2106
Durham,Violence and sexual offences,2027-02,2019
Dyfed-Powys,Anti-social behaviour,2026-03,293
Dyfed-Powys,Anti-social behaviour,2026-04,313
Dyfed-Powys,Anti-social behaviour,2026-05,330
Dyfed-Powys,Anti-social behaviour,2026-06,340
Dyfed-Powys,Anti-social behaviour,2026-07,363
Dyfed-Powys,Anti-social behaviour,2026-08,351
Dyfed-Powys,Anti-social behaviour,2026-09,310
Dyfed-Powys,Anti-social behaviour,2026-10,305
Dyfed-Powys,Anti-social behaviour,2026-11,275
Dyfed-Powys,Anti-social behaviour,2026-12,237
Dyfed-Powys,Anti-social behaviour,2027-01,222
Dyfed-Powys,Anti-social behaviour,2027-02,209
Dyfed-Powys,Bicycle theft,2026-03,8
Dyfed-Powys,Bicycle theft,2026-04,9
Dyfed-Powys,Bicycle theft,2026-05,12
Dyfed-Powys,Bicycle theft,2026-06,15
Dyfed-Powys,Bicycle theft,2026-07,17
Dyfed-Powys,Bicycle theft,2026-08,17
Dyfed-Powys,Bicycle theft,2026-09,16
Dyfed-Powys,Bicycle theft,2026-10,15
Dyfed-Powys,Bicycle theft,2026-11,14
Dyfed-Powys,Bicycle theft,2026-12,12
Dyfed-Powys,Bicycle theft,2027-01,10
Dyfed-Powys,Bicycle theft,2027-02,10
Dyfed-Powys,Burglary,2026-03,105
Dyfed-Powys,Burglary,2026-04,101
Dyfed-Powys,Burglary,2026-05,106
Dyfed-Powys,Burglary,2026-06,111
Dyfed-Powys,Burglary,2026-07,116
Dyfed-Powys,Burglary,2026-08,118
Dyfed-Powys,Burglary,2026-09,114
Dyfed-Powys,Burglary,2026-10,122
Dyfed-Powys,Burglary,2026-11,115
Dyfed-Powys,Burglary,2026-12,110
Dyfed-Powys,Burglary,2027-01,97
Dyfed-Powys,Burglary,2027-02,88
Dyfed-Powys,Criminal damage and arson,2026-03,305
Dyfed-Powys,Criminal damage and arson,2026-04,296
Dyfed-Powys,Criminal damage and arson,2026-05,306
Dyfed-Powys,Criminal damage and arson,2026-06,319
Dyfed-Powys,Criminal damage and arson,2026-07,330
Dyfed-Powys,Criminal damage and arson,2026-08,329
Dyfed-Powys,Criminal damage and arson,2026-09,313
Dyfed-Powys,Criminal damage and arson,2026-10,321
Dyfed-Powys,Criminal damage and arson,2026-11,309
Dyfed-Powys,Criminal damage and arson,2026-12,295
Dyfed-Powys,Criminal damage and arson,2027-01,260
Dyfed-Powys,Criminal damage and arson,2027-02,229
Dyfed-Powys,Drugs,2026-03,120
Dyfed-Powys,Drugs,2026-04,120
Dyfed-Powys,Drugs,2026-05,127
Dyfed-Powys,Drugs,2026-06,131
Dyfed-Powys,Drugs,2026-07,136
Dyfed-Powys,Drugs,2026-08,136
Dyfed-Powys,Drugs,2026-09,131
Dyfed-Powys,Drugs,2026-10,136
Dyfed-Powys,Drugs,2026-11,134
Dyfed-Powys,Drugs,2026-12,124
Dyfed-Powys,Drugs,2027-01,111
Dyfed-Powys,Drugs,2027-02,99
Dyfed-Powys,Other crime,2026-03,103
Dyfed-Powys,Other crime,2026-04,98
Dyfed-Powys,Other crime,2026-05,101
Dyfed-Powys,Other crime,2026-06,103
Dyfed-Powys,Other crime,2026-07,106
Dyfed-Powys,Other crime,2026-08,102
Dyfed-Powys,Other crime,2026-09,99
Dyfed-Powys,Other crime,2026-10,104
Dyfed-Powys,Other crime,2026-11,98
Dyfed-Powys,Other crime,2026-12,91
Dyfed-Powys,Other crime,2027-01,90
Dyfed-Powys,Other crime,2027-02,83
Dyfed-Powys,Other theft,2026-03,187
Dyfed-Powys,Other theft,2026-04,184
Dyfed-Powys,Other theft,2026-05,195
Dyfed-Powys,Other theft,2026-06,205
Dyfed-Powys,Other theft,2026-07,218
Dyfed-Powys,Other theft,2026-08,214
Dyfed-Powys,Other theft,2026-09,202
Dyfed-Powys,Other theft,2026-10,202
Dyfed-Powys,Other theft,2026-11,195
Dyfed-Powys,Other theft,2026-12,179
Dyfed-Powys,Other theft,2027-01,155
Dyfed-Powys,Other theft,2027-02,143
Dyfed-Powys,Possession of weapons,2026-03,44
Dyfed-Powys,Possession of weapons,2026-04,42
Dyfed-Powys,Possession of weapons,2026-05,45
Dyfed-Powys,Possession of weapons,2026-06,46
Dyfed-Powys,Possession of weapons,2026-07,47
Dyfed-Powys,Possession of weapons,2026-08,47
Dyfed-Powys,Possession of weapons,2026-09,43
Dyfed-Powys,Possession of weapons,2026-10,45
Dyfed-Powys,Possession of weapons,2026-11,41
Dyfed-Powys,Possession of weapons,2026-12,38
Dyfed-Powys,Possession of weapons,2027-01,36
Dyfed-Powys,Possession of weapons,2027-02,35
Dyfed-Powys,Public order,2026-03,242
Dyfed-Powys,Public order,2026-04,240
Dyfed-Powys,Public order,2026-05,265
Dyfed-Powys,Public order,2026-06,285
Dyfed-Powys,Public order,2026-07,305
Dyfed-Powys,Public order,2026-08,298
Dyfed-Powys,Public order,2026-09,283
Dyfed-Powys,Public order,2026-10,266
Dyfed-Powys,Public order,2026-11,247
Dyfed-Powys,Public order,2026-12,219
Dyfed-Powys,Public order,2027-01,202
Dyfed-Powys,Public order,2027-02,189
Dyfed-Powys,Robbery,2026-03,9
Dyfed-Powys,Robbery,2026-04,9
Dyfed-Powys,Robbery,2026-05,10
Dyfed-Powys,Robbery,2026-06,10
Dyfed-Powys,Robbery,2026-07,10
Dyfed-Powys,Robbery,2026-08,10
Dyfed-Powys,Robbery,2026-09,9
Dyfed-Powys,Robbery,2026-10,9
Dyfed-Powys,Robbery,2026-11,9
Dyfed-Powys,Robbery,2026-12,9
Dyfed-Powys,Robbery,2027-01,8
Dyfed-Powys,Robbery,2027-02,6
Dyfed-Powys,Shoplifting,2026-03,156
Dyfed-Powys,Shoplifting,2026-04,145
Dyfed-Powys,Shoplifting,2026-05,150
Dyfed-Powys,Shoplifting,2026-06,157
Dyfed-Powys,Shoplifting,2026-07,154
Dyfed-Powys,Shoplifting,2026-08,159
Dyfed-Powys,Shoplifting,2026-09,154
Dyfed-Powys,Shoplifting,2026-10,162
Dyfed-Powys,Shoplifting,2026-11,155
Dyfed-Powys,Shoplifting,2026-12,140
Dyfed-Powys,Shoplifting,2027-01,129
Dyfed-Powys,Shoplifting,2027-02,127
Dyfed-Powys,Theft from the person,2026-03,16
Dyfed-Powys,Theft from the person,2026-04,15
Dyfed-Powys,Theft from the person,2026-05,17
Dyfed-Powys,Theft from the person,2026-06,18
Dyfed-Powys,Theft from the person,2026-07,18
Dyfed-Powys,Theft from the person,2026-08,18
Dyfed-Powys,Theft from the person,2026-09,16
Dyfed-Powys,Theft from the person,2026-10,18
Dyfed-Powys,Theft from the person,2026-11,16
Dyfed-Powys,Theft from the person,2026-12,16
Dyfed-Powys,Theft from the person,2027-01,13
Dyfed-Powys,Theft from the person,2027-02,12
Dyfed-Powys,Vehicle crime,2026-03,71
Dyfed-Powys,Vehicle crime,2026-04,70
Dyfed-Powys,Vehicle crime,2026-05,69
Dyfed-Powys,Vehicle crime,2026-06,73
Dyfed-Powys,Vehicle crime,2026-07,77
Dyfed-Powys,Vehicle crime,2026-08,81
Dyfed-Powys,Vehicle crime,2026-09,81
Dyfed-Powys,Vehicle crime,2026-10,83
Dyfed-Powys,Vehicle crime,2026-11,74
Dyfed-Powys,Vehicle crime,2026-12,71
Dyfed-Powys,Vehicle crime,2027-01,67
Dyfed-Powys,Vehicle crime,2027-02,60
Dyfed-Powys,Violence and sexual offences,2026-03,1673
Dyfed-Powys,Violence and sexual offences,2026-04,1558
Dyfed-Powys,Violence and sexual offences,2026-05,1597
Dyfed-Powys,Violence and sexual offences,2026-06,1616
Dyfed-Powys,Violence and sexual offences,2026-07,1650
Dyfed-Powys,Violence and sexual offences,2026-08,1544
Dyfed-Powys,Violence and sexual offences,2026-09,1481
Dyfed-Powys,Violence and sexual offences,2026-10,1450
Dyfed-Powys,Violence and sexual offences,2026-11,1334
Dyfed-Powys,Violence and sexual offences,2026-12,1292
Dyfed-Powys,Violence and sexual offences,2027-01,1148
Dyfed-Powys,Violence and sexual offences,2027-02,980
Essex,Anti-social behaviour,2026-03,1263
Essex,Anti-social behaviour,2026-04,1329
Essex,Anti-social behaviour,2026-05,1408
Essex,Anti-social behaviour,2026-06,1409
Essex,Anti-social behaviour,2026-07,1523
Essex,Anti-social behaviour,2026-08,1437
Essex,Anti-social behaviour,2026-09,1198
Essex,Anti-social behaviour,2026-10,1174
Essex,Anti-social behaviour,2026-11,1024
Essex,Anti-social behaviour,2026-12,900
Essex,Anti-social behaviour,2027-01,976
Essex,Anti-social behaviour,2027-02,1008
Essex,Bicycle theft,2026-03,90
Essex,Bicycle theft,2026-04,95
Essex,Bicycle theft,2026-05,105
Essex,Bicycle theft,2026-06,108
Essex,Bicycle theft,2026-07,114
Essex,Bicycle theft,2026-08,116
Essex,Bicycle theft,2026-09,115
Essex,Bicycle theft,2026-10,116
Essex,Bicycle theft,2026-11,93
Essex,Bicycle theft,2026-12,72
Essex,Bicycle theft,2027-01,75
Essex,Bicycle theft,2027-02,75
Essex,Burglary,2026-03,474
Essex,Burglary,2026-04,440
Essex,Burglary,2026-05,438
Essex,Burglary,2026-06,422
Essex,Burglary,2026-07,439
Essex,Burglary,2026-08,430
Essex,Burglary,2026-09,429
Essex,Burglary,2026-10,457
Essex,Burglary,2026-11,463
Essex,Burglary,2026-12,446
Essex,Burglary,2027-01,446
Essex,Burglary,2027-02,412
Essex,Criminal damage and arson,2026-03,962
Essex,Criminal damage and arson,2026-04,971
Essex,Criminal damage and arson,2026-05,1018
Essex,Criminal damage and arson,2026-06,1006
Essex,Criminal damage and arson,2026-07,1052
Essex,Criminal damage and arson,2026-08,1047
Essex,Criminal damage and arson,2026-09,976
Essex,Criminal damage and arson,2026-10,1040
Essex,Criminal damage and arson,2026-11,1001
Essex,Criminal damage and arson,2026-12,946
Essex,Criminal damage and arson,2027-01,956
Essex,Criminal damage and arson,2027-02,900
Essex,Drugs,2026-03,600
Essex,Drugs,2026-04,572
Essex,Drugs,2026-05,588
Essex,Drugs,2026-06,572
Essex,Drugs,2026-07,580
Essex,Drugs,2026-08,570
Essex,Drugs,2026-09,549
Essex,Drugs,2026-10,591
Essex,Drugs,2026-11,596
Essex,Drugs,2026-12,568
Essex,Drugs,2027-01,596
Essex,Drugs,2027-02,550
Essex,Other crime,2026-03,306
Essex,Other crime,2026-04,291
Essex,Other crime,2026-05,305
Essex,Other crime,2026-06,298
Essex,Other crime,2026-07,308
Essex,Other crime,2026-08,294
Essex,Other crime,2026-09,295
Essex,Other crime,2026-10,307
Essex,Other crime,2026-11,300
Essex,Other crime,2026-12,279
Essex,Other crime,2027-01,301
Essex,Other crime,2027-02,291
Essex,Other theft,2026-03,869
Essex,Other theft,2026-04,846
Essex,Other theft,2026-05,870
Essex,Other theft,2026-06,860
Essex,Other theft,2026-07,897
Essex,Other theft,2026-08,877
Essex,Other theft,2026-09,818
Essex,Other theft,2026-10,856
Essex,Other theft,2026-11,838
Essex,Other theft,2026-12,799
Essex,Other theft,2027-01,773
Essex,Other theft,2027-02,737
Essex,Possession of weapons,2026-03,145
Essex,Possession of weapons,2026-04,143
Essex,Possession of weapons,2026-05,149
Essex,Possession of weapons,2026-06,146
Essex,Possession of weapons,2026-07,151
Essex,Possession of weapons,2026-08,149
Essex,Possession of weapons,2026-09,142
Essex,Possession of weapons,2026-10,146
Essex,Possession of weapons,2026-11,138
Essex,Possession of weapons,2026-12,129
Essex,Possession of weapons,2027-01,135
Essex,Possession of weapons,2027-02,132
Essex,Public order,2026-03,868
Essex,Public order,2026-04,867
Essex,Public order,2026-05,946
Essex,Public order,2026-06,946
Essex,Public order,2026-07,990
Essex,Public order,2026-08,941
Essex,Public order,2026-09,886
Essex,Public order,2026-10,881
Essex,Public order,2026-11,820
Essex,Public order,2026-12,747
Essex,Public order,2027-01,763
Essex,Public order,2027-02,745
Essex,Robbery,2026-03,110
Essex,Robbery,2026-04,110
Essex,Robbery,2026-05,113
Essex,Robbery,2026-06,116
Essex,Robbery,2026-07,125
Essex,Robbery,2026-08,122
Essex,Robbery,2026-09,120
Essex,Robbery,2026-10,125
Essex,Robbery,2026-11,118
Essex,Robbery,2026-12,110
Essex,Robbery,2027-01,113
Essex,Robbery,2027-02,109
Essex,Shoplifting,2026-03,1319
Essex,Shoplifting,2026-04,1248
Essex,Shoplifting,2026-05,1248
Essex,Shoplifting,2026-06,1190
Essex,Shoplifting,2026-07,1255
Essex,Shoplifting,2026-08,1253
Essex,Shoplifting,2026-09,1199
Essex,Shoplifting,2026-10,1248
Essex,Shoplifting,2026-11,1165
Essex,Shoplifting,2026-12,1072
Essex,Shoplifting,2027-01,1163
Essex,Shoplifting,2027-02,1155
Essex,Theft from the person,2026-03,71
Essex,Theft from the person,2026-04,71
Essex,Theft from the person,2026-05,78
Essex,Theft from the person,2026-06,78
Essex,Theft from the person,2026-07,85
Essex,Theft from the person,2026-08,86
Essex,Theft from the person,2026-09,82
Essex,Theft from the person,2026-10,87
Essex,Theft from the person,2026-11,86
Essex,Theft from the person,2026-12,85
Essex,Theft from the person,2027-01,71
Essex,Theft from the person,2027-02,69
Essex,Vehicle crime,2026-03,813
Essex,Vehicle crime,2026-04,765
Essex,Vehicle crime,2026-05,779
Essex,Vehicle crime,2026-06,752
Essex,Vehicle crime,2026-07,786
Essex,Vehicle crime,2026-08,785
Essex,Vehicle crime,2026-09,796
Essex,Vehicle crime,2026-10,848
Essex,Vehicle crime,2026-11,823
Essex,Vehicle crime,2026-12,756
Essex,Vehicle crime,2027-01,786
Essex,Vehicle crime,2027-02,715
Essex,Violence and sexual offences,2026-03,5531
Essex,Violence and sexual offences,2026-04,5419
Essex,Violence and sexual offences,2026-05,5973
Essex,Violence and sexual offences,2026-06,5921
Essex,Violence and sexual offences,2026-07,6261
Essex,Violence and sexual offences,2026-08,5779
Essex,Violence and sexual offences,2026-09,5453
Essex,Violence and sexual offences,2026-10,5759
Essex,Violence and sexual offences,2026-11,5382
Essex,Violence and sexual offences,2026-12,5375
Essex,Violence and sexual offences,2027-01,5520
Essex,Violence and sexual offences,2027-02,5277
Gloucestershire,Anti-social behaviour,2026-03,866
Gloucestershire,Anti-social behaviour,2026-04,960
Gloucestershire,Anti-social behaviour,2026-05,1037
Gloucestershire,Anti-social behaviour,2026-06,1085
Gloucestershire,Anti-social behaviour,2026-07,1137
Gloucestershire,Anti-social behaviour,2026-08,1086
Gloucestershire,Anti-social behaviour,2026-09,952
Gloucestershire,Anti-social behaviour,2026-10,937
Gloucestershire,Anti-social behaviour,2026-11,830
Gloucestershire,Anti-social behaviour,2026-12,741
Gloucestershire,Anti-social behaviour,2027-01,798
Gloucestershire,Anti-social behaviour,2027-02,792
Gloucestershire,Bicycle theft,2026-03,47
Gloucestershire,Bicycle theft,2026-04,52
Gloucestershire,Bicycle theft,2026-05,58
Gloucestershire,Bicycle theft,2026-06,61
Gloucestershire,Bicycle theft,2026-07,62
Gloucestershire,Bicycle theft,2026-08,61
Gloucestershire,Bicycle theft,2026-09,60
Gloucestershire,Bicycle theft,2026-10,60
Gloucestershire,Bicycle theft,2026-11,49
Gloucestershire,Bicycle theft,2026-12,40
Gloucestershire,Bicycle theft,2027-01,41
Gloucestershire,Bicycle theft,2027-02,42
Gloucestershire,Burglary,2026-03,190
Gloucestershire,Burglary,2026-04,179
Gloucestershire,Burglary,2026-05,184
Gloucestershire,Burglary,2026-06,184
Gloucestershire,Burglary,2026-07,181
Gloucestershire,Burglary,2026-08,183
Gloucestershire,Burglary,2026-09,180
Gloucestershire,Burglary,2026-10,191
Gloucestershire,Burglary,2026-11,189
Gloucestershire,Burglary,2026-12,176
Gloucestershire,Burglary,2027-01,188
Gloucestershire,Burglary,2027-02,174
Gloucestershire,Criminal damage and arson,2026-03,283
Gloucestershire,Criminal damage and arson,2026-04,284
Gloucestershire,Criminal damage and arson,2026-05,299
Gloucestershire,Criminal damage and arson,2026-06,305
Gloucestershire,Criminal damage and arson,2026-07,317
Gloucestershire,Criminal damage and arson,2026-08,316
Gloucestershire,Criminal damage and arson,2026-09,299
Gloucestershire,Criminal damage and arson,2026-10,309
Gloucestershire,Criminal damage and arson,2026-11,297
Gloucestershire,Criminal damage and arson,2026-12,282
Gloucestershire,Criminal damage and arson,2027-01,279
Gloucestershire,Criminal damage and arson,2027-02,268
Gloucestershire,Drugs,2026-03,101
Gloucestershire,Drugs,2026-04,97
Gloucestershire,Drugs,2026-05,102
Gloucestershire,Drugs,2026-06,100
Gloucestershire,Drugs,2026-07,104
Gloucestershire,Drugs,2026-08,101
Gloucestershire,Drugs,2026-09,99
Gloucestershire,Drugs,2026-10,106
Gloucestershire,Drugs,2026-11,99
Gloucestershire,Drugs,2026-12,96
Gloucestershire,Drugs,2027-01,101
Gloucestershire,Drugs,2027-02,92
Gloucestershire,Other crime,2026-03,126
Gloucestershire,Other crime,2026-04,125
Gloucestershire,Other crime,2026-05,126
Gloucestershire,Other crime,2026-06,126
Gloucestershire,Other crime,2026-07,125
Gloucestershire,Other crime,2026-08,120
Gloucestershire,Other crime,2026-09,123
Gloucestershire,Other crime,2026-10,126
Gloucestershire,Other crime,2026-11,122
Gloucestershire,Other crime,2026-12,114
Gloucestershire,Other crime,2027-01,129
Gloucestershire,Other crime,2027-02,124
Gloucestershire,Other theft,2026-03,328
Gloucestershire,Other theft,2026-04,314
Gloucestershire,Other theft,2026-05,325
Gloucestershire,Other theft,2026-06,326
Gloucestershire,Other theft,2026-07,334
Gloucestershire,Other theft,2026-08,324
Gloucestershire,Other theft,2026-09,307
Gloucestershire,Other theft,2026-10,309
Gloucestershire,Other theft,2026-11,298
Gloucestershire,Other theft,2026-12,283
Gloucestershire,Other theft,2027-01,276
Gloucestershire,Other theft,2027-02,272
Gloucestershire,Possession of weapons,2026-03,35
Gloucestershire,Possession of weapons,2026-04,36
Gloucestershire,Possession of weapons,2026-05,40
Gloucestershire,Possession of weapons,2026-06,41
Gloucestershire,Possession of weapons,2026-07,45
Gloucestershire,Possession of weapons,2026-08,47
Gloucestershire,Possession of weapons,2026-09,44
Gloucestershire,Possession of weapons,2026-10,45
Gloucestershire,Possession of weapons,2026-11,42
Gloucestershire,Possession of weapons,2026-12,39
Gloucestershire,Possession of weapons,2027-01,40
Gloucestershire,Possession of weapons,2027-02,39
Gloucestershire,Public order,2026-03,309
Gloucestershire,Public order,2026-04,316
Gloucestershire,Public order,2026-05,337
Gloucestershire,Public order,2026-06,346
Gloucestershire,Public order,2026-07,359
Gloucestershire,Public order,2026-08,344
Gloucestershire,Public order,2026-09,327
Gloucestershire,Public order,2026-10,318
Gloucestershire,Public order,2026-11,295
Gloucestershire,Public order,2026-12,268
Gloucestershire,Public order,2027-01,276
Gloucestershire,Public order,2027-02,277
Gloucestershire,Robbery,2026-03,22
Gloucestershire,Robbery,2026-04,26
Gloucestershire,Robbery,2026-05,32
Gloucestershire,Robbery,2026-06,33
Gloucestershire,Robbery,2026-07,38
Gloucestershire,Robbery,2026-08,39
Gloucestershire,Robbery,2026-09,39
Gloucestershire,Robbery,2026-10,39
Gloucestershire,Robbery,2026-11,38
Gloucestershire,Robbery,2026-12,35
Gloucestershire,Robbery,2027-01,35
Gloucestershire,Robbery,2027-02,32
Gloucestershire,Shoplifting,2026-03,363
Gloucestershire,Shoplifting,2026-04,362
Gloucestershire,Shoplifting,2026-05,364
Gloucestershire,Shoplifting,2026-06,359
Gloucestershire,Shoplifting,2026-07,367
Gloucestershire,Shoplifting,2026-08,368
Gloucestershire,Shoplifting,2026-09,361
Gloucestershire,Shoplifting,2026-10,371
Gloucestershire,Shoplifting,2026-11,351
Gloucestershire,Shoplifting,2026-12,321
Gloucestershire,Shoplifting,2027-01,350
Gloucestershire,Shoplifting,2027-02,348
Gloucestershire,Theft from the person,2026-03,19
Gloucestershire,Theft from the person,2026-04,18
Gloucestershire,Theft from the person,2026-05,20
Gloucestershire,Theft from the person,2026-06,21
Gloucestershire,Theft from the person,2026-07,22
Gloucestershire,Theft from the person,2026-08,21
Gloucestershire,Theft from the person,2026-09,20
Gloucestershire,Theft from the person,2026-10,21
Gloucestershire,Theft from the person,2026-11,21
Gloucestershire,Theft from the person,2026-12,20
Gloucestershire,Theft from the person,2027-01,18
Gloucestershire,Theft from the person,2027-02,18
Gloucestershire,Vehicle crime,2026-03,213
Gloucestershire,Vehicle crime,2026-04,206
Gloucestershire,Vehicle crime,2026-05,200
Gloucestershire,Vehicle crime,2026-06,196
Gloucestershire,Vehicle crime,2026-07,204
Gloucestershire,Vehicle crime,2026-08,207
Gloucestershire,Vehicle crime,2026-09,204
Gloucestershire,Vehicle crime,2026-10,213
Gloucestershire,Vehicle crime,2026-11,201
Gloucestershire,Vehicle crime,2026-12,185
Gloucestershire,Vehicle crime,2027-01,199
Gloucestershire,Vehicle crime,2027-02,193
Gloucestershire,Violence and sexual offences,2026-03,1753
Gloucestershire,Violence and sexual offences,2026-04,1749
Gloucestershire,Violence and sexual offences,2026-05,1920
Gloucestershire,Violence and sexual offences,2026-06,1927
Gloucestershire,Violence and sexual offences,2026-07,1984
Gloucestershire,Violence and sexual offences,2026-08,1920
Gloucestershire,Violence and sexual offences,2026-09,1849
Gloucestershire,Violence and sexual offences,2026-10,1832
Gloucestershire,Violence and sexual offences,2026-11,1751
Gloucestershire,Violence and sexual offences,2026-12,1715
Gloucestershire,Violence and sexual offences,2027-01,1715
Gloucestershire,Violence and sexual offences,2027-02,1597
Gwent,Anti-social behaviour,2026-03,1014
Gwent,Anti-social behaviour,2026-04,1117
Gwent,Anti-social behaviour,2026-05,1152
Gwent,Anti-social behaviour,2026-06,1137
Gwent,Anti-social behaviour,2026-07,1175
Gwent,Anti-social behaviour,2026-08,1141
Gwent,Anti-social behaviour,2026-09,996
Gwent,Anti-social behaviour,2026-10,1034
Gwent,Anti-social behaviour,2026-11,913
Gwent,Anti-social behaviour,2026-12,781
Gwent,Anti-social behaviour,2027-01,852
Gwent,Anti-social behaviour,2027-02,881
Gwent,Bicycle theft,2026-03,21
Gwent,Bicycle theft,2026-04,23
Gwent,Bicycle theft,2026-05,25
Gwent,Bicycle theft,2026-06,25
Gwent,Bicycle theft,2026-07,26
Gwent,Bicycle theft,2026-08,24
Gwent,Bicycle theft,2026-09,24
Gwent,Bicycle theft,2026-10,24
Gwent,Bicycle theft,2026-11,21
Gwent,Bicycle theft,2026-12,18
Gwent,Bicycle theft,2027-01,20
Gwent,Bicycle theft,2027-02,20
Gwent,Burglary,2026-03,160
Gwent,Burglary,2026-04,157
Gwent,Burglary,2026-05,161
Gwent,Burglary,2026-06,161
Gwent,Burglary,2026-07,164
Gwent,Burglary,2026-08,168
Gwent,Burglary,2026-09,164
Gwent,Burglary,2026-10,179
Gwent,Burglary,2026-11,175
Gwent,Burglary,2026-12,174
Gwent,Burglary,2027-01,173
Gwent,Burglary,2027-02,162
Gwent,Criminal damage and arson,2026-03,621
Gwent,Criminal damage and arson,2026-04,617
Gwent,Criminal damage and arson,2026-05,623
Gwent,Criminal damage and arson,2026-06,611
Gwent,Criminal damage and arson,2026-07,627
Gwent,Criminal damage and arson,2026-08,627
Gwent,Criminal damage and arson,2026-09,596
Gwent,Criminal damage and arson,2026-10,630
Gwent,Criminal damage and arson,2026-11,609
Gwent,Criminal damage and arson,2026-12,559
Gwent,Criminal damage and arson,2027-01,558
Gwent,Criminal damage and arson,2027-02,541
Gwent,Drugs,2026-03,118
Gwent,Drugs,2026-04,129
Gwent,Drugs,2026-05,137
Gwent,Drugs,2026-06,137
Gwent,Drugs,2026-07,144
Gwent,Drugs,2026-08,142
Gwent,Drugs,2026-09,144
Gwent,Drugs,2026-10,152
Gwent,Drugs,2026-11,148
Gwent,Drugs,2026-12,137
Gwent,Drugs,2027-01,145
Gwent,Drugs,2027-02,132
Gwent,Other crime,2026-03,167
Gwent,Other crime,2026-04,167
Gwent,Other crime,2026-05,176
Gwent,Other crime,2026-06,176
Gwent,Other crime,2026-07,182
Gwent,Other crime,2026-08,172
Gwent,Other crime,2026-09,171
Gwent,Other crime,2026-10,176
Gwent,Other crime,2026-11,175
Gwent,Other crime,2026-12,154
Gwent,Other crime,2027-01,183
Gwent,Other crime,2027-02,171
Gwent,Other theft,2026-03,324
Gwent,Other theft,2026-04,319
Gwent,Other theft,2026-05,333
Gwent,Other theft,2026-06,337
Gwent,Other theft,2026-07,346
Gwent,Other theft,2026-08,340
Gwent,Other theft,2026-09,324
Gwent,Other theft,2026-10,330
Gwent,Other theft,2026-11,320
Gwent,Other theft,2026-12,308
Gwent,Other theft,2027-01,306
Gwent,Other theft,2027-02,296
Gwent,Possession of weapons,2026-03,59
Gwent,Possession of weapons,2026-04,60
Gwent,Possession of weapons,2026-05,60
Gwent,Possession of weapons,2026-06,60
Gwent,Possession of weapons,2026-07,62
Gwent,Possession of weapons,2026-08,60
Gwent,Possession of weapons,2026-09,59
Gwent,Possession of weapons,2026-10,62
Gwent,Possession of weapons,2026-11,57
Gwent,Possession of weapons,2026-12,51
Gwent,Possession of weapons,2027-01,55
Gwent,Possession of weapons,2027-02,52
Gwent,Public order,2026-03,662
Gwent,Public order,2026-04,655
Gwent,Public order,2026-05,703
Gwent,Public order,2026-06,701
Gwent,Public order,2026-07,732
Gwent,Public order,2026-08,706
Gwent,Public order,2026-09,670
Gwent,Public order,2026-10,653
Gwent,Public order,2026-11,601
Gwent,Public order,2026-12,522
Gwent,Public order,2027-01,555
Gwent,Public order,2027-02,564
Gwent,Robbery,2026-03,32
Gwent,Robbery,2026-04,30
Gwent,Robbery,2026-05,32
Gwent,Robbery,2026-06,33
Gwent,Robbery,2026-07,34
Gwent,Robbery,2026-08,33
Gwent,Robbery,2026-09,31
Gwent,Robbery,2026-10,34
Gwent,Robbery,2026-11,29
Gwent,Robbery,2026-12,29
Gwent,Robbery,2027-01,28
Gwent,Robbery,2027-02,29
Gwent,Shoplifting,2026-03,445
Gwent,Shoplifting,2026-04,429
Gwent,Shoplifting,2026-05,434
Gwent,Shoplifting,2026-06,420
Gwent,Shoplifting,2026-07,433
Gwent,Shoplifting,2026-08,430
Gwent,Shoplifting,2026-09,423
Gwent,Shoplifting,2026-10,442
Gwent,Shoplifting,2026-11,420
Gwent,Shoplifting,2026-12,374
Gwent,Shoplifting,2027-01,402
Gwent,Shoplifting,2027-02,410
Gwent,Theft from the person,2026-03,19
Gwent,Theft from the person,2026-04,18
Gwent,Theft from the person,2026-05,20
Gwent,Theft from the person,2026-06,20
Gwent,Theft from the person,2026-07,21
Gwent,Theft from the person,2026-08,21
Gwent,Theft from the person,2026-09,20
Gwent,Theft from the person,2026-10,21
Gwent,Theft from the person,2026-11,21
Gwent,Theft from the person,2026-12,20
Gwent,Theft from the person,2027-01,17
Gwent,Theft from the person,2027-02,18
Gwent,Vehicle crime,2026-03,180
Gwent,Vehicle crime,2026-04,179
Gwent,Vehicle crime,2026-05,189
Gwent,Vehicle crime,2026-06,186
Gwent,Vehicle crime,2026-07,195
Gwent,Vehicle crime,2026-08,198
Gwent,Vehicle crime,2026-09,207
Gwent,Vehicle crime,2026-10,217
Gwent,Vehicle crime,2026-11,204
Gwent,Vehicle crime,2026-12,194
Gwent,Vehicle crime,2027-01,198
Gwent,Vehicle crime,2027-02,187
Gwent,Violence and sexual offences,2026-03,2093
Gwent,Violence and sexual offences,2026-04,2094
Gwent,Violence and sexual offences,2026-05,2235
Gwent,Violence and sexual offences,2026-06,2183
Gwent,Violence and sexual offences,2026-07,2256
Gwent,Violence and sexual offences,2026-08,2157
Gwent,Violence and sexual offences,2026-09,2108
Gwent,Violence and sexual offences,2026-10,2181
Gwent,Violence and sexual offences,2026-11,2094
Gwent,Violence and sexual offences,2026-12,2089
Gwent,Violence and sexual offences,2027-01,2118
Gwent,Violence and sexual offences,2027-02,2021
Hampshire,Anti-social behaviour,2026-03,1606
Hampshire,Anti-social behaviour,2026-04,1717
Hampshire,Anti-social behaviour,2026-05,1815
Hampshire,Anti-social behaviour,2026-06,1785
Hampshire,Anti-social behaviour,2026-07,1960
Hampshire,Anti-social behaviour,2026-08,1709
Hampshire,Anti-social behaviour,2026-09,1405
Hampshire,Anti-social behaviour,2026-10,1398
Hampshire,Anti-social behaviour,2026-11,1133
Hampshire,Anti-social behaviour,2026-12,932
Hampshire,Anti-social behaviour,2027-01,1051
Hampshire,Anti-social behaviour,2027-02,1084
Hampshire,Bicycle theft,2026-03,114
Hampshire,Bicycle theft,2026-04,121
Hampshire,Bicycle theft,2026-05,133
Hampshire,Bicycle theft,2026-06,133
Hampshire,Bicycle theft,2026-07,142
Hampshire,Bicycle theft,2026-08,126
Hampshire,Bicycle theft,2026-09,127
Hampshire,Bicycle theft,2026-10,125
Hampshire,Bicycle theft,2026-11,98
Hampshire,Bicycle theft,2026-12,72
Hampshire,Bicycle theft,2027-01,82
Hampshire,Bicycle theft,2027-02,80
Hampshire,Burglary,2026-03,481
Hampshire,Burglary,2026-04,455
Hampshire,Burglary,2026-05,459
Hampshire,Burglary,2026-06,434
Hampshire,Burglary,2026-07,440
Hampshire,Burglary,2026-08,405
Hampshire,Burglary,2026-09,400
Hampshire,Burglary,2026-10,415
Hampshire,Burglary,2026-11,406
Hampshire,Burglary,2026-12,377
Hampshire,Burglary,2027-01,406
Hampshire,Burglary,2027-02,374
Hampshire,Criminal damage and arson,2026-03,968
Hampshire,Criminal damage and arson,2026-04,988
Hampshire,Criminal damage and arson,2026-05,1018
Hampshire,Criminal damage and arson,2026-06,969
Hampshire,Criminal damage and arson,2026-07,993
Hampshire,Criminal damage and arson,2026-08,912
Hampshire,Criminal damage and arson,2026-09,861
Hampshire,Criminal damage and arson,2026-10,888
Hampshire,Criminal damage and arson,2026-11,840
Hampshire,Criminal damage and arson,2026-12,767
Hampshire,Criminal damage and arson,2027-01,797
Hampshire,Criminal damage and arson,2027-02,769
Hampshire,Drugs,2026-03,459
Hampshire,Drugs,2026-04,439
Hampshire,Drugs,2026-05,446
Hampshire,Drugs,2026-06,423
Hampshire,Drugs,2026-07,434
Hampshire,Drugs,2026-08,394
Hampshire,Drugs,2026-09,373
Hampshire,Drugs,2026-10,380
Hampshire,Drugs,2026-11,375
Hampshire,Drugs,2026-12,351
Hampshire,Drugs,2027-01,390
Hampshire,Drugs,2027-02,360
Hampshire,Other crime,2026-03,298
Hampshire,Other crime,2026-04,287
Hampshire,Other crime,2026-05,294
Hampshire,Other crime,2026-06,292
Hampshire,Other crime,2026-07,300
Hampshire,Other crime,2026-08,272
Hampshire,Other crime,2026-09,262
Hampshire,Other crime,2026-10,263
Hampshire,Other crime,2026-11,248
Hampshire,Other crime,2026-12,217
Hampshire,Other crime,2027-01,259
Hampshire,Other crime,2027-02,256
Hampshire,Other theft,2026-03,836
Hampshire,Other theft,2026-04,820
Hampshire,Other theft,2026-05,862
Hampshire,Other theft,2026-06,846
Hampshire,Other theft,2026-07,867
Hampshire,Other theft,2026-08,808
Hampshire,Other theft,2026-09,743
Hampshire,Other theft,2026-10,740
Hampshire,Other theft,2026-11,705
Hampshire,Other theft,2026-12,662
Hampshire,Other theft,2027-01,668
Hampshire,Other theft,2027-02,647
Hampshire,Possession of weapons,2026-03,195
Hampshire,Possession of weapons,2026-04,195
Hampshire,Possession of weapons,2026-05,212
Hampshire,Possession of weapons,2026-06,209
Hampshire,Possession of weapons,2026-07,219
Hampshire,Possession of weapons,2026-08,228
Hampshire,Possession of weapons,2026-09,198
Hampshire,Possession of weapons,2026-10,201
Hampshire,Possession of weapons,2026-11,185
Hampshire,Possession of weapons,2026-12,159
Hampshire,Possession of weapons,2027-01,178
Hampshire,Possession of weapons,2027-02,173
Hampshire,Public order,2026-03,1155
Hampshire,Public order,2026-04,1184
Hampshire,Public order,2026-05,1269
Hampshire,Public order,2026-06,1241
Hampshire,Public order,2026-07,1316
Hampshire,Public order,2026-08,1184
Hampshire,Public order,2026-09,1082
Hampshire,Public order,2026-10,1041
Hampshire,Public order,2026-11,917
Hampshire,Public order,2026-12,835
Hampshire,Public order,2027-01,887
Hampshire,Public order,2027-02,920
Hampshire,Robbery,2026-03,137
Hampshire,Robbery,2026-04,130
Hampshire,Robbery,2026-05,136
Hampshire,Robbery,2026-06,137
Hampshire,Robbery,2026-07,142
Hampshire,Robbery,2026-08,127
Hampshire,Robbery,2026-09,127
Hampshire,Robbery,2026-10,131
Hampshire,Robbery,2026-11,122
Hampshire,Robbery,2026-12,114
Hampshire,Robbery,2027-01,124
Hampshire,Robbery,2027-02,120
Hampshire,Shoplifting,2026-03,1345
Hampshire,Shoplifting,2026-04,1297
Hampshire,Shoplifting,2026-05,1320
Hampshire,Shoplifting,2026-06,1253
Hampshire,Shoplifting,2026-07,1294
Hampshire,Shoplifting,2026-08,1235
Hampshire,Shoplifting,2026-09,1120
Hampshire,Shoplifting,2026-10,1113
Hampshire,Shoplifting,2026-11,1021
Hampshire,Shoplifting,2026-12,893
Hampshire,Shoplifting,2027-01,1024
Hampshire,Shoplifting,2027-02,1054
Hampshire,Theft from the person,2026-03,76
Hampshire,Theft from the person,2026-04,73
Hampshire,Theft from the person,2026-05,77
Hampshire,Theft from the person,2026-06,78
Hampshire,Theft from the person,2026-07,83
Hampshire,Theft from the person,2026-08,72
Hampshire,Theft from the person,2026-09,75
Hampshire,Theft from the person,2026-10,79
Hampshire,Theft from the person,2026-11,75
Hampshire,Theft from the person,2026-12,74
Hampshire,Theft from the person,2027-01,69
Hampshire,Theft from the person,2027-02,69
Hampshire,Vehicle crime,2026-03,564
Hampshire,Vehicle crime,2026-04,547
Hampshire,Vehicle crime,2026-05,555
Hampshire,Vehicle crime,2026-06,549
Hampshire,Vehicle crime,2026-07,574
Hampshire,Vehicle crime,2026-08,531
Hampshire,Vehicle crime,2026-09,536
Hampshire,Vehicle crime,2026-10,545
Hampshire,Vehicle crime,2026-11,521
Hampshire,Vehicle crime,2026-12,468
Hampshire,Vehicle crime,2027-01,512
Hampshire,Vehicle crime,2027-02,470
Hampshire,Violence and sexual offences,2026-03,5865
Hampshire,Violence and sexual offences,2026-04,5948
Hampshire,Violence and sexual offences,2026-05,6843
Hampshire,Violence and sexual offences,2026-06,7137
Hampshire,Violence and sexual offences,2026-07,7317
Hampshire,Violence and sexual offences,2026-08,6672
Hampshire,Violence and sexual offences,2026-09,6668
Hampshire,Violence and sexual offences,2026-10,6955
Hampshire,Violence and sexual offences,2026-11,6378
Hampshire,Violence and sexual offences,2026-12,5833
Hampshire,Violence and sexual offences,2027-01,6040
Hampshire,Violence and sexual offences,2027-02,5928
Hertfordshire,Anti-social behaviour,2026-03,1629
Hertfordshire,Anti-social behaviour,2026-04,1800
Hertfordshire,Anti-social behaviour,2026-05,1922
Hertfordshire,Anti-social behaviour,2026-06,1987
Hertfordshire,Anti-social behaviour,2026-07,2188
Hertfordshire,Anti-social behaviour,2026-08,2003
Hertfordshire,Anti-social behaviour,2026-09,1720
Hertfordshire,Anti-social behaviour,2026-10,1722
Hertfordshire,Anti-social behaviour,2026-11,1399
Hertfordshire,Anti-social behaviour,2026-12,1213
Hertfordshire,Anti-social behaviour,2027-01,1294
Hertfordshire,Anti-social behaviour,2027-02,1284
Hertfordshire,Bicycle theft,2026-03,67
Hertfordshire,Bicycle theft,2026-04,73
Hertfordshire,Bicycle theft,2026-05,82
Hertfordshire,Bicycle theft,2026-06,87
Hertfordshire,Bicycle theft,2026-07,95
Hertfordshire,Bicycle theft,2026-08,94
Hertfordshire,Bicycle theft,2026-09,96
Hertfordshire,Bicycle theft,2026-10,94
Hertfordshire,Bicycle theft,2026-11,73
Hertfordshire,Bicycle theft,2026-12,57
Hertfordshire,Bicycle theft,2027-01,63
Hertfordshire,Bicycle theft,2027-02,61
Hertfordshire,Burglary,2026-03,330
Hertfordshire,Burglary,2026-04,314
Hertfordshire,Burglary,2026-05,316
Hertfordshire,Burglary,2026-06,310
Hertfordshire,Burglary,2026-07,312
Hertfordshire,Burglary,2026-08,313
Hertfordshire,Burglary,2026-09,313
Hertfordshire,Burglary,2026-10,335
Hertfordshire,Burglary,2026-11,342
Hertfordshire,Burglary,2026-12,327
Hertfordshire,Burglary,2027-01,336
Hertfordshire,Burglary,2027-02,307
Hertfordshire,Criminal damage and arson,2026-03,580
Hertfordshire,Criminal damage and arson,2026-04,571
Hertfordshire,Criminal damage and arson,2026-05,602
Hertfordshire,Criminal damage and arson,2026-06,595
Hertfordshire,Criminal damage and arson,2026-07,610
Hertfordshire,Criminal damage and arson,2026-08,599
Hertfordshire,Criminal damage and arson,2026-09,579
Hertfordshire,Criminal damage and arson,2026-10,618
Hertfordshire,Criminal damage and arson,2026-11,594
Hertfordshire,Criminal damage and arson,2026-12,567
Hertfordshire,Criminal damage and arson,2027-01,565
Hertfordshire,Criminal damage and arson,2027-02,542
Hertfordshire,Drugs,2026-03,337
Hertfordshire,Drugs,2026-04,314
Hertfordshire,Drugs,2026-05,312
Hertfordshire,Drugs,2026-06,301
Hertfordshire,Drugs,2026-07,304
Hertfordshire,Drugs,2026-08,299
Hertfordshire,Drugs,2026-09,296
Hertfordshire,Drugs,2026-10,321
Hertfordshire,Drugs,2026-11,325
Hertfordshire,Drugs,2026-12,315
Hertfordshire,Drugs,2027-01,327
Hertfordshire,Drugs,2027-02,304
Hertfordshire,Other crime,2026-03,198
Hertfordshire,Other crime,2026-04,187
Hertfordshire,Other crime,2026-05,189
Hertfordshire,Other crime,2026-06,184
Hertfordshire,Other crime,2026-07,189
Hertfordshire,Other crime,2026-08,176
Hertfordshire,Other crime,2026-09,179
Hertfordshire,Other crime,2026-10,190
Hertfordshire,Other crime,2026-11,183
Hertfordshire,Other crime,2026-12,166
Hertfordshire,Other crime,2027-01,193
Hertfordshire,Other crime,2027-02,185
Hertfordshire,Other theft,2026-03,704
Hertfordshire,Other theft,2026-04,683
Hertfordshire,Other theft,2026-05,733
Hertfordshire,Other theft,2026-06,734
Hertfordshire,Other theft,2026-07,762
Hertfordshire,Other theft,2026-08,745
Hertfordshire,Other theft,2026-09,709
Hertfordshire,Other theft,2026-10,745
Hertfordshire,Other theft,2026-11,726
Hertfordshire,Other theft,2026-12,705
Hertfordshire,Other theft,2027-01,694
Hertfordshire,Other theft,2027-02,660
Hertfordshire,Possession of weapons,2026-03,82
Hertfordshire,Possession of weapons,2026-04,81
Hertfordshire,Possession of weapons,2026-05,88
Hertfordshire,Possession of weapons,2026-06,86
Hertfordshire,Possession of weapons,2026-07,88
Hertfordshire,Possession of weapons,2026-08,89
Hertfordshire,Possession of weapons,2026-09,87
Hertfordshire,Possession of weapons,2026-10,94
Hertfordshire,Possession of weapons,2026-11,85
Hertfordshire,Possession of weapons,2026-12,78
Hertfordshire,Possession of weapons,2027-01,82
Hertfordshire,Possession of weapons,2027-02,80
Hertfordshire,Public order,2026-03,454
Hertfordshire,Public order,2026-04,454
Hertfordshire,Public order,2026-05,499
Hertfordshire,Public order,2026-06,510
Hertfordshire,Public order,2026-07,528
Hertfordshire,Public order,2026-08,510
Hertfordshire,Public order,2026-09,486
Hertfordshire,Public order,2026-10,487
Hertfordshire,Public order,2026-11,451
Hertfordshire,Public order,2026-12,416
Hertfordshire,Public order,2027-01,426
Hertfordshire,Public order,2027-02,422
Hertfordshire,Robbery,2026-03,75
Hertfordshire,Robbery,2026-04,79
Hertfordshire,Robbery,2026-05,84
Hertfordshire,Robbery,2026-06,86
Hertfordshire,Robbery,2026-07,91
Hertfordshire,Robbery,2026-08,91
Hertfordshire,Robbery,2026-09,91
Hertfordshire,Robbery,2026-10,97
Hertfordshire,Robbery,2026-11,88
Hertfordshire,Robbery,2026-12,83
Hertfordshire,Robbery,2027-01,85
Hertfordshire,Robbery,2027-02,79
Hertfordshire,Shoplifting,2026-03,788
Hertfordshire,Shoplifting,2026-04,753
Hertfordshire,Shoplifting,2026-05,764
Hertfordshire,Shoplifting,2026-06,738
Hertfordshire,Shoplifting,2026-07,763
Hertfordshire,Shoplifting,2026-08,758
Hertfordshire,Shoplifting,2026-09,742
Hertfordshire,Shoplifting,2026-10,791
Hertfordshire,Shoplifting,2026-11,738
Hertfordshire,Shoplifting,2026-12,664
Hertfordshire,Shoplifting,2027-01,739
Hertfordshire,Shoplifting,2027-02,738
Hertfordshire,Theft from the person,2026-03,85
Hertfordshire,Theft from the person,2026-04,84
Hertfordshire,Theft from the person,2026-05,89
Hertfordshire,Theft from the person,2026-06,91
Hertfordshire,Theft from the person,2026-07,93
Hertfordshire,Theft from the person,2026-08,92
Hertfordshire,Theft from the person,2026-09,91
Hertfordshire,Theft from the person,2026-10,99
Hertfordshire,Theft from the person,2026-11,96
Hertfordshire,Theft from the person,2026-12,95
Hertfordshire,Theft from the person,2027-01,80
Hertfordshire,Theft from the person,2027-02,78
Hertfordshire,Vehicle crime,2026-03,503
Hertfordshire,Vehicle crime,2026-04,486
Hertfordshire,Vehicle crime,2026-05,495
Hertfordshire,Vehicle crime,2026-06,489
Hertfordshire,Vehicle crime,2026-07,502
Hertfordshire,Vehicle crime,2026-08,508
Hertfordshire,Vehicle crime,2026-09,516
Hertfordshire,Vehicle crime,2026-10,552
Hertfordshire,Vehicle crime,2026-11,539
Hertfordshire,Vehicle crime,2026-12,495
Hertfordshire,Vehicle crime,2027-01,529
Hertfordshire,Vehicle crime,2027-02,480
Hertfordshire,Violence and sexual offences,2026-03,3124
Hertfordshire,Violence and sexual offences,2026-04,3039
Hertfordshire,Violence and sexual offences,2026-05,3340
Hertfordshire,Violence and sexual offences,2026-06,3334
Hertfordshire,Violence and sexual offences,2026-07,3446
Hertfordshire,Violence and sexual offences,2026-08,3230
Hertfordshire,Violence and sexual offences,2026-09,3071
Hertfordshire,Violence and sexual offences,2026-10,3161
Hertfordshire,Violence and sexual offences,2026-11,3049
Hertfordshire,Violence and sexual offences,2026-12,3020
Hertfordshire,Violence and sexual offences,2027-01,3059
Hertfordshire,Violence and sexual offences,2027-02,2904
Humberside,Anti-social behaviour,2026-03,610
Humberside,Anti-social behaviour,2026-04,656
Humberside,Anti-social behaviour,2026-05,698
Humberside,Anti-social behaviour,2026-06,720
Humberside,Anti-social behaviour,2026-07,769
Humberside,Anti-social behaviour,2026-08,758
Humberside,Anti-social behaviour,2026-09,665
Humberside,Anti-social behaviour,2026-10,665
Humberside,Anti-social behaviour,2026-11,576
Humberside,Anti-social behaviour,2026-12,507
Humberside,Anti-social behaviour,2027-01,564
Humberside,Anti-social behaviour,2027-02,575
Humberside,Bicycle theft,2026-03,96
Humberside,Bicycle theft,2026-04,100
Humberside,Bicycle theft,2026-05,106
Humberside,Bicycle theft,2026-06,109
Humberside,Bicycle theft,2026-07,116
Humberside,Bicycle theft,2026-08,119
Humberside,Bicycle theft,2026-09,118
Humberside,Bicycle theft,2026-10,118
Humberside,Bicycle theft,2026-11,93
Humberside,Bicycle theft,2026-12,75
Humberside,Bicycle theft,2027-01,81
Humberside,Bicycle theft,2027-02,79
Humberside,Burglary,2026-03,379
Humberside,Burglary,2026-04,363
Humberside,Burglary,2026-05,358
Humberside,Burglary,2026-06,349
Humberside,Burglary,2026-07,355
Humberside,Burglary,2026-08,355
Humberside,Burglary,2026-09,351
Humberside,Burglary,2026-10,368
Humberside,Burglary,2026-11,359
Humberside,Burglary,2026-12,345
Humberside,Burglary,2027-01,357
Humberside,Burglary,2027-02,335
Humberside,Criminal damage and arson,2026-03,749
Humberside,Criminal damage and arson,2026-04,743
Humberside,Criminal damage and arson,2026-05,754
Humberside,Criminal damage and arson,2026-06,735
Humberside,Criminal damage and arson,2026-07,757
Humberside,Criminal damage and arson,2026-08,755
Humberside,Criminal damage and arson,2026-09,710
Humberside,Criminal damage and arson,2026-10,752
Humberside,Criminal damage and arson,2026-11,712
Humberside,Criminal damage and arson,2026-12,668
Humberside,Criminal damage and arson,2027-01,678
Humberside,Criminal damage and arson,2027-02,664
Humberside,Drugs,2026-03,210
Humberside,Drugs,2026-04,207
Humberside,Drugs,2026-05,208
Humberside,Drugs,2026-06,200
Humberside,Drugs,2026-07,209
Humberside,Drugs,2026-08,206
Humberside,Drugs,2026-09,199
Humberside,Drugs,2026-10,216
Humberside,Drugs,2026-11,211
Humberside,Drugs,2026-12,201
Humberside,Drugs,2027-01,219
Humberside,Drugs,2027-02,204
Humberside,Other crime,2026-03,268
Humberside,Other crime,2026-04,253
Humberside,Other crime,2026-05,260
Humberside,Other crime,2026-06,253
Humberside,Other crime,2026-07,260
Humberside,Other crime,2026-08,254
Humberside,Other crime,2026-09,256
Humberside,Other crime,2026-10,266
Humberside,Other crime,2026-11,258
Humberside,Other crime,2026-12,237
Humberside,Other crime,2027-01,270
Humberside,Other crime,2027-02,262
Humberside,Other theft,2026-03,533
Humberside,Other theft,2026-04,527
Humberside,Other theft,2026-05,542
Humberside,Other theft,2026-06,541
Humberside,Other theft,2026-07,558
Humberside,Other theft,2026-08,558
Humberside,Other theft,2026-09,530
Humberside,Other theft,2026-10,539
Humberside,Other theft,2026-11,520
Humberside,Other theft,2026-12,497
Humberside,Other theft,2027-01,493
Humberside,Other theft,2027-02,480
Humberside,Possession of weapons,2026-03,90
Humberside,Possession of weapons,2026-04,89
Humberside,Possession of weapons,2026-05,90
Humberside,Possession of weapons,2026-06,90
Humberside,Possession of weapons,2026-07,93
Humberside,Possession of weapons,2026-08,90
Humberside,Possession of weapons,2026-09,86
Humberside,Possession of weapons,2026-10,89
Humberside,Possession of weapons,2026-11,78
Humberside,Possession of weapons,2026-12,72
Humberside,Possession of weapons,2027-01,79
Humberside,Possession of weapons,2027-02,77
Humberside,Public order,2026-03,743
Humberside,Public order,2026-04,741
Humberside,Public order,2026-05,796
Humberside,Public order,2026-06,789
Humberside,Public order,2026-07,820
Humberside,Public order,2026-08,802
Humberside,Public order,2026-09,752
Humberside,Public order,2026-10,739
Humberside,Public order,2026-11,672
Humberside,Public order,2026-12,601
Humberside,Public order,2027-01,630
Humberside,Public order,2027-02,633
Humberside,Robbery,2026-03,69
Humberside,Robbery,2026-04,71
Humberside,Robbery,2026-05,73
Humberside,Robbery,2026-06,76
Humberside,Robbery,2026-07,83
Humberside,Robbery,2026-08,83
Humberside,Robbery,2026-09,82
Humberside,Robbery,2026-10,84
Humberside,Robbery,2026-11,76
Humberside,Robbery,2026-12,73
Humberside,Robbery,2027-01,77
Humberside,Robbery,2027-02,73
Humberside,Shoplifting,2026-03,774
Humberside,Shoplifting,2026-04,748
Humberside,Shoplifting,2026-05,758
Humberside,Shoplifting,2026-06,735
Humberside,Shoplifting,2026-07,768
Humberside,Shoplifting,2026-08,760
Humberside,Shoplifting,2026-09,736
Humberside,Shoplifting,2026-10,767
Humberside,Shoplifting,2026-11,717
Humberside,Shoplifting,2026-12,657
Humberside,Shoplifting,2027-01,735
Humberside,Shoplifting,2027-02,737
Humberside,Theft from the person,2026-03,28
Humberside,Theft from the person,2026-04,27
Humberside,Theft from the person,2026-05,29
Humberside,Theft from the person,2026-06,29
Humberside,Theft from the person,2026-07,30
Humberside,Theft from the person,2026-08,29
Humberside,Theft from the person,2026-09,28
Humberside,Theft from the person,2026-10,30
Humberside,Theft from the person,2026-11,29
Humberside,Theft from the person,2026-12,29
Humberside,Theft from the person,2027-01,26
Humberside,Theft from the person,2027-02,27
Humberside,Vehicle crime,2026-03,299
Humberside,Vehicle crime,2026-04,295
Humberside,Vehicle crime,2026-05,298
Humberside,Vehicle crime,2026-06,298
Humberside,Vehicle crime,2026-07,304
Humberside,Vehicle crime,2026-08,312
Humberside,Vehicle crime,2026-09,311
Humberside,Vehicle crime,2026-10,322
Humberside,Vehicle crime,2026-11,312
Humberside,Vehicle crime,2026-12,292
Humberside,Vehicle crime,2027-01,314
Humberside,Vehicle crime,2027-02,290
Humberside,Violence and sexual offences,2026-03,3435
Humberside,Violence and sexual offences,2026-04,3362
Humberside,Violence and sexual offences,2026-05,3485
Humberside,Violence and sexual offences,2026-06,3447
Humberside,Violence and sexual offences,2026-07,3601
Humberside,Violence and sexual offences,2026-08,3386
Humberside,Violence and sexual offences,2026-09,3295
Humberside,Violence and sexual offences,2026-10,3301
Humberside,Violence and sexual offences,2026-11,3168
Humberside,Violence and sexual offences,2026-12,3072
Humberside,Violence and sexual offences,2027-01,3076
Humberside,Violence and sexual offences,2027-02,2935
Kent,Anti-social behaviour,2026-03,2714
Kent,Anti-social behaviour,2026-04,3035
Kent,Anti-social behaviour,2026-05,3166
Kent,Anti-social behaviour,2026-06,3240
Kent,Anti-social behaviour,2026-07,3542
Kent,Anti-social behaviour,2026-08,3370
Kent,Anti-social behaviour,2026-09,2678
Kent,Anti-social behaviour,2026-10,2591
Kent,Anti-social behaviour,2026-11,2183
Kent,Anti-social behaviour,2026-12,1886
Kent,Anti-social behaviour,2027-01,2050
Kent,Anti-social behaviour,2027-02,2050
Kent,Bicycle theft,2026-03,81
Kent,Bicycle theft,2026-04,88
Kent,Bicycle theft,2026-05,97
Kent,Bicycle theft,2026-06,95
Kent,Bicycle theft,2026-07,104
Kent,Bicycle theft,2026-08,102
Kent,Bicycle theft,2026-09,101
Kent,Bicycle theft,2026-10,100
Kent,Bicycle theft,2026-11,81
Kent,Bicycle theft,2026-12,62
Kent,Bicycle theft,2027-01,67
Kent,Bicycle theft,2027-02,68
Kent,Burglary,2026-03,386
Kent,Burglary,2026-04,374
Kent,Burglary,2026-05,372
Kent,Burglary,2026-06,363
Kent,Burglary,2026-07,372
Kent,Burglary,2026-08,375
Kent,Burglary,2026-09,369
Kent,Burglary,2026-10,392
Kent,Burglary,2026-11,385
Kent,Burglary,2026-12,370
Kent,Burglary,2027-01,377
Kent,Burglary,2027-02,352
Kent,Criminal damage and arson,2026-03,1409
Kent,Criminal damage and arson,2026-04,1405
Kent,Criminal damage and arson,2026-05,1437
Kent,Criminal damage and arson,2026-06,1375
Kent,Criminal damage and arson,2026-07,1470
Kent,Criminal damage and arson,2026-08,1413
Kent,Criminal damage and arson,2026-09,1296
Kent,Criminal damage and arson,2026-10,1408
Kent,Criminal damage and arson,2026-11,1295
Kent,Criminal damage and arson,2026-12,1198
Kent,Criminal damage and arson,2027-01,1226
Kent,Criminal damage and arson,2027-02,1190
Kent,Drugs,2026-03,611
Kent,Drugs,2026-04,577
Kent,Drugs,2026-05,583
Kent,Drugs,2026-06,561
Kent,Drugs,2026-07,581
Kent,Drugs,2026-08,571
Kent,Drugs,2026-09,545
Kent,Drugs,2026-10,580
Kent,Drugs,2026-11,580
Kent,Drugs,2026-12,549
Kent,Drugs,2027-01,583
Kent,Drugs,2027-02,538
Kent,Other crime,2026-03,466
Kent,Other crime,2026-04,441
Kent,Other crime,2026-05,452
Kent,Other crime,2026-06,439
Kent,Other crime,2026-07,449
Kent,Other crime,2026-08,436
Kent,Other crime,2026-09,424
Kent,Other crime,2026-10,443
Kent,Other crime,2026-11,426
Kent,Other crime,2026-12,392
Kent,Other crime,2027-01,427
Kent,Other crime,2027-02,411
Kent,Other theft,2026-03,934
Kent,Other theft,2026-04,952
Kent,Other theft,2026-05,992
Kent,Other theft,2026-06,989
Kent,Other theft,2026-07,1055
Kent,Other theft,2026-08,1032
Kent,Other theft,2026-09,955
Kent,Other theft,2026-10,980
Kent,Other theft,2026-11,935
Kent,Other theft,2026-12,900
Kent,Other theft,2027-01,899
Kent,Other theft,2027-02,862
Kent,Possession of weapons,2026-03,175
Kent,Possession of weapons,2026-04,174
Kent,Possession of weapons,2026-05,185
Kent,Possession of weapons,2026-06,178
Kent,Possession of weapons,2026-07,185
Kent,Possession of weapons,2026-08,184
Kent,Possession of weapons,2026-09,173
Kent,Possession of weapons,2026-10,179
Kent,Possession of weapons,2026-11,168
Kent,Possession of weapons,2026-12,150
Kent,Possession of weapons,2027-01,165
Kent,Possession of weapons,2027-02,159
Kent,Public order,2026-03,595
Kent,Public order,2026-04,620
Kent,Public order,2026-05,673
Kent,Public order,2026-06,672
Kent,Public order,2026-07,711
Kent,Public order,2026-08,688
Kent,Public order,2026-09,647
Kent,Public order,2026-10,631
Kent,Public order,2026-11,585
Kent,Public order,2026-12,520
Kent,Public order,2027-01,549
Kent,Public order,2027-02,543
Kent,Robbery,2026-03,117
Kent,Robbery,2026-04,119
Kent,Robbery,2026-05,125
Kent,Robbery,2026-06,124
Kent,Robbery,2026-07,128
Kent,Robbery,2026-08,126
Kent,Robbery,2026-09,122
Kent,Robbery,2026-10,126
Kent,Robbery,2026-11,118
Kent,Robbery,2026-12,109
Kent,Robbery,2027-01,113
Kent,Robbery,2027-02,110
Kent,Shoplifting,2026-03,1405
Kent,Shoplifting,2026-04,1386
Kent,Shoplifting,2026-05,1415
Kent,Shoplifting,2026-06,1357
Kent,Shoplifting,2026-07,1431
Kent,Shoplifting,2026-08,1393
Kent,Shoplifting,2026-09,1332
Kent,Shoplifting,2026-10,1398
Kent,Shoplifting,2026-11,1293
Kent,Shoplifting,2026-12,1167
Kent,Shoplifting,2027-01,1287
Kent,Shoplifting,2027-02,1262
Kent,Theft from the person,2026-03,64
Kent,Theft from the person,2026-04,65
Kent,Theft from the person,2026-05,66
Kent,Theft from the person,2026-06,69
Kent,Theft from the person,2026-07,73
Kent,Theft from the person,2026-08,74
Kent,Theft from the person,2026-09,72
Kent,Theft from the person,2026-10,76
Kent,Theft from the person,2026-11,71
Kent,Theft from the person,2026-12,74
Kent,Theft from the person,2027-01,63
Kent,Theft from the person,2027-02,62
Kent,Vehicle crime,2026-03,631
Kent,Vehicle crime,2026-04,613
Kent,Vehicle crime,2026-05,615
Kent,Vehicle crime,2026-06,594
Kent,Vehicle crime,2026-07,617
Kent,Vehicle crime,2026-08,623
Kent,Vehicle crime,2026-09,636
Kent,Vehicle crime,2026-10,679
Kent,Vehicle crime,2026-11,658
Kent,Vehicle crime,2026-12,597
Kent,Vehicle crime,2027-01,627
Kent,Vehicle crime,2027-02,582
Kent,Violence and sexual offences,2026-03,5652
Kent,Violence and sexual offences,2026-04,5679
Kent,Violence and sexual offences,2026-05,6131
Kent,Violence and sexual offences,2026-06,6006
Kent,Violence and sexual offences,2026-07,6349
Kent,Violence and sexual offences,2026-08,5832
Kent,Violence and sexual offences,2026-09,5547
Kent,Violence and sexual offences,2026-10,5862
Kent,Violence and sexual offences,2026-11,5337
Kent,Violence and sexual offences,2026-12,5062
Kent,Violence and sexual offences,2027-01,5363
Kent,Violence and sexual offences,2027-02,4989
Lancashire,Anti-social behaviour,2026-03,2415
Lancashire,Anti-social behaviour,2026-04,2608
Lancashire,Anti-social behaviour,2026-05,2828
Lancashire,Anti-social behaviour,2026-06,2959
Lancashire,Anti-social behaviour,2026-07,3211
Lancashire,Anti-social behaviour,2026-08,2905
Lancashire,Anti-social behaviour,2026-09,2728
Lancashire,Anti-social behaviour,2026-10,2719
Lancashire,Anti-social behaviour,2026-11,2337
Lancashire,Anti-social behaviour,2026-12,2107
Lancashire,Anti-social behaviour,2027-01,2222
Lancashire,Anti-social behaviour,2027-02,2118
Lancashire,Bicycle theft,2026-03,70
Lancashire,Bicycle theft,2026-04,77
Lancashire,Bicycle theft,2026-05,87
Lancashire,Bicycle theft,2026-06,91
Lancashire,Bicycle theft,2026-07,95
Lancashire,Bicycle theft,2026-08,93
Lancashire,Bicycle theft,2026-09,92
Lancashire,Bicycle theft,2026-10,94
Lancashire,Bicycle theft,2026-11,75
Lancashire,Bicycle theft,2026-12,58
Lancashire,Bicycle theft,2027-01,62
Lancashire,Bicycle theft,2027-02,61
Lancashire,Burglary,2026-03,477
Lancashire,Burglary,2026-04,465
Lancashire,Burglary,2026-05,464
Lancashire,Burglary,2026-06,453
Lancashire,Burglary,2026-07,463
Lancashire,Burglary,2026-08,465
Lancashire,Burglary,2026-09,457
Lancashire,Burglary,2026-10,476
Lancashire,Burglary,2026-11,468
Lancashire,Burglary,2026-12,457
Lancashire,Burglary,2027-01,462
Lancashire,Burglary,2027-02,416
Lancashire,Criminal damage and arson,2026-03,1054
Lancashire,Criminal damage and arson,2026-04,1066
Lancashire,Criminal damage and arson,2026-05,1089
Lancashire,Criminal damage and arson,2026-06,1067
Lancashire,Criminal damage and arson,2026-07,1086
Lancashire,Criminal damage and arson,2026-08,1081
Lancashire,Criminal damage and arson,2026-09,1027
Lancashire,Criminal damage and arson,2026-10,1077
Lancashire,Criminal damage and arson,2026-11,1021
Lancashire,Criminal damage and arson,2026-12,964
Lancashire,Criminal damage and arson,2027-01,955
Lancashire,Criminal damage and arson,2027-02,910
Lancashire,Drugs,2026-03,365
Lancashire,Drugs,2026-04,353
Lancashire,Drugs,2026-05,364
Lancashire,Drugs,2026-06,351
Lancashire,Drugs,2026-07,356
Lancashire,Drugs,2026-08,351
Lancashire,Drugs,2026-09,342
Lancashire,Drugs,2026-10,362
Lancashire,Drugs,2026-11,359
Lancashire,Drugs,2026-12,348
Lancashire,Drugs,2027-01,361
Lancashire,Drugs,2027-02,334
Lancashire,Other crime,2026-03,409
Lancashire,Other crime,2026-04,394
Lancashire,Other crime,2026-05,407
Lancashire,Other crime,2026-06,393
Lancashire,Other crime,2026-07,401
Lancashire,Other crime,2026-08,389
Lancashire,Other crime,2026-09,380
Lancashire,Other crime,2026-10,394
Lancashire,Other crime,2026-11,381
Lancashire,Other crime,2026-12,351
Lancashire,Other crime,2027-01,388
Lancashire,Other crime,2027-02,372
Lancashire,Other theft,2026-03,820
Lancashire,Other theft,2026-04,803
Lancashire,Other theft,2026-05,837
Lancashire,Other theft,2026-06,818
Lancashire,Other theft,2026-07,843
Lancashire,Other theft,2026-08,829
Lancashire,Other theft,2026-09,783
Lancashire,Other theft,2026-10,798
Lancashire,Other theft,2026-11,769
Lancashire,Other theft,2026-12,733
Lancashire,Other theft,2027-01,728
Lancashire,Other theft,2027-02,704
Lancashire,Possession of weapons,2026-03,147
Lancashire,Possession of weapons,2026-04,150
Lancashire,Possession of weapons,2026-05,163
Lancashire,Possession of weapons,2026-06,157
Lancashire,Possession of weapons,2026-07,168
Lancashire,Possession of weapons,2026-08,166
Lancashire,Possession of weapons,2026-09,164
Lancashire,Possession of weapons,2026-10,167
Lancashire,Possession of weapons,2026-11,157
Lancashire,Possession of weapons,2026-12,139
Lancashire,Possession of weapons,2027-01,149
Lancashire,Possession of weapons,2027-02,142
Lancashire,Public order,2026-03,762
Lancashire,Public order,2026-04,771
Lancashire,Public order,2026-05,831
Lancashire,Public order,2026-06,831
Lancashire,Public order,2026-07,854
Lancashire,Public order,2026-08,820
Lancashire,Public order,2026-09,779
Lancashire,Public order,2026-10,761
Lancashire,Public order,2026-11,695
Lancashire,Public order,2026-12,634
Lancashire,Public order,2027-01,658
Lancashire,Public order,2027-02,647
Lancashire,Robbery,2026-03,104
Lancashire,Robbery,2026-04,101
Lancashire,Robbery,2026-05,108
Lancashire,Robbery,2026-06,106
Lancashire,Robbery,2026-07,110
Lancashire,Robbery,2026-08,110
Lancashire,Robbery,2026-09,108
Lancashire,Robbery,2026-10,112
Lancashire,Robbery,2026-11,106
Lancashire,Robbery,2026-12,99
Lancashire,Robbery,2027-01,102
Lancashire,Robbery,2027-02,97
Lancashire,Shoplifting,2026-03,853
Lancashire,Shoplifting,2026-04,826
Lancashire,Shoplifting,2026-05,851
Lancashire,Shoplifting,2026-06,816
Lancashire,Shoplifting,2026-07,831
Lancashire,Shoplifting,2026-08,828
Lancashire,Shoplifting,2026-09,809
Lancashire,Shoplifting,2026-10,839
Lancashire,Shoplifting,2026-11,798
Lancashire,Shoplifting,2026-12,725
Lancashire,Shoplifting,2027-01,807
Lancashire,Shoplifting,2027-02,805
Lancashire,Theft from the person,2026-03,56
Lancashire,Theft from the person,2026-04,55
Lancashire,Theft from the person,2026-05,59
Lancashire,Theft from the person,2026-06,60
Lancashire,Theft from the person,2026-07,63
Lancashire,Theft from the person,2026-08,62
Lancashire,Theft from the person,2026-09,62
Lancashire,Theft from the person,2026-10,64
Lancashire,Theft from the person,2026-11,60
Lancashire,Theft from the person,2026-12,59
Lancashire,Theft from the person,2027-01,52
Lancashire,Theft from the person,2027-02,51
Lancashire,Vehicle crime,2026-03,537
Lancashire,Vehicle crime,2026-04,521
Lancashire,Vehicle crime,2026-05,528
Lancashire,Vehicle crime,2026-06,520
Lancashire,Vehicle crime,2026-07,528
Lancashire,Vehicle crime,2026-08,543
Lancashire,Vehicle crime,2026-09,557
Lancashire,Vehicle crime,2026-10,586
Lancashire,Vehicle crime,2026-11,575
Lancashire,Vehicle crime,2026-12,519
Lancashire,Vehicle crime,2027-01,543
Lancashire,Vehicle crime,2027-02,504
Lancashire,Violence and sexual offences,2026-03,5487
Lancashire,Violence and sexual offences,2026-04,5344
Lancashire,Violence and sexual offences,2026-05,5537
Lancashire,Violence and sexual offences,2026-06,5512
Lancashire,Violence and sexual offences,2026-07,5662
Lancashire,Violence and sexual offences,2026-08,5283
Lancashire,Violence and sexual offences,2026-09,5018
Lancashire,Violence and sexual offences,2026-10,5348
Lancashire,Violence and sexual offences,2026-11,4945
Lancashire,Violence and sexual offences,2026-12,4857
Lancashire,Violence and sexual offences,2027-01,4974
Lancashire,Violence and sexual offences,2027-02,4667
Leicestershire,Anti-social behaviour,2026-03,1158
Leicestershire,Anti-social behaviour,2026-04,1232
Leicestershire,Anti-social behaviour,2026-05,1320
Leicestershire,Anti-social behaviour,2026-06,1348
Leicestershire,Anti-social behaviour,2026-07,1439
Leicestershire,Anti-social behaviour,2026-08,1347
Leicestershire,Anti-social behaviour,2026-09,1199
Leicestershire,Anti-social behaviour,2026-10,1186
Leicestershire,Anti-social behaviour,2026-11,1016
Leicestershire,Anti-social behaviour,2026-12,877
Leicestershire,Anti-social behaviour,2027-01,932
Leicestershire,Anti-social behaviour,2027-02,952
Leicestershire,Bicycle theft,2026-03,86
Leicestershire,Bicycle theft,2026-04,93
Leicestershire,Bicycle theft,2026-05,103
Leicestershire,Bicycle theft,2026-06,106
Leicestershire,Bicycle theft,2026-07,109
Leicestershire,Bicycle theft,2026-08,110
Leicestershire,Bicycle theft,2026-09,109
Leicestershire,Bicycle theft,2026-10,112
Leicestershire,Bicycle theft,2026-11,91
Leicestershire,Bicycle theft,2026-12,70
Leicestershire,Bicycle theft,2027-01,75
Leicestershire,Bicycle theft,2027-02,75
Leicestershire,Burglary,2026-03,342
Leicestershire,Burglary,2026-04,339
Leicestershire,Burglary,2026-05,338
Leicestershire,Burglary,2026-06,335
Leicestershire,Burglary,2026-07,340
Leicestershire,Burglary,2026-08,342
Leicestershire,Burglary,2026-09,343
Leicestershire,Burglary,2026-10,366
Leicestershire,Burglary,2026-11,369
Leicestershire,Burglary,2026-12,351
Leicestershire,Burglary,2027-01,361
Leicestershire,Burglary,2027-02,331
Leicestershire,Criminal damage and arson,2026-03,758
Leicestershire,Criminal damage and arson,2026-04,748
Leicestershire,Criminal damage and arson,2026-05,775
Leicestershire,Criminal damage and arson,2026-06,754
Leicestershire,Criminal damage and arson,2026-07,774
Leicestershire,Criminal damage and arson,2026-08,770
Leicestershire,Criminal damage and arson,2026-09,732
Leicestershire,Criminal damage and arson,2026-10,780
Leicestershire,Criminal damage and arson,2026-11,740
Leicestershire,Criminal damage and arson,2026-12,704
Leicestershire,Criminal damage and arson,2027-01,704
Leicestershire,Criminal damage and arson,2027-02,671
Leicestershire,Drugs,2026-03,266
Leicestershire,Drugs,2026-04,261
Leicestershire,Drugs,2026-05,272
Leicestershire,Drugs,2026-06,265
Leicestershire,Drugs,2026-07,266
Leicestershire,Drugs,2026-08,264
Leicestershire,Drugs,2026-09,256
Leicestershire,Drugs,2026-10,275
Leicestershire,Drugs,2026-11,275
Leicestershire,Drugs,2026-12,263
Leicestershire,Drugs,2027-01,281
Leicestershire,Drugs,2027-02,259
Leicestershire,Other crime,2026-03,212
Leicestershire,Other crime,2026-04,204
Leicestershire,Other crime,2026-05,210
Leicestershire,Other crime,2026-06,205
Leicestershire,Other crime,2026-07,207
Leicestershire,Other crime,2026-08,201
Leicestershire,Other crime,2026-09,204
Leicestershire,Other crime,2026-10,211
Leicestershire,Other crime,2026-11,207
Leicestershire,Other crime,2026-12,182
Leicestershire,Other crime,2027-01,211
Leicestershire,Other crime,2027-02,206
Leicestershire,Other theft,2026-03,576
Leicestershire,Other theft,2026-04,563
Leicestershire,Other theft,2026-05,586
Leicestershire,Other theft,2026-06,589
Leicestershire,Other theft,2026-07,599
Leicestershire,Other theft,2026-08,587
Leicestershire,Other theft,2026-09,565
Leicestershire,Other theft,2026-10,573
Leicestershire,Other theft,2026-11,560
Leicestershire,Other theft,2026-12,542
Leicestershire,Other theft,2027-01,535
Leicestershire,Other theft,2027-02,514
Leicestershire,Possession of weapons,2026-03,76
Leicestershire,Possession of weapons,2026-04,75
Leicestershire,Possession of weapons,2026-05,82
Leicestershire,Possession of weapons,2026-06,79
Leicestershire,Possession of weapons,2026-07,83
Leicestershire,Possession of weapons,2026-08,81
Leicestershire,Possession of weapons,2026-09,77
Leicestershire,Possession of weapons,2026-10,81
Leicestershire,Possession of weapons,2026-11,75
Leicestershire,Possession of weapons,2026-12,71
Leicestershire,Possession of weapons,2027-01,77
Leicestershire,Possession of weapons,2027-02,73
Leicestershire,Public order,2026-03,729
Leicestershire,Public order,2026-04,748
Leicestershire,Public order,2026-05,805
Leicestershire,Public order,2026-06,819
Leicestershire,Public order,2026-07,848
Leicestershire,Public order,2026-08,811
Leicestershire,Public order,2026-09,780
Leicestershire,Public order,2026-10,767
Leicestershire,Public order,2026-11,712
Leicestershire,Public order,2026-12,650
Leicestershire,Public order,2027-01,671
Leicestershire,Public order,2027-02,652
Leicestershire,Robbery,2026-03,74
Leicestershire,Robbery,2026-04,75
Leicestershire,Robbery,2026-05,82
Leicestershire,Robbery,2026-06,81
Leicestershire,Robbery,2026-07,81
Leicestershire,Robbery,2026-08,81
Leicestershire,Robbery,2026-09,83
Leicestershire,Robbery,2026-10,86
Leicestershire,Robbery,2026-11,79
Leicestershire,Robbery,2026-12,73
Leicestershire,Robbery,2027-01,76
Leicestershire,Robbery,2027-02,73
Leicestershire,Shoplifting,2026-03,720
Leicestershire,Shoplifting,2026-04,710
Leicestershire,Shoplifting,2026-05,729
Leicestershire,Shoplifting,2026-06,715
Leicestershire,Shoplifting,2026-07,716
Leicestershire,Shoplifting,2026-08,718
Leicestershire,Shoplifting,2026-09,701
Leicestershire,Shoplifting,2026-10,734
Leicestershire,Shoplifting,2026-11,717
Leicestershire,Shoplifting,2026-12,645
Leicestershire,Shoplifting,2027-01,710
Leicestershire,Shoplifting,2027-02,700
Leicestershire,Theft from the person,2026-03,65
Leicestershire,Theft from the person,2026-04,64
Leicestershire,Theft from the person,2026-05,67
Leicestershire,Theft from the person,2026-06,72
Leicestershire,Theft from the person,2026-07,74
Leicestershire,Theft from the person,2026-08,75
Leicestershire,Theft from the person,2026-09,76
Leicestershire,Theft from the person,2026-10,84
Leicestershire,Theft from the person,2026-11,79
Leicestershire,Theft from the person,2026-12,77
Leicestershire,Theft from the person,2027-01,67
Leicestershire,Theft from the person,2027-02,66
Leicestershire,Vehicle crime,2026-03,438
Leicestershire,Vehicle crime,2026-04,428
Leicestershire,Vehicle crime,2026-05,451
Leicestershire,Vehicle crime,2026-06,443
Leicestershire,Vehicle crime,2026-07,445
Leicestershire,Vehicle crime,2026-08,459
Leicestershire,Vehicle crime,2026-09,468
Leicestershire,Vehicle crime,2026-10,490
Leicestershire,Vehicle crime,2026-11,480
Leicestershire,Vehicle crime,2026-12,435
Leicestershire,Vehicle crime,2027-01,449
Leicestershire,Vehicle crime,2027-02,423
Leicestershire,Violence and sexual offences,2026-03,3274
Leicestershire,Violence and sexual offences,2026-04,3245
Leicestershire,Violence and sexual offences,2026-05,3494
Leicestershire,Violence and sexual offences,2026-06,3464
Leicestershire,Violence and sexual offences,2026-07,3536
Leicestershire,Violence and sexual offences,2026-08,3370
Leicestershire,Violence and sexual offences,2026-09,3209
Leicestershire,Violence and sexual offences,2026-10,3239
Leicestershire,Violence and sexual offences,2026-11,3182
Leicestershire,Violence and sexual offences,2026-12,3092
Leicestershire,Violence and sexual offences,2027-01,3085
Leicestershire,Violence and sexual offences,2027-02,2931
Lincolnshire,Anti-social behaviour,2026-03,1248
Lincolnshire,Anti-social behaviour,2026-04,1347
Lincolnshire,Anti-social behaviour,2026-05,1450
Lincolnshire,Anti-social behaviour,2026-06,1454
Lincolnshire,Anti-social behaviour,2026-07,1564
Lincolnshire,Anti-social behaviour,2026-08,1515
Lincolnshire,Anti-social behaviour,2026-09,1254
Lincolnshire,Anti-social behaviour,2026-10,1243
Lincolnshire,Anti-social behaviour,2026-11,1057
Lincolnshire,Anti-social behaviour,2026-12,944
Lincolnshire,Anti-social behaviour,2027-01,1012
Lincolnshire,Anti-social behaviour,2027-02,1022
Lincolnshire,Bicycle theft,2026-03,48
Lincolnshire,Bicycle theft,2026-04,50
Lincolnshire,Bicycle theft,2026-05,53
Lincolnshire,Bicycle theft,2026-06,56
Lincolnshire,Bicycle theft,2026-07,59
Lincolnshire,Bicycle theft,2026-08,59
Lincolnshire,Bicycle theft,2026-09,57
Lincolnshire,Bicycle theft,2026-10,54
Lincolnshire,Bicycle theft,2026-11,44
Lincolnshire,Bicycle theft,2026-12,38
Lincolnshire,Bicycle theft,2027-01,39
Lincolnshire,Bicycle theft,2027-02,38
Lincolnshire,Burglary,2026-03,198
Lincolnshire,Burglary,2026-04,195
Lincolnshire,Burglary,2026-05,194
Lincolnshire,Burglary,2026-06,191
Lincolnshire,Burglary,2026-07,198
Lincolnshire,Burglary,2026-08,204
Lincolnshire,Burglary,2026-09,200
Lincolnshire,Burglary,2026-10,211
Lincolnshire,Burglary,2026-11,208
Lincolnshire,Burglary,2026-12,193
Lincolnshire,Burglary,2027-01,200
Lincolnshire,Burglary,2027-02,188
Lincolnshire,Criminal damage and arson,2026-03,417
Lincolnshire,Criminal damage and arson,2026-04,423
Lincolnshire,Criminal damage and arson,2026-05,439
Lincolnshire,Criminal damage and arson,2026-06,441
Lincolnshire,Criminal damage and arson,2026-07,458
Lincolnshire,Criminal damage and arson,2026-08,457
Lincolnshire,Criminal damage and arson,2026-09,427
Lincolnshire,Criminal damage and arson,2026-10,439
Lincolnshire,Criminal damage and arson,2026-11,415
Lincolnshire,Criminal damage and arson,2026-12,394
Lincolnshire,Criminal damage and arson,2027-01,394
Lincolnshire,Criminal damage and arson,2027-02,375
Lincolnshire,Drugs,2026-03,95
Lincolnshire,Drugs,2026-04,94
Lincolnshire,Drugs,2026-05,99
Lincolnshire,Drugs,2026-06,99
Lincolnshire,Drugs,2026-07,104
Lincolnshire,Drugs,2026-08,103
Lincolnshire,Drugs,2026-09,98
Lincolnshire,Drugs,2026-10,104
Lincolnshire,Drugs,2026-11,99
Lincolnshire,Drugs,2026-12,97
Lincolnshire,Drugs,2027-01,101
Lincolnshire,Drugs,2027-02,91
Lincolnshire,Other crime,2026-03,162
Lincolnshire,Other crime,2026-04,151
Lincolnshire,Other crime,2026-05,156
Lincolnshire,Other crime,2026-06,154
Lincolnshire,Other crime,2026-07,162
Lincolnshire,Other crime,2026-08,156
Lincolnshire,Other crime,2026-09,155
Lincolnshire,Other crime,2026-10,157
Lincolnshire,Other crime,2026-11,152
Lincolnshire,Other crime,2026-12,147
Lincolnshire,Other crime,2027-01,157
Lincolnshire,Other crime,2027-02,150
Lincolnshire,Other theft,2026-03,300
Lincolnshire,Other theft,2026-04,306
Lincolnshire,Other theft,2026-05,315
Lincolnshire,Other theft,2026-06,320
Lincolnshire,Other theft,2026-07,335
Lincolnshire,Other theft,2026-08,329
Lincolnshire,Other theft,2026-09,311
Lincolnshire,Other theft,2026-10,315
Lincolnshire,Other theft,2026-11,304
Lincolnshire,Other theft,2026-12,287
Lincolnshire,Other theft,2027-01,283
Lincolnshire,Other theft,2027-02,269
Lincolnshire,Possession of weapons,2026-03,37
Lincolnshire,Possession of weapons,2026-04,37
Lincolnshire,Possession of weapons,2026-05,38
Lincolnshire,Possession of weapons,2026-06,38
Lincolnshire,Possession of weapons,2026-07,43
Lincolnshire,Possession of weapons,2026-08,42
Lincolnshire,Possession of weapons,2026-09,40
Lincolnshire,Possession of weapons,2026-10,40
Lincolnshire,Possession of weapons,2026-11,38
Lincolnshire,Possession of weapons,2026-12,37
Lincolnshire,Possession of weapons,2027-01,39
Lincolnshire,Possession of weapons,2027-02,38
Lincolnshire,Public order,2026-03,337
Lincolnshire,Public order,2026-04,339
Lincolnshire,Public order,2026-05,364
Lincolnshire,Public order,2026-06,377
Lincolnshire,Public order,2026-07,404
Lincolnshire,Public order,2026-08,388
Lincolnshire,Public order,2026-09,365
Lincolnshire,Public order,2026-10,349
Lincolnshire,Public order,2026-11,326
Lincolnshire,Public order,2026-12,294
Lincolnshire,Public order,2027-01,305
Lincolnshire,Public order,2027-02,300
Lincolnshire,Robbery,2026-03,46
Lincolnshire,Robbery,2026-04,45
Lincolnshire,Robbery,2026-05,48
Lincolnshire,Robbery,2026-06,47
Lincolnshire,Robbery,2026-07,48
Lincolnshire,Robbery,2026-08,48
Lincolnshire,Robbery,2026-09,47
Lincolnshire,Robbery,2026-10,47
Lincolnshire,Robbery,2026-11,45
Lincolnshire,Robbery,2026-12,41
Lincolnshire,Robbery,2027-01,44
Lincolnshire,Robbery,2027-02,43
Lincolnshire,Shoplifting,2026-03,582
Lincolnshire,Shoplifting,2026-04,565
Lincolnshire,Shoplifting,2026-05,583
Lincolnshire,Shoplifting,2026-06,567
Lincolnshire,Shoplifting,2026-07,582
Lincolnshire,Shoplifting,2026-08,580
Lincolnshire,Shoplifting,2026-09,566
Lincolnshire,Shoplifting,2026-10,579
Lincolnshire,Shoplifting,2026-11,559
Lincolnshire,Shoplifting,2026-12,500
Lincolnshire,Shoplifting,2027-01,545
Lincolnshire,Shoplifting,2027-02,541
Lincolnshire,Theft from the person,2026-03,8
Lincolnshire,Theft from the person,2026-04,8
Lincolnshire,Theft from the person,2026-05,9
Lincolnshire,Theft from the person,2026-06,9
Lincolnshire,Theft from the person,2026-07,9
Lincolnshire,Theft from the person,2026-08,10
Lincolnshire,Theft from the person,2026-09,9
Lincolnshire,Theft from the person,2026-10,10
Lincolnshire,Theft from the person,2026-11,9
Lincolnshire,Theft from the person,2026-12,9
Lincolnshire,Theft from the person,2027-01,8
Lincolnshire,Theft from the person,2027-02,7
Lincolnshire,Vehicle crime,2026-03,172
Lincolnshire,Vehicle crime,2026-04,172
Lincolnshire,Vehicle crime,2026-05,174
Lincolnshire,Vehicle crime,2026-06,175
Lincolnshire,Vehicle crime,2026-07,184
Lincolnshire,Vehicle crime,2026-08,181
Lincolnshire,Vehicle crime,2026-09,188
Lincolnshire,Vehicle crime,2026-10,199
Lincolnshire,Vehicle crime,2026-11,192
Lincolnshire,Vehicle crime,2026-12,177
Lincolnshire,Vehicle crime,2027-01,178
Lincolnshire,Vehicle crime,2027-02,165
Lincolnshire,Violence and sexual offences,2026-03,2155
Lincolnshire,Violence and sexual offences,2026-04,2083
Lincolnshire,Violence and sexual offences,2026-05,2182
Lincolnshire,Violence and sexual offences,2026-06,2152
Lincolnshire,Violence and sexual offences,2026-07,2255
Lincolnshire,Violence and sexual offences,2026-08,2152
Lincolnshire,Violence and sexual offences,2026-09,2075
Lincolnshire,Violence and sexual offences,2026-10,2067
Lincolnshire,Violence and sexual offences,2026-11,2020
Lincolnshire,Violence and sexual offences,2026-12,1984
Lincolnshire,Violence and sexual offences,2027-01,2008
Lincolnshire,Violence and sexual offences,2027-02,1894
Merseyside,Anti-social behaviour,2026-03,1237
Merseyside,Anti-social behaviour,2026-04,1323
Merseyside,Anti-social behaviour,2026-05,1389
Merseyside,Anti-social behaviour,2026-06,1376
Merseyside,Anti-social behaviour,2026-07,1443
Merseyside,Anti-social behaviour,2026-08,1352
Merseyside,Anti-social behaviour,2026-09,1239
Merseyside,Anti-social behaviour,2026-10,1348
Merseyside,Anti-social behaviour,2026-11,1165
Merseyside,Anti-social behaviour,2026-12,980
Merseyside,Anti-social behaviour,2027-01,1019
Merseyside,Anti-social behaviour,2027-02,1036
Merseyside,Bicycle theft,2026-03,81
Merseyside,Bicycle theft,2026-04,89
Merseyside,Bicycle theft,2026-05,102
Merseyside,Bicycle theft,2026-06,103
Merseyside,Bicycle theft,2026-07,107
Merseyside,Bicycle theft,2026-08,107
Merseyside,Bicycle theft,2026-09,107
Merseyside,Bicycle theft,2026-10,109
Merseyside,Bicycle theft,2026-11,86
Merseyside,Bicycle theft,2026-12,66
Merseyside,Bicycle theft,2027-01,71
Merseyside,Bicycle theft,2027-02,71
Merseyside,Burglary,2026-03,293
Merseyside,Burglary,2026-04,287
Merseyside,Burglary,2026-05,298
Merseyside,Burglary,2026-06,295
Merseyside,Burglary,2026-07,304
Merseyside,Burglary,2026-08,309
Merseyside,Burglary,2026-09,308
Merseyside,Burglary,2026-10,336
Merseyside,Burglary,2026-11,339
Merseyside,Burglary,2026-12,319
Merseyside,Burglary,2027-01,314
Merseyside,Burglary,2027-02,288
Merseyside,Criminal damage and arson,2026-03,1008
Merseyside,Criminal damage and arson,2026-04,992
Merseyside,Criminal damage and arson,2026-05,1029
Merseyside,Criminal damage and arson,2026-06,999
Merseyside,Criminal damage and arson,2026-07,1028
Merseyside,Criminal damage and arson,2026-08,1025
Merseyside,Criminal damage and arson,2026-09,991
Merseyside,Criminal damage and arson,2026-10,1107
Merseyside,Criminal damage and arson,2026-11,1050
Merseyside,Criminal damage and arson,2026-12,959
Merseyside,Criminal damage and arson,2027-01,946
Merseyside,Criminal damage and arson,2027-02,907
Merseyside,Drugs,2026-03,1090
Merseyside,Drugs,2026-04,1051
Merseyside,Drugs,2026-05,1083
Merseyside,Drugs,2026-06,1045
Merseyside,Drugs,2026-07,1055
Merseyside,Drugs,2026-08,1047
Merseyside,Drugs,2026-09,1006
Merseyside,Drugs,2026-10,1101
Merseyside,Drugs,2026-11,1078
Merseyside,Drugs,2026-12,1010
Merseyside,Drugs,2027-01,1055
Merseyside,Drugs,2027-02,975
Merseyside,Other crime,2026-03,343
Merseyside,Other crime,2026-04,325
Merseyside,Other crime,2026-05,331
Merseyside,Other crime,2026-06,320
Merseyside,Other crime,2026-07,327
Merseyside,Other crime,2026-08,316
Merseyside,Other crime,2026-09,317
Merseyside,Other crime,2026-10,336
Merseyside,Other crime,2026-11,326
Merseyside,Other crime,2026-12,296
Merseyside,Other crime,2027-01,331
Merseyside,Other crime,2027-02,319
Merseyside,Other theft,2026-03,668
Merseyside,Other theft,2026-04,641
Merseyside,Other theft,2026-05,680
Merseyside,Other theft,2026-06,679
Merseyside,Other theft,2026-07,699
Merseyside,Other theft,2026-08,692
Merseyside,Other theft,2026-09,673
Merseyside,Other theft,2026-10,696
Merseyside,Other theft,2026-11,690
Merseyside,Other theft,2026-12,661
Merseyside,Other theft,2027-01,635
Merseyside,Other theft,2027-02,610
Merseyside,Possession of weapons,2026-03,123
Merseyside,Possession of weapons,2026-04,122
Merseyside,Possession of weapons,2026-05,127
Merseyside,Possession of weapons,2026-06,125
Merseyside,Possession of weapons,2026-07,127
Merseyside,Possession of weapons,2026-08,126
Merseyside,Possession of weapons,2026-09,124
Merseyside,Possession of weapons,2026-10,130
Merseyside,Possession of weapons,2026-11,122
Merseyside,Possession of weapons,2026-12,113
Merseyside,Possession of weapons,2027-01,118
Merseyside,Possession of weapons,2027-02,116
Merseyside,Public order,2026-03,1198
Merseyside,Public order,2026-04,1214
Merseyside,Public order,2026-05,1330
Merseyside,Public order,2026-06,1328
Merseyside,Public order,2026-07,1411
Merseyside,Public order,2026-08,1329
Merseyside,Public order,2026-09,1269
Merseyside,Public order,2026-10,1294
Merseyside,Public order,2026-11,1137
Merseyside,Public order,2026-12,1024
Merseyside,Public order,2027-01,1061
Merseyside,Public order,2027-02,1037
Merseyside,Robbery,2026-03,116
Merseyside,Robbery,2026-04,113
Merseyside,Robbery,2026-05,121
Merseyside,Robbery,2026-06,119
Merseyside,Robbery,2026-07,122
Merseyside,Robbery,2026-08,124
Merseyside,Robbery,2026-09,123
Merseyside,Robbery,2026-10,131
Merseyside,Robbery,2026-11,124
Merseyside,Robbery,2026-12,116
Merseyside,Robbery,2027-01,118
Merseyside,Robbery,2027-02,111
Merseyside,Shoplifting,2026-03,985
Merseyside,Shoplifting,2026-04,943
Merseyside,Shoplifting,2026-05,947
Merseyside,Shoplifting,2026-06,899
Merseyside,Shoplifting,2026-07,910
Merseyside,Shoplifting,2026-08,909
Merseyside,Shoplifting,2026-09,894
Merseyside,Shoplifting,2026-10,957
Merseyside,Shoplifting,2026-11,901
Merseyside,Shoplifting,2026-12,820
Merseyside,Shoplifting,2027-01,890
Merseyside,Shoplifting,2027-02,893
Merseyside,Theft from the person,2026-03,54
Merseyside,Theft from the person,2026-04,56
Merseyside,Theft from the person,2026-05,61
Merseyside,Theft from the person,2026-06,61
Merseyside,Theft from the person,2026-07,67
Merseyside,Theft from the person,2026-08,69
Merseyside,Theft from the person,2026-09,71
Merseyside,Theft from the person,2026-10,77
Merseyside,Theft from the person,2026-11,72
Merseyside,Theft from the person,2026-12,70
Merseyside,Theft from the person,2027-01,61
Merseyside,Theft from the person,2027-02,59
Merseyside,Vehicle crime,2026-03,365
Merseyside,Vehicle crime,2026-04,360
Merseyside,Vehicle crime,2026-05,374
Merseyside,Vehicle crime,2026-06,370
Merseyside,Vehicle crime,2026-07,384
Merseyside,Vehicle crime,2026-08,397
Merseyside,Vehicle crime,2026-09,411
Merseyside,Vehicle crime,2026-10,447
Merseyside,Vehicle crime,2026-11,438
Merseyside,Vehicle crime,2026-12,403
Merseyside,Vehicle crime,2027-01,415
Merseyside,Vehicle crime,2027-02,386
Merseyside,Violence and sexual offences,2026-03,4914
Merseyside,Violence and sexual offences,2026-04,4724
Merseyside,Violence and sexual offences,2026-05,5050
Merseyside,Violence and sexual offences,2026-06,4972
Merseyside,Violence and sexual offences,2026-07,5072
Merseyside,Violence and sexual offences,2026-08,4944
Merseyside,Violence and sexual offences,2026-09,4798
Merseyside,Violence and sexual offences,2026-10,5051
Merseyside,Violence and sexual offences,2026-11,4860
Merseyside,Violence and sexual offences,2026-12,4782
Merseyside,Violence and sexual offences,2027-01,4777
Merseyside,Violence and sexual offences,2027-02,4588
Metropolitan Police,Anti-social behaviour,2026-03,19466
Metropolitan Police,Anti-social behaviour,2026-04,19466
Metropolitan Police,Anti-social behaviour,2026-05,21529
Metropolitan Police,Anti-social behaviour,2026-06,21598
Metropolitan Police,Anti-social behaviour,2026-07,23050
Metropolitan Police,Anti-social behaviour,2026-08,20921
Metropolitan Police,Anti-social behaviour,2026-09,20147
Metropolitan Police,Anti-social behaviour,2026-10,21962
Metropolitan Police,Anti-social behaviour,2026-11,17512
Metropolitan Police,Anti-social behaviour,2026-12,16615
Metropolitan Police,Anti-social behaviour,2027-01,16384
Metropolitan Police,Anti-social behaviour,2027-02,16369
Metropolitan Police,Bicycle theft,2026-03,949
Metropolitan Police,Bicycle theft,2026-04,1028
Metropolitan Police,Bicycle theft,2026-05,1155
Metropolitan Police,Bicycle theft,2026-06,1223
Metropolitan Police,Bicycle theft,2026-07,1308
Metropolitan Police,Bicycle theft,2026-08,1273
Metropolitan Police,Bicycle theft,2026-09,1235
Metropolitan Police,Bicycle theft,2026-10,1256
Metropolitan Police,Bicycle theft,2026-11,1052
Metropolitan Police,Bicycle theft,2026-12,803
Metropolitan Police,Bicycle theft,2027-01,821
Metropolitan Police,Bicycle theft,2027-02,830
Metropolitan Police,Burglary,2026-03,4041
Metropolitan Police,Burglary,2026-04,3679
Metropolitan Police,Burglary,2026-05,3771
Metropolitan Police,Burglary,2026-06,3700
Metropolitan Police,Burglary,2026-07,3784
Metropolitan Police,Burglary,2026-08,3633
Metropolitan Police,Burglary,2026-09,3523
Metropolitan Police,Burglary,2026-10,3763
Metropolitan Police,Burglary,2026-11,3842
Metropolitan Police,Burglary,2026-12,3714
Metropolitan Police,Burglary,2027-01,3762
Metropolitan Police,Burglary,2027-02,3414
Metropolitan Police,Criminal damage and arson,2026-03,4404
Metropolitan Police,Criminal damage and arson,2026-04,4267
Metropolitan Police,Criminal damage and arson,2026-05,4545
Metropolitan Police,Criminal damage and arson,2026-06,4663
Metropolitan Police,Criminal damage and arson,2026-07,4767
Metropolitan Police,Criminal damage and arson,2026-08,4619
Metropolitan Police,Criminal damage and arson,2026-09,4381
Metropolitan Police,Criminal damage and arson,2026-10,4678
Metropolitan Police,Criminal damage and arson,2026-11,4492
Metropolitan Police,Criminal damage and arson,2026-12,4324
Metropolitan Police,Criminal damage and arson,2027-01,4245
Metropolitan Police,Criminal damage and arson,2027-02,3916
Metropolitan Police,Drugs,2026-03,3993
Metropolitan Police,Drugs,2026-04,3951
Metropolitan Police,Drugs,2026-05,4210
Metropolitan Police,Drugs,2026-06,4184
Metropolitan Police,Drugs,2026-07,4289
Metropolitan Police,Drugs,2026-08,4198
Metropolitan Police,Drugs,2026-09,3958
Metropolitan Police,Drugs,2026-10,4395
Metropolitan Police,Drugs,2026-11,4280
Metropolitan Police,Drugs,2026-12,4023
Metropolitan Police,Drugs,2027-01,4322
Metropolitan Police,Drugs,2027-02,3961
Metropolitan Police,Other crime,2026-03,1165
Metropolitan Police,Other crime,2026-04,1142
Metropolitan Police,Other crime,2026-05,1184
Metropolitan Police,Other crime,2026-06,1191
Metropolitan Police,Other crime,2026-07,1219
Metropolitan Police,Other crime,2026-08,1195
Metropolitan Police,Other crime,2026-09,1198
Metropolitan Police,Other crime,2026-10,1254
Metropolitan Police,Other crime,2026-11,1190
Metropolitan Police,Other crime,2026-12,1067
Metropolitan Police,Other crime,2027-01,1147
Metropolitan Police,Other crime,2027-02,1109
Metropolitan Police,Other theft,2026-03,7190
Metropolitan Police,Other theft,2026-04,6866
Metropolitan Police,Other theft,2026-05,7238
Metropolitan Police,Other theft,2026-06,7152
Metropolitan Police,Other theft,2026-07,7219
Metropolitan Police,Other theft,2026-08,6920
Metropolitan Police,Other theft,2026-09,6808
Metropolitan Police,Other theft,2026-10,7551
Metropolitan Police,Other theft,2026-11,7960
Metropolitan Police,Other theft,2026-12,7781
Metropolitan Police,Other theft,2027-01,7573
Metropolitan Police,Other theft,2027-02,7360
Metropolitan Police,Possession of weapons,2026-03,573
Metropolitan Police,Possession of weapons,2026-04,563
Metropolitan Police,Possession of weapons,2026-05,602
Metropolitan Police,Possession of weapons,2026-06,595
Metropolitan Police,Possession of weapons,2026-07,613
Metropolitan Police,Possession of weapons,2026-08,600
Metropolitan Police,Possession of weapons,2026-09,583
Metropolitan Police,Possession of weapons,2026-10,600
Metropolitan Police,Possession of weapons,2026-11,568
Metropolitan Police,Possession of weapons,2026-12,507
Metropolitan Police,Possession of weapons,2027-01,553
Metropolitan Police,Possession of weapons,2027-02,535
Metropolitan Police,Public order,2026-03,4835
Metropolitan Police,Public order,2026-04,4814
Metropolitan Police,Public order,2026-05,5226
Metropolitan Police,Public order,2026-06,5289
Metropolitan Police,Public order,2026-07,5398
Metropolitan Police,Public order,2026-08,5291
Metropolitan Police,Public order,2026-09,4931
Metropolitan Police,Public order,2026-10,5139
Metropolitan Police,Public order,2026-11,4708
Metropolitan Police,Public order,2026-12,4439
Metropolitan Police,Public order,2027-01,4235
Metropolitan Police,Public order,2027-02,4082
Metropolitan Police,Robbery,2026-03,2443
Metropolitan Police,Robbery,2026-04,2444
Metropolitan Police,Robbery,2026-05,2607
Metropolitan Police,Robbery,2026-06,2631
Metropolitan Police,Robbery,2026-07,2692
Metropolitan Police,Robbery,2026-08,2655
Metropolitan Police,Robbery,2026-09,2614
Metropolitan Police,Robbery,2026-10,2873
Metropolitan Police,Robbery,2026-11,2763
Metropolitan Police,Robbery,2026-12,2560
Metropolitan Police,Robbery,2027-01,2564
Metropolitan Police,Robbery,2027-02,2382
Metropolitan Police,Shoplifting,2026-03,7246
Metropolitan Police,Shoplifting,2026-04,7000
Metropolitan Police,Shoplifting,2026-05,7401
Metropolitan Police,Shoplifting,2026-06,7865
Metropolitan Police,Shoplifting,2026-07,8173
Metropolitan Police,Shoplifting,2026-08,8140
Metropolitan Police,Shoplifting,2026-09,7775
Metropolitan Police,Shoplifting,2026-10,8599
Metropolitan Police,Shoplifting,2026-11,7891
Metropolitan Police,Shoplifting,2026-12,7277
Metropolitan Police,Shoplifting,2027-01,7186
Metropolitan Police,Shoplifting,2027-02,7048
Metropolitan Police,Theft from the person,2026-03,6748
Metropolitan Police,Theft from the person,2026-04,6533
Metropolitan Police,Theft from the person,2026-05,6240
Metropolitan Police,Theft from the person,2026-06,6208
Metropolitan Police,Theft from the person,2026-07,6270
Metropolitan Police,Theft from the person,2026-08,6051
Metropolitan Police,Theft from the person,2026-09,6053
Metropolitan Police,Theft from the person,2026-10,7337
Metropolitan Police,Theft from the person,2026-11,8100
Metropolitan Police,Theft from the person,2026-12,8617
Metropolitan Police,Theft from the person,2027-01,7058
Metropolitan Police,Theft from the person,2027-02,6960
Metropolitan Police,Vehicle crime,2026-03,6402
Metropolitan Police,Vehicle crime,2026-04,5870
Metropolitan Police,Vehicle crime,2026-05,6315
Metropolitan Police,Vehicle crime,2026-06,6178
Metropolitan Police,Vehicle crime,2026-07,6243
Metropolitan Police,Vehicle crime,2026-08,6043
Metropolitan Police,Vehicle crime,2026-09,6151
Metropolitan Police,Vehicle crime,2026-10,6782
Metropolitan Police,Vehicle crime,2026-11,6737
Metropolitan Police,Vehicle crime,2026-12,6253
Metropolitan Police,Vehicle crime,2027-01,6497
Metropolitan Police,Vehicle crime,2027-02,5850
Metropolitan Police,Violence and sexual offences,2026-03,21433
Metropolitan Police,Violence and sexual offences,2026-04,19665
Metropolitan Police,Violence and sexual offences,2026-05,22104
Metropolitan Police,Violence and sexual offences,2026-06,22775
Metropolitan Police,Violence and sexual offences,2026-07,23452
Metropolitan Police,Violence and sexual offences,2026-08,21398
Metropolitan Police,Violence and sexual offences,2026-09,21913
Metropolitan Police,Violence and sexual offences,2026-10,23024
Metropolitan Police,Violence and sexual offences,2026-11,21453
Metropolitan Police,Violence and sexual offences,2026-12,21320
Metropolitan Police,Violence and sexual offences,2027-01,20188
Metropolitan Police,Violence and sexual offences,2027-02,18972
Norfolk,Anti-social behaviour,2026-03,708
Norfolk,Anti-social behaviour,2026-04,737
Norfolk,Anti-social behaviour,2026-05,798
Norfolk,Anti-social behaviour,2026-06,806
Norfolk,Anti-social behaviour,2026-07,848
Norfolk,Anti-social behaviour,2026-08,817
Norfolk,Anti-social behaviour,2026-09,710
Norfolk,Anti-social behaviour,2026-10,702
Norfolk,Anti-social behaviour,2026-11,615
Norfolk,Anti-social behaviour,2026-12,546
Norfolk,Anti-social behaviour,2027-01,588
Norfolk,Anti-social behaviour,2027-02,596
Norfolk,Bicycle theft,2026-03,59
Norfolk,Bicycle theft,2026-04,63
Norfolk,Bicycle theft,2026-05,68
Norfolk,Bicycle theft,2026-06,72
Norfolk,Bicycle theft,2026-07,75
Norfolk,Bicycle theft,2026-08,79
Norfolk,Bicycle theft,2026-09,79
Norfolk,Bicycle theft,2026-10,78
Norfolk,Bicycle theft,2026-11,63
Norfolk,Bicycle theft,2026-12,51
Norfolk,Bicycle theft,2027-01,54
Norfolk,Bicycle theft,2027-02,52
Norfolk,Burglary,2026-03,165
Norfolk,Burglary,2026-04,156
Norfolk,Burglary,2026-05,155
Norfolk,Burglary,2026-06,158
Norfolk,Burglary,2026-07,156
Norfolk,Burglary,2026-08,159
Norfolk,Burglary,2026-09,157
Norfolk,Burglary,2026-10,163
Norfolk,Burglary,2026-11,161
Norfolk,Burglary,2026-12,152
Norfolk,Burglary,2027-01,167
Norfolk,Burglary,2027-02,152
Norfolk,Criminal damage and arson,2026-03,477
Norfolk,Criminal damage and arson,2026-04,478
Norfolk,Criminal damage and arson,2026-05,491
Norfolk,Criminal damage and arson,2026-06,492
Norfolk,Criminal damage and arson,2026-07,506
Norfolk,Criminal damage and arson,2026-08,502
Norfolk,Criminal damage and arson,2026-09,474
Norfolk,Criminal damage and arson,2026-10,484
Norfolk,Criminal damage and arson,2026-11,464
Norfolk,Criminal damage and arson,2026-12,437
Norfolk,Criminal damage and arson,2027-01,431
Norfolk,Criminal damage and arson,2027-02,413
Norfolk,Drugs,2026-03,173
Norfolk,Drugs,2026-04,161
Norfolk,Drugs,2026-05,163
Norfolk,Drugs,2026-06,158
Norfolk,Drugs,2026-07,158
Norfolk,Drugs,2026-08,154
Norfolk,Drugs,2026-09,152
Norfolk,Drugs,2026-10,161
Norfolk,Drugs,2026-11,155
Norfolk,Drugs,2026-12,155
Norfolk,Drugs,2027-01,165
Norfolk,Drugs,2027-02,152
Norfolk,Other crime,2026-03,163
Norfolk,Other crime,2026-04,156
Norfolk,Other crime,2026-05,158
Norfolk,Other crime,2026-06,163
Norfolk,Other crime,2026-07,163
Norfolk,Other crime,2026-08,159
Norfolk,Other crime,2026-09,161
Norfolk,Other crime,2026-10,161
Norfolk,Other crime,2026-11,157
Norfolk,Other crime,2026-12,145
Norfolk,Other crime,2027-01,163
Norfolk,Other crime,2027-02,156
Norfolk,Other theft,2026-03,342
Norfolk,Other theft,2026-04,336
Norfolk,Other theft,2026-05,349
Norfolk,Other theft,2026-06,354
Norfolk,Other theft,2026-07,363
Norfolk,Other theft,2026-08,355
Norfolk,Other theft,2026-09,340
Norfolk,Other theft,2026-10,341
Norfolk,Other theft,2026-11,328
Norfolk,Other theft,2026-12,315
Norfolk,Other theft,2027-01,309
Norfolk,Other theft,2027-02,304
Norfolk,Possession of weapons,2026-03,75
Norfolk,Possession of weapons,2026-04,73
Norfolk,Possession of weapons,2026-05,76
Norfolk,Possession of weapons,2026-06,79
Norfolk,Possession of weapons,2026-07,80
Norfolk,Possession of weapons,2026-08,80
Norfolk,Possession of weapons,2026-09,78
Norfolk,Possession of weapons,2026-10,80
Norfolk,Possession of weapons,2026-11,73
Norfolk,Possession of weapons,2026-12,71
Norfolk,Possession of weapons,2027-01,75
Norfolk,Possession of weapons,2027-02,73
Norfolk,Public order,2026-03,367
Norfolk,Public order,2026-04,376
Norfolk,Public order,2026-05,405
Norfolk,Public order,2026-06,417
Norfolk,Public order,2026-07,435
Norfolk,Public order,2026-08,419
Norfolk,Public order,2026-09,405
Norfolk,Public order,2026-10,392
Norfolk,Public order,2026-11,349
Norfolk,Public order,2026-12,318
Norfolk,Public order,2027-01,331
Norfolk,Public order,2027-02,327
Norfolk,Robbery,2026-03,37
Norfolk,Robbery,2026-04,35
Norfolk,Robbery,2026-05,39
Norfolk,Robbery,2026-06,38
Norfolk,Robbery,2026-07,38
Norfolk,Robbery,2026-08,39
Norfolk,Robbery,2026-09,38
Norfolk,Robbery,2026-10,37
Norfolk,Robbery,2026-11,36
Norfolk,Robbery,2026-12,34
Norfolk,Robbery,2027-01,34
Norfolk,Robbery,2027-02,34
Norfolk,Shoplifting,2026-03,524
Norfolk,Shoplifting,2026-04,513
Norfolk,Shoplifting,2026-05,522
Norfolk,Shoplifting,2026-06,502
Norfolk,Shoplifting,2026-07,512
Norfolk,Shoplifting,2026-08,515
Norfolk,Shoplifting,2026-09,501
Norfolk,Shoplifting,2026-10,517
Norfolk,Shoplifting,2026-11,492
Norfolk,Shoplifting,2026-12,441
Norfolk,Shoplifting,2027-01,478
Norfolk,Shoplifting,2027-02,486
Norfolk,Theft from the person,2026-03,31
Norfolk,Theft from the person,2026-04,31
Norfolk,Theft from the person,2026-05,32
Norfolk,Theft from the person,2026-06,33
Norfolk,Theft from the person,2026-07,35
Norfolk,Theft from the person,2026-08,36
Norfolk,Theft from the person,2026-09,34
Norfolk,Theft from the person,2026-10,36
Norfolk,Theft from the person,2026-11,34
Norfolk,Theft from the person,2026-12,34
Norfolk,Theft from the person,2027-01,31
Norfolk,Theft from the person,2027-02,30
Norfolk,Vehicle crime,2026-03,131
Norfolk,Vehicle crime,2026-04,130
Norfolk,Vehicle crime,2026-05,130
Norfolk,Vehicle crime,2026-06,130
Norfolk,Vehicle crime,2026-07,129
Norfolk,Vehicle crime,2026-08,134
Norfolk,Vehicle crime,2026-09,140
Norfolk,Vehicle crime,2026-10,148
Norfolk,Vehicle crime,2026-11,143
Norfolk,Vehicle crime,2026-12,136
Norfolk,Vehicle crime,2027-01,143
Norfolk,Vehicle crime,2027-02,134
Norfolk,Violence and sexual offences,2026-03,2311
Norfolk,Violence and sexual offences,2026-04,2303
Norfolk,Violence and sexual offences,2026-05,2497
Norfolk,Violence and sexual offences,2026-06,2484
Norfolk,Violence and sexual offences,2026-07,2563
Norfolk,Violence and sexual offences,2026-08,2443
Norfolk,Violence and sexual offences,2026-09,2415
Norfolk,Violence and sexual offences,2026-10,2413
Norfolk,Violence and sexual offences,2026-11,2313
Norfolk,Violence and sexual offences,2026-12,2277
Norfolk,Violence and sexual offences,2027-01,2255
Norfolk,Violence and sexual offences,2027-02,2142
North Wales,Anti-social behaviour,2026-03,1090
North Wales,Anti-social behaviour,2026-04,1129
North Wales,Anti-social behaviour,2026-05,1164
North Wales,Anti-social behaviour,2026-06,1168
North Wales,Anti-social behaviour,2026-07,1241
North Wales,Anti-social behaviour,2026-08,1198
North Wales,Anti-social behaviour,2026-09,1038
North Wales,Anti-social behaviour,2026-10,1024
North Wales,Anti-social behaviour,2026-11,877
North Wales,Anti-social behaviour,2026-12,776
North Wales,Anti-social behaviour,2027-01,827
North Wales,Anti-social behaviour,2027-02,848
North Wales,Bicycle theft,2026-03,27
North Wales,Bicycle theft,2026-04,28
North Wales,Bicycle theft,2026-05,29
North Wales,Bicycle theft,2026-06,32
North Wales,Bicycle theft,2026-07,33
North Wales,Bicycle theft,2026-08,34
North Wales,Bicycle theft,2026-09,31
North Wales,Bicycle theft,2026-10,31
North Wales,Bicycle theft,2026-11,26
North Wales,Bicycle theft,2026-12,22
North Wales,Bicycle theft,2027-01,23
North Wales,Bicycle theft,2027-02,22
North Wales,Burglary,2026-03,136
North Wales,Burglary,2026-04,135
North Wales,Burglary,2026-05,138
North Wales,Burglary,2026-06,138
North Wales,Burglary,2026-07,141
North Wales,Burglary,2026-08,139
North Wales,Burglary,2026-09,141
North Wales,Burglary,2026-10,144
North Wales,Burglary,2026-11,138
North Wales,Burglary,2026-12,132
North Wales,Burglary,2027-01,135
North Wales,Burglary,2027-02,130
North Wales,Criminal damage and arson,2026-03,424
North Wales,Criminal damage and arson,2026-04,430
North Wales,Criminal damage and arson,2026-05,440
North Wales,Criminal damage and arson,2026-06,435
North Wales,Criminal damage and arson,2026-07,447
North Wales,Criminal damage and arson,2026-08,449
North Wales,Criminal damage and arson,2026-09,423
North Wales,Criminal damage and arson,2026-10,432
North Wales,Criminal damage and arson,2026-11,408
North Wales,Criminal damage and arson,2026-12,383
North Wales,Criminal damage and arson,2027-01,383
North Wales,Criminal damage and arson,2027-02,369
North Wales,Drugs,2026-03,142
North Wales,Drugs,2026-04,136
North Wales,Drugs,2026-05,140
North Wales,Drugs,2026-06,136
North Wales,Drugs,2026-07,140
North Wales,Drugs,2026-08,137
North Wales,Drugs,2026-09,132
North Wales,Drugs,2026-10,140
North Wales,Drugs,2026-11,138
North Wales,Drugs,2026-12,132
North Wales,Drugs,2027-01,137
North Wales,Drugs,2027-02,130
North Wales,Other crime,2026-03,100
North Wales,Other crime,2026-04,98
North Wales,Other crime,2026-05,102
North Wales,Other crime,2026-06,100
North Wales,Other crime,2026-07,104
North Wales,Other crime,2026-08,101
North Wales,Other crime,2026-09,102
North Wales,Other crime,2026-10,104
North Wales,Other crime,2026-11,99
North Wales,Other crime,2026-12,91
North Wales,Other crime,2027-01,105
North Wales,Other crime,2027-02,97
North Wales,Other theft,2026-03,280
North Wales,Other theft,2026-04,284
North Wales,Other theft,2026-05,299
North Wales,Other theft,2026-06,307
North Wales,Other theft,2026-07,319
North Wales,Other theft,2026-08,317
North Wales,Other theft,2026-09,304
North Wales,Other theft,2026-10,305
North Wales,Other theft,2026-11,292
North Wales,Other theft,2026-12,280
North Wales,Other theft,2027-01,273
North Wales,Other theft,2027-02,262
North Wales,Possession of weapons,2026-03,43
North Wales,Possession of weapons,2026-04,44
North Wales,Possession of weapons,2026-05,45
North Wales,Possession of weapons,2026-06,45
North Wales,Possession of weapons,2026-07,48
North Wales,Possession of weapons,2026-08,48
North Wales,Possession of weapons,2026-09,46
North Wales,Possession of weapons,2026-10,47
North Wales,Possession of weapons,2026-11,43
North Wales,Possession of weapons,2026-12,40
North Wales,Possession of weapons,2027-01,41
North Wales,Possession of weapons,2027-02,42
North Wales,Public order,2026-03,363
North Wales,Public order,2026-04,368
North Wales,Public order,2026-05,394
North Wales,Public order,2026-06,404
North Wales,Public order,2026-07,420
North Wales,Public order,2026-08,410
North Wales,Public order,2026-09,383
North Wales,Public order,2026-10,367
North Wales,Public order,2026-11,334
North Wales,Public order,2026-12,301
North Wales,Public order,2027-01,314
North Wales,Public order,2027-02,312
North Wales,Robbery,2026-03,17
North Wales,Robbery,2026-04,16
North Wales,Robbery,2026-05,17
North Wales,Robbery,2026-06,18
North Wales,Robbery,2026-07,18
North Wales,Robbery,2026-08,18
North Wales,Robbery,2026-09,18
North Wales,Robbery,2026-10,18
North Wales,Robbery,2026-11,17
North Wales,Robbery,2026-12,17
North Wales,Robbery,2027-01,18
North Wales,Robbery,2027-02,17
North Wales,Shoplifting,2026-03,468
North Wales,Shoplifting,2026-04,461
North Wales,Shoplifting,2026-05,453
North Wales,Shoplifting,2026-06,444
North Wales,Shoplifting,2026-07,452
North Wales,Shoplifting,2026-08,455
North Wales,Shoplifting,2026-09,439
North Wales,Shoplifting,2026-10,444
North Wales,Shoplifting,2026-11,425
North Wales,Shoplifting,2026-12,378
North Wales,Shoplifting,2027-01,420
North Wales,Shoplifting,2027-02,421
North Wales,Theft from the person,2026-03,9
North Wales,Theft from the person,2026-04,9
North Wales,Theft from the person,2026-05,10
North Wales,Theft from the person,2026-06,10
North Wales,Theft from the person,2026-07,11
North Wales,Theft from the person,2026-08,11
North Wales,Theft from the person,2026-09,10
North Wales,Theft from the person,2026-10,10
North Wales,Theft from the person,2026-11,9
North Wales,Theft from the person,2026-12,9
North Wales,Theft from the person,2027-01,8
North Wales,Theft from the person,2027-02,7
North Wales,Vehicle crime,2026-03,115
North Wales,Vehicle crime,2026-04,112
North Wales,Vehicle crime,2026-05,112
North Wales,Vehicle crime,2026-06,108
North Wales,Vehicle crime,2026-07,111
North Wales,Vehicle crime,2026-08,114
North Wales,Vehicle crime,2026-09,111
North Wales,Vehicle crime,2026-10,115
North Wales,Vehicle crime,2026-11,111
North Wales,Vehicle crime,2026-12,105
North Wales,Vehicle crime,2027-01,110
North Wales,Vehicle crime,2027-02,104
North Wales,Violence and sexual offences,2026-03,2197
North Wales,Violence and sexual offences,2026-04,2136
North Wales,Violence and sexual offences,2026-05,2259
North Wales,Violence and sexual offences,2026-06,2235
North Wales,Violence and sexual offences,2026-07,2263
North Wales,Violence and sexual offences,2026-08,2202
North Wales,Violence and sexual offences,2026-09,2128
North Wales,Violence and sexual offences,2026-10,2163
North Wales,Violence and sexual offences,2026-11,2080
North Wales,Violence and sexual offences,2026-12,2026
North Wales,Violence and sexual offences,2027-01,2034
North Wales,Violence and sexual offences,2027-02,1982
North Yorkshire,Anti-social behaviour,2026-03,1102
North Yorkshire,Anti-social behaviour,2026-04,1190
North Yorkshire,Anti-social behaviour,2026-05,1276
North Yorkshire,Anti-social behaviour,2026-06,1295
North Yorkshire,Anti-social behaviour,2026-07,1403
North Yorkshire,Anti-social behaviour,2026-08,1365
North Yorkshire,Anti-social behaviour,2026-09,1208
North Yorkshire,Anti-social behaviour,2026-10,1211
North Yorkshire,Anti-social behaviour,2026-11,1060
North Yorkshire,Anti-social behaviour,2026-12,942
North Yorkshire,Anti-social behaviour,2027-01,980
North Yorkshire,Anti-social behaviour,2027-02,974
North Yorkshire,Bicycle theft,2026-03,47
North Yorkshire,Bicycle theft,2026-04,56
North Yorkshire,Bicycle theft,2026-05,63
North Yorkshire,Bicycle theft,2026-06,65
North Yorkshire,Bicycle theft,2026-07,68
North Yorkshire,Bicycle theft,2026-08,70
North Yorkshire,Bicycle theft,2026-09,65
North Yorkshire,Bicycle theft,2026-10,65
North Yorkshire,Bicycle theft,2026-11,53
North Yorkshire,Bicycle theft,2026-12,43
North Yorkshire,Bicycle theft,2027-01,45
North Yorkshire,Bicycle theft,2027-02,46
North Yorkshire,Burglary,2026-03,151
North Yorkshire,Burglary,2026-04,156
North Yorkshire,Burglary,2026-05,163
North Yorkshire,Burglary,2026-06,163
North Yorkshire,Burglary,2026-07,171
North Yorkshire,Burglary,2026-08,175
North Yorkshire,Burglary,2026-09,174
North Yorkshire,Burglary,2026-10,184
North Yorkshire,Burglary,2026-11,182
North Yorkshire,Burglary,2026-12,169
North Yorkshire,Burglary,2027-01,170
North Yorkshire,Burglary,2027-02,159
North Yorkshire,Criminal damage and arson,2026-03,394
North Yorkshire,Criminal damage and arson,2026-04,392
North Yorkshire,Criminal damage and arson,2026-05,400
North Yorkshire,Criminal damage and arson,2026-06,397
North Yorkshire,Criminal damage and arson,2026-07,410
North Yorkshire,Criminal damage and arson,2026-08,404
North Yorkshire,Criminal damage and arson,2026-09,388
North Yorkshire,Criminal damage and arson,2026-10,395
North Yorkshire,Criminal damage and arson,2026-11,381
North Yorkshire,Criminal damage and arson,2026-12,364
North Yorkshire,Criminal damage and arson,2027-01,355
North Yorkshire,Criminal damage and arson,2027-02,344
North Yorkshire,Drugs,2026-03,124
North Yorkshire,Drugs,2026-04,126
North Yorkshire,Drugs,2026-05,130
North Yorkshire,Drugs,2026-06,129
North Yorkshire,Drugs,2026-07,139
North Yorkshire,Drugs,2026-08,135
North Yorkshire,Drugs,2026-09,128
North Yorkshire,Drugs,2026-10,131
North Yorkshire,Drugs,2026-11,127
North Yorkshire,Drugs,2026-12,122
North Yorkshire,Drugs,2027-01,124
North Yorkshire,Drugs,2027-02,117
North Yorkshire,Other crime,2026-03,82
North Yorkshire,Other crime,2026-04,81
North Yorkshire,Other crime,2026-05,87
North Yorkshire,Other crime,2026-06,88
North Yorkshire,Other crime,2026-07,91
North Yorkshire,Other crime,2026-08,88
North Yorkshire,Other crime,2026-09,90
North Yorkshire,Other crime,2026-10,93
North Yorkshire,Other crime,2026-11,89
North Yorkshire,Other crime,2026-12,82
North Yorkshire,Other crime,2027-01,89
North Yorkshire,Other crime,2027-02,85
North Yorkshire,Other theft,2026-03,256
North Yorkshire,Other theft,2026-04,260
North Yorkshire,Other theft,2026-05,272
North Yorkshire,Other theft,2026-06,274
North Yorkshire,Other theft,2026-07,292
North Yorkshire,Other theft,2026-08,293
North Yorkshire,Other theft,2026-09,284
North Yorkshire,Other theft,2026-10,285
North Yorkshire,Other theft,2026-11,279
North Yorkshire,Other theft,2026-12,265
North Yorkshire,Other theft,2027-01,259
North Yorkshire,Other theft,2027-02,254
North Yorkshire,Possession of weapons,2026-03,46
North Yorkshire,Possession of weapons,2026-04,45
North Yorkshire,Possession of weapons,2026-05,47
North Yorkshire,Possession of weapons,2026-06,47
North Yorkshire,Possession of weapons,2026-07,50
North Yorkshire,Possession of weapons,2026-08,48
North Yorkshire,Possession of weapons,2026-09,46
North Yorkshire,Possession of weapons,2026-10,47
North Yorkshire,Possession of weapons,2026-11,44
North Yorkshire,Possession of weapons,2026-12,42
North Yorkshire,Possession of weapons,2027-01,44
North Yorkshire,Possession of weapons,2027-02,42
North Yorkshire,Public order,2026-03,268
North Yorkshire,Public order,2026-04,276
North Yorkshire,Public order,2026-05,309
North Yorkshire,Public order,2026-06,317
North Yorkshire,Public order,2026-07,338
North Yorkshire,Public order,2026-08,325
North Yorkshire,Public order,2026-09,309
North Yorkshire,Public order,2026-10,304
North Yorkshire,Public order,2026-11,285
North Yorkshire,Public order,2026-12,261
North Yorkshire,Public order,2027-01,268
North Yorkshire,Public order,2027-02,265
North Yorkshire,Robbery,2026-03,26
North Yorkshire,Robbery,2026-04,28
North Yorkshire,Robbery,2026-05,30
North Yorkshire,Robbery,2026-06,32
North Yorkshire,Robbery,2026-07,34
North Yorkshire,Robbery,2026-08,35
North Yorkshire,Robbery,2026-09,35
North Yorkshire,Robbery,2026-10,35
North Yorkshire,Robbery,2026-11,34
North Yorkshire,Robbery,2026-12,32
North Yorkshire,Robbery,2027-01,30
North Yorkshire,Robbery,2027-02,29
North Yorkshire,Shoplifting,2026-03,429
North Yorkshire,Shoplifting,2026-04,420
North Yorkshire,Shoplifting,2026-05,436
North Yorkshire,Shoplifting,2026-06,423
North Yorkshire,Shoplifting,2026-07,438
North Yorkshire,Shoplifting,2026-08,435
North Yorkshire,Shoplifting,2026-09,418
North Yorkshire,Shoplifting,2026-10,424
North Yorkshire,Shoplifting,2026-11,408
North Yorkshire,Shoplifting,2026-12,369
North Yorkshire,Shoplifting,2027-01,389
North Yorkshire,Shoplifting,2027-02,386
North Yorkshire,Theft from the person,2026-03,9
North Yorkshire,Theft from the person,2026-04,10
North Yorkshire,Theft from the person,2026-05,11
North Yorkshire,Theft from the person,2026-06,13
North Yorkshire,Theft from the person,2026-07,15
North Yorkshire,Theft from the person,2026-08,16
North Yorkshire,Theft from the person,2026-09,15
North Yorkshire,Theft from the person,2026-10,16
North Yorkshire,Theft from the person,2026-11,16
North Yorkshire,Theft from the person,2026-12,16
North Yorkshire,Theft from the person,2027-01,14
North Yorkshire,Theft from the person,2027-02,14
North Yorkshire,Vehicle crime,2026-03,123
North Yorkshire,Vehicle crime,2026-04,127
North Yorkshire,Vehicle crime,2026-05,134
North Yorkshire,Vehicle crime,2026-06,130
North Yorkshire,Vehicle crime,2026-07,138
North Yorkshire,Vehicle crime,2026-08,139
North Yorkshire,Vehicle crime,2026-09,136
North Yorkshire,Vehicle crime,2026-10,138
North Yorkshire,Vehicle crime,2026-11,134
North Yorkshire,Vehicle crime,2026-12,125
North Yorkshire,Vehicle crime,2027-01,126
North Yorkshire,Vehicle crime,2027-02,120
North Yorkshire,Violence and sexual offences,2026-03,1857
North Yorkshire,Violence and sexual offences,2026-04,1773
North Yorkshire,Violence and sexual offences,2026-05,1895
North Yorkshire,Violence and sexual offences,2026-06,1917
North Yorkshire,Violence and sexual offences,2026-07,2024
North Yorkshire,Violence and sexual offences,2026-08,1910
North Yorkshire,Violence and sexual offences,2026-09,1868
North Yorkshire,Violence and sexual offences,2026-10,1847
North Yorkshire,Violence and sexual offences,2026-11,1774
North Yorkshire,Violence and sexual offences,2026-12,1737
North Yorkshire,Violence and sexual offences,2027-01,1675
North Yorkshire,Violence and sexual offences,2027-02,1593
Northamptonshire,Anti-social behaviour,2026-03,1331
Northamptonshire,Anti-social behaviour,2026-04,1399
Northamptonshire,Anti-social behaviour,2026-05,1477
Northamptonshire,Anti-social behaviour,2026-06,1472
Northamptonshire,Anti-social behaviour,2026-07,1546
Northamptonshire,Anti-social behaviour,2026-08,1462
Northamptonshire,Anti-social behaviour,2026-09,1239
Northamptonshire,Anti-social behaviour,2026-10,1231
Northamptonshire,Anti-social behaviour,2026-11,1051
Northamptonshire,Anti-social behaviour,2026-12,933
Northamptonshire,Anti-social behaviour,2027-01,989
Northamptonshire,Anti-social behaviour,2027-02,1015
Northamptonshire,Bicycle theft,2026-03,29
Northamptonshire,Bicycle theft,2026-04,31
Northamptonshire,Bicycle theft,2026-05,35
Northamptonshire,Bicycle theft,2026-06,37
Northamptonshire,Bicycle theft,2026-07,39
Northamptonshire,Bicycle theft,2026-08,38
Northamptonshire,Bicycle theft,2026-09,37
Northamptonshire,Bicycle theft,2026-10,38
Northamptonshire,Bicycle theft,2026-11,32
Northamptonshire,Bicycle theft,2026-12,26
Northamptonshire,Bicycle theft,2027-01,29
Northamptonshire,Bicycle theft,2027-02,28
Northamptonshire,Burglary,2026-03,205
Northamptonshire,Burglary,2026-04,200
Northamptonshire,Burglary,2026-05,206
Northamptonshire,Burglary,2026-06,206
Northamptonshire,Burglary,2026-07,211
Northamptonshire,Burglary,2026-08,214
Northamptonshire,Burglary,2026-09,216
Northamptonshire,Burglary,2026-10,229
Northamptonshire,Burglary,2026-11,228
Northamptonshire,Burglary,2026-12,212
Northamptonshire,Burglary,2027-01,219
Northamptonshire,Burglary,2027-02,203
Northamptonshire,Criminal damage and arson,2026-03,362
Northamptonshire,Criminal damage and arson,2026-04,366
Northamptonshire,Criminal damage and arson,2026-05,377
Northamptonshire,Criminal damage and arson,2026-06,378
Northamptonshire,Criminal damage and arson,2026-07,395
Northamptonshire,Criminal damage and arson,2026-08,388
Northamptonshire,Criminal damage and arson,2026-09,364
Northamptonshire,Criminal damage and arson,2026-10,377
Northamptonshire,Criminal damage and arson,2026-11,368
Northamptonshire,Criminal damage and arson,2026-12,351
Northamptonshire,Criminal damage and arson,2027-01,352
Northamptonshire,Criminal damage and arson,2027-02,337
Northamptonshire,Drugs,2026-03,196
Northamptonshire,Drugs,2026-04,195
Northamptonshire,Drugs,2026-05,203
Northamptonshire,Drugs,2026-06,203
Northamptonshire,Drugs,2026-07,210
Northamptonshire,Drugs,2026-08,204
Northamptonshire,Drugs,2026-09,199
Northamptonshire,Drugs,2026-10,206
Northamptonshire,Drugs,2026-11,204
Northamptonshire,Drugs,2026-12,198
Northamptonshire,Drugs,2027-01,212
Northamptonshire,Drugs,2027-02,194
Northamptonshire,Other crime,2026-03,120
Northamptonshire,Other crime,2026-04,116
Northamptonshire,Other crime,2026-05,121
Northamptonshire,Other crime,2026-06,122
Northamptonshire,Other crime,2026-07,123
Northamptonshire,Other crime,2026-08,117
Northamptonshire,Other crime,2026-09,119
Northamptonshire,Other crime,2026-10,122
Northamptonshire,Other crime,2026-11,120
Northamptonshire,Other crime,2026-12,113
Northamptonshire,Other crime,2027-01,128
Northamptonshire,Other crime,2027-02,122
Northamptonshire,Other theft,2026-03,355
Northamptonshire,Other theft,2026-04,353
Northamptonshire,Other theft,2026-05,367
Northamptonshire,Other theft,2026-06,366
Northamptonshire,Other theft,2026-07,376
Northamptonshire,Other theft,2026-08,364
Northamptonshire,Other theft,2026-09,347
Northamptonshire,Other theft,2026-10,353
Northamptonshire,Other theft,2026-11,345
Northamptonshire,Other theft,2026-12,331
Northamptonshire,Other theft,2027-01,327
Northamptonshire,Other theft,2027-02,316
Northamptonshire,Possession of weapons,2026-03,88
Northamptonshire,Possession of weapons,2026-04,88
Northamptonshire,Possession of weapons,2026-05,93
Northamptonshire,Possession of weapons,2026-06,93
Northamptonshire,Possession of weapons,2026-07,96
Northamptonshire,Possession of weapons,2026-08,92
Northamptonshire,Possession of weapons,2026-09,88
Northamptonshire,Possession of weapons,2026-10,92
Northamptonshire,Possession of weapons,2026-11,85
Northamptonshire,Possession of weapons,2026-12,81
Northamptonshire,Possession of weapons,2027-01,86
Northamptonshire,Possession of weapons,2027-02,83
Northamptonshire,Public order,2026-03,348
Northamptonshire,Public order,2026-04,355
Northamptonshire,Public order,2026-05,383
Northamptonshire,Public order,2026-06,395
Northamptonshire,Public order,2026-07,414
Northamptonshire,Public order,2026-08,391
Northamptonshire,Public order,2026-09,366
Northamptonshire,Public order,2026-10,355
Northamptonshire,Public order,2026-11,330
Northamptonshire,Public order,2026-12,302
Northamptonshire,Public order,2027-01,316
Northamptonshire,Public order,2027-02,310
Northamptonshire,Robbery,2026-03,99
Northamptonshire,Robbery,2026-04,97
Northamptonshire,Robbery,2026-05,100
Northamptonshire,Robbery,2026-06,99
Northamptonshire,Robbery,2026-07,104
Northamptonshire,Robbery,2026-08,102
Northamptonshire,Robbery,2026-09,100
Northamptonshire,Robbery,2026-10,106
Northamptonshire,Robbery,2026-11,97
Northamptonshire,Robbery,2026-12,91
Northamptonshire,Robbery,2027-01,95
Northamptonshire,Robbery,2027-02,90
Northamptonshire,Shoplifting,2026-03,475
Northamptonshire,Shoplifting,2026-04,473
Northamptonshire,Shoplifting,2026-05,489
Northamptonshire,Shoplifting,2026-06,489
Northamptonshire,Shoplifting,2026-07,506
Northamptonshire,Shoplifting,2026-08,504
Northamptonshire,Shoplifting,2026-09,493
Northamptonshire,Shoplifting,2026-10,506
Northamptonshire,Shoplifting,2026-11,479
Northamptonshire,Shoplifting,2026-12,428
Northamptonshire,Shoplifting,2027-01,472
Northamptonshire,Shoplifting,2027-02,475
Northamptonshire,Theft from the person,2026-03,21
Northamptonshire,Theft from the person,2026-04,20
Northamptonshire,Theft from the person,2026-05,21
Northamptonshire,Theft from the person,2026-06,21
Northamptonshire,Theft from the person,2026-07,22
Northamptonshire,Theft from the person,2026-08,21
Northamptonshire,Theft from the person,2026-09,20
Northamptonshire,Theft from the person,2026-10,21
Northamptonshire,Theft from the person,2026-11,21
Northamptonshire,Theft from the person,2026-12,21
Northamptonshire,Theft from the person,2027-01,18
Northamptonshire,Theft from the person,2027-02,19
Northamptonshire,Vehicle crime,2026-03,359
Northamptonshire,Vehicle crime,2026-04,334
Northamptonshire,Vehicle crime,2026-05,332
Northamptonshire,Vehicle crime,2026-06,320
Northamptonshire,Vehicle crime,2026-07,324
Northamptonshire,Vehicle crime,2026-08,326
Northamptonshire,Vehicle crime,2026-09,331
Northamptonshire,Vehicle crime,2026-10,348
Northamptonshire,Vehicle crime,2026-11,340
Northamptonshire,Vehicle crime,2026-12,320
Northamptonshire,Vehicle crime,2027-01,337
Northamptonshire,Vehicle crime,2027-02,317
Northamptonshire,Violence and sexual offences,2026-03,2218
Northamptonshire,Violence and sexual offences,2026-04,2142
Northamptonshire,Violence and sexual offences,2026-05,2288
Northamptonshire,Violence and sexual offences,2026-06,2247
Northamptonshire,Violence and sexual offences,2026-07,2340
Northamptonshire,Violence and sexual offences,2026-08,2212
Northamptonshire,Violence and sexual offences,2026-09,2116
Northamptonshire,Violence and sexual offences,2026-10,2144
Northamptonshire,Violence and sexual offences,2026-11,2099
Northamptonshire,Violence and sexual offences,2026-12,2105
Northamptonshire,Violence and sexual offences,2027-01,2111
Northamptonshire,Violence and sexual offences,2027-02,2022
Northumbria,Anti-social behaviour,2026-03,2468
Northumbria,Anti-social behaviour,2026-04,2746
Northumbria,Anti-social behaviour,2026-05,2877
Northumbria,Anti-social behaviour,2026-06,2765
Northumbria,Anti-social behaviour,2026-07,2907
Northumbria,Anti-social behaviour,2026-08,2823
Northumbria,Anti-social behaviour,2026-09,2523
Northumbria,Anti-social behaviour,2026-10,2626
Northumbria,Anti-social behaviour,2026-11,2151
Northumbria,Anti-social behaviour,2026-12,1745
Northumbria,Anti-social behaviour,2027-01,1950
Northumbria,Anti-social behaviour,2027-02,1973
Northumbria,Bicycle theft,2026-03,64
Northumbria,Bicycle theft,2026-04,84
Northumbria,Bicycle theft,2026-05,86
Northumbria,Bicycle theft,2026-06,92
Northumbria,Bicycle theft,2026-07,101
Northumbria,Bicycle theft,2026-08,100
Northumbria,Bicycle theft,2026-09,102
Northumbria,Bicycle theft,2026-10,107
Northumbria,Bicycle theft,2026-11,84
Northumbria,Bicycle theft,2026-12,59
Northumbria,Bicycle theft,2027-01,70
Northumbria,Bicycle theft,2027-02,66
Northumbria,Burglary,2026-03,433
Northumbria,Burglary,2026-04,435
Northumbria,Burglary,2026-05,474
Northumbria,Burglary,2026-06,471
Northumbria,Burglary,2026-07,486
Northumbria,Burglary,2026-08,504
Northumbria,Burglary,2026-09,506
Northumbria,Burglary,2026-10,549
Northumbria,Burglary,2026-11,557
Northumbria,Burglary,2026-12,546
Northumbria,Burglary,2027-01,549
Northumbria,Burglary,2027-02,501
Northumbria,Criminal damage and arson,2026-03,1221
Northumbria,Criminal damage and arson,2026-04,1201
Northumbria,Criminal damage and arson,2026-05,1251
Northumbria,Criminal damage and arson,2026-06,1227
Northumbria,Criminal damage and arson,2026-07,1262
Northumbria,Criminal damage and arson,2026-08,1273
Northumbria,Criminal damage and arson,2026-09,1213
Northumbria,Criminal damage and arson,2026-10,1333
Northumbria,Criminal damage and arson,2026-11,1284
Northumbria,Criminal damage and arson,2026-12,1182
Northumbria,Criminal damage and arson,2027-01,1193
Northumbria,Criminal damage and arson,2027-02,1132
Northumbria,Drugs,2026-03,366
Northumbria,Drugs,2026-04,371
Northumbria,Drugs,2026-05,394
Northumbria,Drugs,2026-06,383
Northumbria,Drugs,2026-07,391
Northumbria,Drugs,2026-08,385
Northumbria,Drugs,2026-09,377
Northumbria,Drugs,2026-10,414
Northumbria,Drugs,2026-11,420
Northumbria,Drugs,2026-12,388
Northumbria,Drugs,2027-01,411
Northumbria,Drugs,2027-02,381
Northumbria,Other crime,2026-03,311
Northumbria,Other crime,2026-04,313
Northumbria,Other crime,2026-05,331
Northumbria,Other crime,2026-06,331
Northumbria,Other crime,2026-07,340
Northumbria,Other crime,2026-08,343
Northumbria,Other crime,2026-09,343
Northumbria,Other crime,2026-10,358
Northumbria,Other crime,2026-11,353
Northumbria,Other crime,2026-12,317
Northumbria,Other crime,2027-01,359
Northumbria,Other crime,2027-02,342
Northumbria,Other theft,2026-03,759
Northumbria,Other theft,2026-04,762
Northumbria,Other theft,2026-05,816
Northumbria,Other theft,2026-06,811
Northumbria,Other theft,2026-07,843
Northumbria,Other theft,2026-08,844
Northumbria,Other theft,2026-09,806
Northumbria,Other theft,2026-10,857
Northumbria,Other theft,2026-11,834
Northumbria,Other theft,2026-12,791
Northumbria,Other theft,2027-01,775
Northumbria,Other theft,2027-02,745
Northumbria,Possession of weapons,2026-03,132
Northumbria,Possession of weapons,2026-04,130
Northumbria,Possession of weapons,2026-05,136
Northumbria,Possession of weapons,2026-06,136
Northumbria,Possession of weapons,2026-07,140
Northumbria,Possession of weapons,2026-08,139
Northumbria,Possession of weapons,2026-09,134
Northumbria,Possession of weapons,2026-10,138
Northumbria,Possession of weapons,2026-11,130
Northumbria,Possession of weapons,2026-12,118
Northumbria,Possession of weapons,2027-01,123
Northumbria,Possession of weapons,2027-02,127
Northumbria,Public order,2026-03,970
Northumbria,Public order,2026-04,1037
Northumbria,Public order,2026-05,1125
Northumbria,Public order,2026-06,1146
Northumbria,Public order,2026-07,1221
Northumbria,Public order,2026-08,1174
Northumbria,Public order,2026-09,1125
Northumbria,Public order,2026-10,1143
Northumbria,Public order,2026-11,1030
Northumbria,Public order,2026-12,925
Northumbria,Public order,2027-01,984
Northumbria,Public order,2027-02,972
Northumbria,Robbery,2026-03,79
Northumbria,Robbery,2026-04,82
Northumbria,Robbery,2026-05,94
Northumbria,Robbery,2026-06,100
Northumbria,Robbery,2026-07,106
Northumbria,Robbery,2026-08,108
Northumbria,Robbery,2026-09,103
Northumbria,Robbery,2026-10,112
Northumbria,Robbery,2026-11,106
Northumbria,Robbery,2026-12,98
Northumbria,Robbery,2027-01,101
Northumbria,Robbery,2027-02,94
Northumbria,Shoplifting,2026-03,1638
Northumbria,Shoplifting,2026-04,1595
Northumbria,Shoplifting,2026-05,1615
Northumbria,Shoplifting,2026-06,1538
Northumbria,Shoplifting,2026-07,1564
Northumbria,Shoplifting,2026-08,1586
Northumbria,Shoplifting,2026-09,1534
Northumbria,Shoplifting,2026-10,1650
Northumbria,Shoplifting,2026-11,1538
Northumbria,Shoplifting,2026-12,1357
Northumbria,Shoplifting,2027-01,1533
Northumbria,Shoplifting,2027-02,1500
Northumbria,Theft from the person,2026-03,74
Northumbria,Theft from the person,2026-04,73
Northumbria,Theft from the person,2026-05,80
Northumbria,Theft from the person,2026-06,79
Northumbria,Theft from the person,2026-07,84
Northumbria,Theft from the person,2026-08,84
Northumbria,Theft from the person,2026-09,83
Northumbria,Theft from the person,2026-10,90
Northumbria,Theft from the person,2026-11,84
Northumbria,Theft from the person,2026-12,80
Northumbria,Theft from the person,2027-01,71
Northumbria,Theft from the person,2027-02,72
Northumbria,Vehicle crime,2026-03,362
Northumbria,Vehicle crime,2026-04,375
Northumbria,Vehicle crime,2026-05,381
Northumbria,Vehicle crime,2026-06,392
Northumbria,Vehicle crime,2026-07,407
Northumbria,Vehicle crime,2026-08,438
Northumbria,Vehicle crime,2026-09,450
Northumbria,Vehicle crime,2026-10,500
Northumbria,Vehicle crime,2026-11,497
Northumbria,Vehicle crime,2026-12,462
Northumbria,Vehicle crime,2027-01,481
Northumbria,Vehicle crime,2027-02,442
Northumbria,Violence and sexual offences,2026-03,4385
Northumbria,Violence and sexual offences,2026-04,4428
Northumbria,Violence and sexual offences,2026-05,4820
Northumbria,Violence and sexual offences,2026-06,4886
Northumbria,Violence and sexual offences,2026-07,5049
Northumbria,Violence and sexual offences,2026-08,4841
Northumbria,Violence and sexual offences,2026-09,4724
Northumbria,Violence and sexual offences,2026-10,4900
Northumbria,Violence and sexual offences,2026-11,4721
Northumbria,Violence and sexual offences,2026-12,4632
Northumbria,Violence and sexual offences,2027-01,4750
Northumbria,Violence and sexual offences,2027-02,4573
Nottinghamshire,Anti-social behaviour,2026-03,1650
Nottinghamshire,Anti-social behaviour,2026-04,1728
Nottinghamshire,Anti-social behaviour,2026-05,1780
Nottinghamshire,Anti-social behaviour,2026-06,1759
Nottinghamshire,Anti-social behaviour,2026-07,1886
Nottinghamshire,Anti-social behaviour,2026-08,1791
Nottinghamshire,Anti-social behaviour,2026-09,1512
Nottinghamshire,Anti-social behaviour,2026-10,1528
Nottinghamshire,Anti-social behaviour,2026-11,1311
Nottinghamshire,Anti-social behaviour,2026-12,1153
Nottinghamshire,Anti-social behaviour,2027-01,1204
Nottinghamshire,Anti-social behaviour,2027-02,1241
Nottinghamshire,Bicycle theft,2026-03,99
Nottinghamshire,Bicycle theft,2026-04,104
Nottinghamshire,Bicycle theft,2026-05,112
Nottinghamshire,Bicycle theft,2026-06,112
Nottinghamshire,Bicycle theft,2026-07,119
Nottinghamshire,Bicycle theft,2026-08,117
Nottinghamshire,Bicycle theft,2026-09,118
Nottinghamshire,Bicycle theft,2026-10,119
Nottinghamshire,Bicycle theft,2026-11,96
Nottinghamshire,Bicycle theft,2026-12,73
Nottinghamshire,Bicycle theft,2027-01,81
Nottinghamshire,Bicycle theft,2027-02,80
Nottinghamshire,Burglary,2026-03,342
Nottinghamshire,Burglary,2026-04,330
Nottinghamshire,Burglary,2026-05,335
Nottinghamshire,Burglary,2026-06,329
Nottinghamshire,Burglary,2026-07,331
Nottinghamshire,Burglary,2026-08,332
Nottinghamshire,Burglary,2026-09,333
Nottinghamshire,Burglary,2026-10,354
Nottinghamshire,Burglary,2026-11,359
Nottinghamshire,Burglary,2026-12,345
Nottinghamshire,Burglary,2027-01,354
Nottinghamshire,Burglary,2027-02,331
Nottinghamshire,Criminal damage and arson,2026-03,783
Nottinghamshire,Criminal damage and arson,2026-04,781
Nottinghamshire,Criminal damage and arson,2026-05,819
Nottinghamshire,Criminal damage and arson,2026-06,811
Nottinghamshire,Criminal damage and arson,2026-07,835
Nottinghamshire,Criminal damage and arson,2026-08,823
Nottinghamshire,Criminal damage and arson,2026-09,781
Nottinghamshire,Criminal damage and arson,2026-10,837
Nottinghamshire,Criminal damage and arson,2026-11,808
Nottinghamshire,Criminal damage and arson,2026-12,757
Nottinghamshire,Criminal damage and arson,2027-01,772
Nottinghamshire,Criminal damage and arson,2027-02,727
Nottinghamshire,Drugs,2026-03,349
Nottinghamshire,Drugs,2026-04,338
Nottinghamshire,Drugs,2026-05,344
Nottinghamshire,Drugs,2026-06,332
Nottinghamshire,Drugs,2026-07,334
Nottinghamshire,Drugs,2026-08,327
Nottinghamshire,Drugs,2026-09,316
Nottinghamshire,Drugs,2026-10,335
Nottinghamshire,Drugs,2026-11,335
Nottinghamshire,Drugs,2026-12,319
Nottinghamshire,Drugs,2027-01,338
Nottinghamshire,Drugs,2027-02,316
Nottinghamshire,Other crime,2026-03,414
Nottinghamshire,Other crime,2026-04,394
Nottinghamshire,Other crime,2026-05,403
Nottinghamshire,Other crime,2026-06,390
Nottinghamshire,Other crime,2026-07,392
Nottinghamshire,Other crime,2026-08,377
Nottinghamshire,Other crime,2026-09,377
Nottinghamshire,Other crime,2026-10,398
Nottinghamshire,Other crime,2026-11,391
Nottinghamshire,Other crime,2026-12,351
Nottinghamshire,Other crime,2027-01,394
Nottinghamshire,Other crime,2027-02,386
Nottinghamshire,Other theft,2026-03,609
Nottinghamshire,Other theft,2026-04,601
Nottinghamshire,Other theft,2026-05,646
Nottinghamshire,Other theft,2026-06,642
Nottinghamshire,Other theft,2026-07,655
Nottinghamshire,Other theft,2026-08,640
Nottinghamshire,Other theft,2026-09,616
Nottinghamshire,Other theft,2026-10,633
Nottinghamshire,Other theft,2026-11,627
Nottinghamshire,Other theft,2026-12,587
Nottinghamshire,Other theft,2027-01,591
Nottinghamshire,Other theft,2027-02,565
Nottinghamshire,Possession of weapons,2026-03,153
Nottinghamshire,Possession of weapons,2026-04,151
Nottinghamshire,Possession of weapons,2026-05,159
Nottinghamshire,Possession of weapons,2026-06,155
Nottinghamshire,Possession of weapons,2026-07,157
Nottinghamshire,Possession of weapons,2026-08,152
Nottinghamshire,Possession of weapons,2026-09,147
Nottinghamshire,Possession of weapons,2026-10,150
Nottinghamshire,Possession of weapons,2026-11,142
Nottinghamshire,Possession of weapons,2026-12,128
Nottinghamshire,Possession of weapons,2027-01,135
Nottinghamshire,Possession of weapons,2027-02,135
Nottinghamshire,Public order,2026-03,640
Nottinghamshire,Public order,2026-04,643
Nottinghamshire,Public order,2026-05,692
Nottinghamshire,Public order,2026-06,690
Nottinghamshire,Public order,2026-07,717
Nottinghamshire,Public order,2026-08,680
Nottinghamshire,Public order,2026-09,659
Nottinghamshire,Public order,2026-10,657
Nottinghamshire,Public order,2026-11,617
Nottinghamshire,Public order,2026-12,553
Nottinghamshire,Public order,2027-01,578
Nottinghamshire,Public order,2027-02,576
Nottinghamshire,Robbery,2026-03,168
Nottinghamshire,Robbery,2026-04,165
Nottinghamshire,Robbery,2026-05,171
Nottinghamshire,Robbery,2026-06,167
Nottinghamshire,Robbery,2026-07,170
Nottinghamshire,Robbery,2026-08,166
Nottinghamshire,Robbery,2026-09,166
Nottinghamshire,Robbery,2026-10,174
Nottinghamshire,Robbery,2026-11,171
Nottinghamshire,Robbery,2026-12,158
Nottinghamshire,Robbery,2027-01,163
Nottinghamshire,Robbery,2027-02,160
Nottinghamshire,Shoplifting,2026-03,1282
Nottinghamshire,Shoplifting,2026-04,1215
Nottinghamshire,Shoplifting,2026-05,1264
Nottinghamshire,Shoplifting,2026-06,1211
Nottinghamshire,Shoplifting,2026-07,1225
Nottinghamshire,Shoplifting,2026-08,1200
Nottinghamshire,Shoplifting,2026-09,1150
Nottinghamshire,Shoplifting,2026-10,1203
Nottinghamshire,Shoplifting,2026-11,1128
Nottinghamshire,Shoplifting,2026-12,1021
Nottinghamshire,Shoplifting,2027-01,1117
Nottinghamshire,Shoplifting,2027-02,1111
Nottinghamshire,Theft from the person,2026-03,82
Nottinghamshire,Theft from the person,2026-04,80
Nottinghamshire,Theft from the person,2026-05,87
Nottinghamshire,Theft from the person,2026-06,87
Nottinghamshire,Theft from the person,2026-07,89
Nottinghamshire,Theft from the person,2026-08,88
Nottinghamshire,Theft from the person,2026-09,90
Nottinghamshire,Theft from the person,2026-10,99
Nottinghamshire,Theft from the person,2026-11,95
Nottinghamshire,Theft from the person,2026-12,91
Nottinghamshire,Theft from the person,2027-01,78
Nottinghamshire,Theft from the person,2027-02,78
Nottinghamshire,Vehicle crime,2026-03,482
Nottinghamshire,Vehicle crime,2026-04,460
Nottinghamshire,Vehicle crime,2026-05,470
Nottinghamshire,Vehicle crime,2026-06,465
Nottinghamshire,Vehicle crime,2026-07,460
Nottinghamshire,Vehicle crime,2026-08,463
Nottinghamshire,Vehicle crime,2026-09,462
Nottinghamshire,Vehicle crime,2026-10,487
Nottinghamshire,Vehicle crime,2026-11,487
Nottinghamshire,Vehicle crime,2026-12,444
Nottinghamshire,Vehicle crime,2027-01,468
Nottinghamshire,Vehicle crime,2027-02,442
Nottinghamshire,Violence and sexual offences,2026-03,3509
Nottinghamshire,Violence and sexual offences,2026-04,3318
Nottinghamshire,Violence and sexual offences,2026-05,3539
Nottinghamshire,Violence and sexual offences,2026-06,3506
Nottinghamshire,Violence and sexual offences,2026-07,3563
Nottinghamshire,Violence and sexual offences,2026-08,3372
Nottinghamshire,Violence and sexual offences,2026-09,3159
Nottinghamshire,Violence and sexual offences,2026-10,3242
Nottinghamshire,Violence and sexual offences,2026-11,3109
Nottinghamshire,Violence and sexual offences,2026-12,2955
Nottinghamshire,Violence and sexual offences,2027-01,3030
Nottinghamshire,Violence and sexual offences,2027-02,2923
South Wales,Anti-social behaviour,2026-03,1194
South Wales,Anti-social behaviour,2026-04,1353
South Wales,Anti-social behaviour,2026-05,1483
South Wales,Anti-social behaviour,2026-06,1497
South Wales,Anti-social behaviour,2026-07,1619
South Wales,Anti-social behaviour,2026-08,1544
South Wales,Anti-social behaviour,2026-09,1356
South Wales,Anti-social behaviour,2026-10,1415
South Wales,Anti-social behaviour,2026-11,1173
South Wales,Anti-social behaviour,2026-12,1022
South Wales,Anti-social behaviour,2027-01,1070
South Wales,Anti-social behaviour,2027-02,1074
South Wales,Bicycle theft,2026-03,69
South Wales,Bicycle theft,2026-04,80
South Wales,Bicycle theft,2026-05,90
South Wales,Bicycle theft,2026-06,95
South Wales,Bicycle theft,2026-07,99
South Wales,Bicycle theft,2026-08,100
South Wales,Bicycle theft,2026-09,101
South Wales,Bicycle theft,2026-10,106
South Wales,Bicycle theft,2026-11,83
South Wales,Bicycle theft,2026-12,62
South Wales,Bicycle theft,2027-01,66
South Wales,Bicycle theft,2027-02,64
South Wales,Burglary,2026-03,256
South Wales,Burglary,2026-04,255
South Wales,Burglary,2026-05,263
South Wales,Burglary,2026-06,265
South Wales,Burglary,2026-07,269
South Wales,Burglary,2026-08,270
South Wales,Burglary,2026-09,273
South Wales,Burglary,2026-10,287
South Wales,Burglary,2026-11,287
South Wales,Burglary,2026-12,273
South Wales,Burglary,2027-01,277
South Wales,Burglary,2027-02,260
South Wales,Criminal damage and arson,2026-03,832
South Wales,Criminal damage and arson,2026-04,811
South Wales,Criminal damage and arson,2026-05,847
South Wales,Criminal damage and arson,2026-06,821
South Wales,Criminal damage and arson,2026-07,840
South Wales,Criminal damage and arson,2026-08,835
South Wales,Criminal damage and arson,2026-09,789
South Wales,Criminal damage and arson,2026-10,827
South Wales,Criminal damage and arson,2026-11,804
South Wales,Criminal damage and arson,2026-12,758
South Wales,Criminal damage and arson,2027-01,763
South Wales,Criminal damage and arson,2027-02,726
South Wales,Drugs,2026-03,348
South Wales,Drugs,2026-04,338
South Wales,Drugs,2026-05,345
South Wales,Drugs,2026-06,335
South Wales,Drugs,2026-07,333
South Wales,Drugs,2026-08,329
South Wales,Drugs,2026-09,318
South Wales,Drugs,2026-10,337
South Wales,Drugs,2026-11,333
South Wales,Drugs,2026-12,316
South Wales,Drugs,2027-01,329
South Wales,Drugs,2027-02,313
South Wales,Other crime,2026-03,284
South Wales,Other crime,2026-04,283
South Wales,Other crime,2026-05,291
South Wales,Other crime,2026-06,293
South Wales,Other crime,2026-07,298
South Wales,Other crime,2026-08,292
South Wales,Other crime,2026-09,291
South Wales,Other crime,2026-10,306
South Wales,Other crime,2026-11,298
South Wales,Other crime,2026-12,270
South Wales,Other crime,2027-01,297
South Wales,Other crime,2027-02,293
South Wales,Other theft,2026-03,554
South Wales,Other theft,2026-04,559
South Wales,Other theft,2026-05,586
South Wales,Other theft,2026-06,590
South Wales,Other theft,2026-07,599
South Wales,Other theft,2026-08,588
South Wales,Other theft,2026-09,568
South Wales,Other theft,2026-10,577
South Wales,Other theft,2026-11,556
South Wales,Other theft,2026-12,535
South Wales,Other theft,2027-01,531
South Wales,Other theft,2027-02,513
South Wales,Possession of weapons,2026-03,103
South Wales,Possession of weapons,2026-04,102
South Wales,Possession of weapons,2026-05,108
South Wales,Possession of weapons,2026-06,106
South Wales,Possession of weapons,2026-07,108
South Wales,Possession of weapons,2026-08,108
South Wales,Possession of weapons,2026-09,107
South Wales,Possession of weapons,2026-10,111
South Wales,Possession of weapons,2026-11,103
South Wales,Possession of weapons,2026-12,95
South Wales,Possession of weapons,2027-01,102
South Wales,Possession of weapons,2027-02,96
South Wales,Public order,2026-03,1132
South Wales,Public order,2026-04,1154
South Wales,Public order,2026-05,1256
South Wales,Public order,2026-06,1283
South Wales,Public order,2026-07,1328
South Wales,Public order,2026-08,1261
South Wales,Public order,2026-09,1187
South Wales,Public order,2026-10,1211
South Wales,Public order,2026-11,1078
South Wales,Public order,2026-12,967
South Wales,Public order,2027-01,993
South Wales,Public order,2027-02,996
South Wales,Robbery,2026-03,88
South Wales,Robbery,2026-04,90
South Wales,Robbery,2026-05,96
South Wales,Robbery,2026-06,96
South Wales,Robbery,2026-07,97
South Wales,Robbery,2026-08,97
South Wales,Robbery,2026-09,97
South Wales,Robbery,2026-10,102
South Wales,Robbery,2026-11,95
South Wales,Robbery,2026-12,93
South Wales,Robbery,2027-01,95
South Wales,Robbery,2027-02,91
South Wales,Shoplifting,2026-03,975
South Wales,Shoplifting,2026-04,957
South Wales,Shoplifting,2026-05,966
South Wales,Shoplifting,2026-06,922
South Wales,Shoplifting,2026-07,938
South Wales,Shoplifting,2026-08,940
South Wales,Shoplifting,2026-09,915
South Wales,Shoplifting,2026-10,961
South Wales,Shoplifting,2026-11,908
South Wales,Shoplifting,2026-12,836
South Wales,Shoplifting,2027-01,898
South Wales,Shoplifting,2027-02,913
South Wales,Theft from the person,2026-03,50
South Wales,Theft from the person,2026-04,55
South Wales,Theft from the person,2026-05,60
South Wales,Theft from the person,2026-06,64
South Wales,Theft from the person,2026-07,65
South Wales,Theft from the person,2026-08,64
South Wales,Theft from the person,2026-09,64
South Wales,Theft from the person,2026-10,68
South Wales,Theft from the person,2026-11,65
South Wales,Theft from the person,2026-12,63
South Wales,Theft from the person,2027-01,53
South Wales,Theft from the person,2027-02,51
South Wales,Vehicle crime,2026-03,491
South Wales,Vehicle crime,2026-04,478
South Wales,Vehicle crime,2026-05,489
South Wales,Vehicle crime,2026-06,491
South Wales,Vehicle crime,2026-07,497
South Wales,Vehicle crime,2026-08,508
South Wales,Vehicle crime,2026-09,513
South Wales,Vehicle crime,2026-10,534
South Wales,Vehicle crime,2026-11,524
South Wales,Vehicle crime,2026-12,487
South Wales,Vehicle crime,2027-01,502
South Wales,Vehicle crime,2027-02,469
South Wales,Violence and sexual offences,2026-03,3999
South Wales,Violence and sexual offences,2026-04,3835
South Wales,Violence and sexual offences,2026-05,4093
South Wales,Violence and sexual offences,2026-06,4141
South Wales,Violence and sexual offences,2026-07,4286
South Wales,Violence and sexual offences,2026-08,4086
South Wales,Violence and sexual offences,2026-09,4006
South Wales,Violence and sexual offences,2026-10,4122
South Wales,Violence and sexual offences,2026-11,3957
South Wales,Violence and sexual offences,2026-12,3854
South Wales,Violence and sexual offences,2027-01,3891
South Wales,Violence and sexual offences,2027-02,3694
South Yorkshire,Anti-social behaviour,2026-03,2100
South Yorkshire,Anti-social behaviour,2026-04,2322
South Yorkshire,Anti-social behaviour,2026-05,2463
South Yorkshire,Anti-social behaviour,2026-06,2446
South Yorkshire,Anti-social behaviour,2026-07,2607
South Yorkshire,Anti-social behaviour,2026-08,2453
South Yorkshire,Anti-social behaviour,2026-09,2153
South Yorkshire,Anti-social behaviour,2026-10,2240
South Yorkshire,Anti-social behaviour,2026-11,1876
South Yorkshire,Anti-social behaviour,2026-12,1623
South Yorkshire,Anti-social behaviour,2027-01,1743
South Yorkshire,Anti-social behaviour,2027-02,1737
South Yorkshire,Bicycle theft,2026-03,62
South Yorkshire,Bicycle theft,2026-04,69
South Yorkshire,Bicycle theft,2026-05,76
South Yorkshire,Bicycle theft,2026-06,80
South Yorkshire,Bicycle theft,2026-07,87
South Yorkshire,Bicycle theft,2026-08,91
South Yorkshire,Bicycle theft,2026-09,90
South Yorkshire,Bicycle theft,2026-10,92
South Yorkshire,Bicycle theft,2026-11,75
South Yorkshire,Bicycle theft,2026-12,58
South Yorkshire,Bicycle theft,2027-01,62
South Yorkshire,Bicycle theft,2027-02,61
South Yorkshire,Burglary,2026-03,681
South Yorkshire,Burglary,2026-04,646
South Yorkshire,Burglary,2026-05,642
South Yorkshire,Burglary,2026-06,620
South Yorkshire,Burglary,2026-07,629
South Yorkshire,Burglary,2026-08,634
South Yorkshire,Burglary,2026-09,637
South Yorkshire,Burglary,2026-10,686
South Yorkshire,Burglary,2026-11,697
South Yorkshire,Burglary,2026-12,670
South Yorkshire,Burglary,2027-01,671
South Yorkshire,Burglary,2027-02,605
South Yorkshire,Criminal damage and arson,2026-03,1142
South Yorkshire,Criminal damage and arson,2026-04,1123
South Yorkshire,Criminal damage and arson,2026-05,1134
South Yorkshire,Criminal damage and arson,2026-06,1100
South Yorkshire,Criminal damage and arson,2026-07,1137
South Yorkshire,Criminal damage and arson,2026-08,1136
South Yorkshire,Criminal damage and arson,2026-09,1099
South Yorkshire,Criminal damage and arson,2026-10,1187
South Yorkshire,Criminal damage and arson,2026-11,1144
South Yorkshire,Criminal damage and arson,2026-12,1076
South Yorkshire,Criminal damage and arson,2027-01,1060
South Yorkshire,Criminal damage and arson,2027-02,998
South Yorkshire,Drugs,2026-03,441
South Yorkshire,Drugs,2026-04,427
South Yorkshire,Drugs,2026-05,442
South Yorkshire,Drugs,2026-06,433
South Yorkshire,Drugs,2026-07,446
South Yorkshire,Drugs,2026-08,438
South Yorkshire,Drugs,2026-09,427
South Yorkshire,Drugs,2026-10,460
South Yorkshire,Drugs,2026-11,459
South Yorkshire,Drugs,2026-12,434
South Yorkshire,Drugs,2027-01,449
South Yorkshire,Drugs,2027-02,417
South Yorkshire,Other crime,2026-03,470
South Yorkshire,Other crime,2026-04,450
South Yorkshire,Other crime,2026-05,465
South Yorkshire,Other crime,2026-06,446
South Yorkshire,Other crime,2026-07,465
South Yorkshire,Other crime,2026-08,447
South Yorkshire,Other crime,2026-09,448
South Yorkshire,Other crime,2026-10,465
South Yorkshire,Other crime,2026-11,447
South Yorkshire,Other crime,2026-12,417
South Yorkshire,Other crime,2027-01,450
South Yorkshire,Other crime,2027-02,437
South Yorkshire,Other theft,2026-03,780
South Yorkshire,Other theft,2026-04,757
South Yorkshire,Other theft,2026-05,789
South Yorkshire,Other theft,2026-06,759
South Yorkshire,Other theft,2026-07,787
South Yorkshire,Other theft,2026-08,773
South Yorkshire,Other theft,2026-09,737
South Yorkshire,Other theft,2026-10,774
South Yorkshire,Other theft,2026-11,749
South Yorkshire,Other theft,2026-12,718
South Yorkshire,Other theft,2027-01,710
South Yorkshire,Other theft,2027-02,685
South Yorkshire,Possession of weapons,2026-03,183
South Yorkshire,Possession of weapons,2026-04,181
South Yorkshire,Possession of weapons,2026-05,189
South Yorkshire,Possession of weapons,2026-06,187
South Yorkshire,Possession of weapons,2026-07,197
South Yorkshire,Possession of weapons,2026-08,196
South Yorkshire,Possession of weapons,2026-09,193
South Yorkshire,Possession of weapons,2026-10,197
South Yorkshire,Possession of weapons,2026-11,189
South Yorkshire,Possession of weapons,2026-12,163
South Yorkshire,Possession of weapons,2027-01,178
South Yorkshire,Possession of weapons,2027-02,169
South Yorkshire,Public order,2026-03,938
South Yorkshire,Public order,2026-04,990
South Yorkshire,Public order,2026-05,1102
South Yorkshire,Public order,2026-06,1103
South Yorkshire,Public order,2026-07,1181
South Yorkshire,Public order,2026-08,1135
South Yorkshire,Public order,2026-09,1086
South Yorkshire,Public order,2026-10,1097
South Yorkshire,Public order,2026-11,1002
South Yorkshire,Public order,2026-12,918
South Yorkshire,Public order,2027-01,949
South Yorkshire,Public order,2027-02,942
South Yorkshire,Robbery,2026-03,170
South Yorkshire,Robbery,2026-04,174
South Yorkshire,Robbery,2026-05,184
South Yorkshire,Robbery,2026-06,181
South Yorkshire,Robbery,2026-07,188
South Yorkshire,Robbery,2026-08,187
South Yorkshire,Robbery,2026-09,187
South Yorkshire,Robbery,2026-10,197
South Yorkshire,Robbery,2026-11,190
South Yorkshire,Robbery,2026-12,174
South Yorkshire,Robbery,2027-01,176
South Yorkshire,Robbery,2027-02,169
South Yorkshire,Shoplifting,2026-03,1303
South Yorkshire,Shoplifting,2026-04,1239
South Yorkshire,Shoplifting,2026-05,1232
South Yorkshire,Shoplifting,2026-06,1178
South Yorkshire,Shoplifting,2026-07,1204
South Yorkshire,Shoplifting,2026-08,1209
South Yorkshire,Shoplifting,2026-09,1181
South Yorkshire,Shoplifting,2026-10,1237
South Yorkshire,Shoplifting,2026-11,1169
South Yorkshire,Shoplifting,2026-12,1076
South Yorkshire,Shoplifting,2027-01,1158
South Yorkshire,Shoplifting,2027-02,1153
South Yorkshire,Theft from the person,2026-03,73
South Yorkshire,Theft from the person,2026-04,75
South Yorkshire,Theft from the person,2026-05,79
South Yorkshire,Theft from the person,2026-06,81
South Yorkshire,Theft from the person,2026-07,87
South Yorkshire,Theft from the person,2026-08,86
South Yorkshire,Theft from the person,2026-09,88
South Yorkshire,Theft from the person,2026-10,95
South Yorkshire,Theft from the person,2026-11,93
South Yorkshire,Theft from the person,2026-12,91
South Yorkshire,Theft from the person,2027-01,77
South Yorkshire,Theft from the person,2027-02,74
South Yorkshire,Vehicle crime,2026-03,847
South Yorkshire,Vehicle crime,2026-04,820
South Yorkshire,Vehicle crime,2026-05,840
South Yorkshire,Vehicle crime,2026-06,816
South Yorkshire,Vehicle crime,2026-07,854
South Yorkshire,Vehicle crime,2026-08,864
South Yorkshire,Vehicle crime,2026-09,873
South Yorkshire,Vehicle crime,2026-10,951
South Yorkshire,Vehicle crime,2026-11,918
South Yorkshire,Vehicle crime,2026-12,834
South Yorkshire,Vehicle crime,2027-01,876
South Yorkshire,Vehicle crime,2027-02,798
South Yorkshire,Violence and sexual offences,2026-03,5171
South Yorkshire,Violence and sexual offences,2026-04,4839
South Yorkshire,Violence and sexual offences,2026-05,5178
South Yorkshire,Violence and sexual offences,2026-06,4979
South Yorkshire,Violence and sexual offences,2026-07,5120
South Yorkshire,Violence and sexual offences,2026-08,4863
South Yorkshire,Violence and sexual offences,2026-09,4748
South Yorkshire,Violence and sexual offences,2026-10,4871
South Yorkshire,Violence and sexual offences,2026-11,4719
South Yorkshire,Violence and sexual offences,2026-12,4641
South Yorkshire,Violence and sexual offences,2027-01,4637
South Yorkshire,Violence and sexual offences,2027-02,4422
Staffordshire,Anti-social behaviour,2026-03,1403
Staffordshire,Anti-social behaviour,2026-04,1474
Staffordshire,Anti-social behaviour,2026-05,1535
Staffordshire,Anti-social behaviour,2026-06,1582
Staffordshire,Anti-social behaviour,2026-07,1672
Staffordshire,Anti-social behaviour,2026-08,1568
Staffordshire,Anti-social behaviour,2026-09,1364
Staffordshire,Anti-social behaviour,2026-10,1355
Staffordshire,Anti-social behaviour,2026-11,1131
Staffordshire,Anti-social behaviour,2026-12,972
Staffordshire,Anti-social behaviour,2027-01,1056
Staffordshire,Anti-social behaviour,2027-02,1082
Staffordshire,Bicycle theft,2026-03,51
Staffordshire,Bicycle theft,2026-04,57
Staffordshire,Bicycle theft,2026-05,63
Staffordshire,Bicycle theft,2026-06,67
Staffordshire,Bicycle theft,2026-07,73
Staffordshire,Bicycle theft,2026-08,74
Staffordshire,Bicycle theft,2026-09,75
Staffordshire,Bicycle theft,2026-10,77
Staffordshire,Bicycle theft,2026-11,60
Staffordshire,Bicycle theft,2026-12,47
Staffordshire,Bicycle theft,2027-01,53
Staffordshire,Bicycle theft,2027-02,52
Staffordshire,Burglary,2026-03,326
Staffordshire,Burglary,2026-04,315
Staffordshire,Burglary,2026-05,317
Staffordshire,Burglary,2026-06,318
Staffordshire,Burglary,2026-07,321
Staffordshire,Burglary,2026-08,320
Staffordshire,Burglary,2026-09,317
Staffordshire,Burglary,2026-10,332
Staffordshire,Burglary,2026-11,325
Staffordshire,Burglary,2026-12,313
Staffordshire,Burglary,2027-01,330
Staffordshire,Burglary,2027-02,304
Staffordshire,Criminal damage and arson,2026-03,625
Staffordshire,Criminal damage and arson,2026-04,629
Staffordshire,Criminal damage and arson,2026-05,627
Staffordshire,Criminal damage and arson,2026-06,625
Staffordshire,Criminal damage and arson,2026-07,639
Staffordshire,Criminal damage and arson,2026-08,627
Staffordshire,Criminal damage and arson,2026-09,605
Staffordshire,Criminal damage and arson,2026-10,623
Staffordshire,Criminal damage and arson,2026-11,608
Staffordshire,Criminal damage and arson,2026-12,575
Staffordshire,Criminal damage and arson,2027-01,587
Staffordshire,Criminal damage and arson,2027-02,562
Staffordshire,Drugs,2026-03,252
Staffordshire,Drugs,2026-04,256
Staffordshire,Drugs,2026-05,254
Staffordshire,Drugs,2026-06,257
Staffordshire,Drugs,2026-07,264
Staffordshire,Drugs,2026-08,261
Staffordshire,Drugs,2026-09,261
Staffordshire,Drugs,2026-10,275
Staffordshire,Drugs,2026-11,272
Staffordshire,Drugs,2026-12,255
Staffordshire,Drugs,2027-01,284
Staffordshire,Drugs,2027-02,265
Staffordshire,Other crime,2026-03,215
Staffordshire,Other crime,2026-04,207
Staffordshire,Other crime,2026-05,209
Staffordshire,Other crime,2026-06,210
Staffordshire,Other crime,2026-07,211
Staffordshire,Other crime,2026-08,204
Staffordshire,Other crime,2026-09,209
Staffordshire,Other crime,2026-10,214
Staffordshire,Other crime,2026-11,210
Staffordshire,Other crime,2026-12,187
Staffordshire,Other crime,2027-01,223
Staffordshire,Other crime,2027-02,216
Staffordshire,Other theft,2026-03,524
Staffordshire,Other theft,2026-04,517
Staffordshire,Other theft,2026-05,522
Staffordshire,Other theft,2026-06,524
Staffordshire,Other theft,2026-07,538
Staffordshire,Other theft,2026-08,524
Staffordshire,Other theft,2026-09,508
Staffordshire,Other theft,2026-10,509
Staffordshire,Other theft,2026-11,495
Staffordshire,Other theft,2026-12,476
Staffordshire,Other theft,2027-01,488
Staffordshire,Other theft,2027-02,471
Staffordshire,Possession of weapons,2026-03,97
Staffordshire,Possession of weapons,2026-04,99
Staffordshire,Possession of weapons,2026-05,103
Staffordshire,Possession of weapons,2026-06,107
Staffordshire,Possession of weapons,2026-07,110
Staffordshire,Possession of weapons,2026-08,106
Staffordshire,Possession of weapons,2026-09,104
Staffordshire,Possession of weapons,2026-10,108
Staffordshire,Possession of weapons,2026-11,97
Staffordshire,Possession of weapons,2026-12,88
Staffordshire,Possession of weapons,2027-01,98
Staffordshire,Possession of weapons,2027-02,92
Staffordshire,Public order,2026-03,718
Staffordshire,Public order,2026-04,726
Staffordshire,Public order,2026-05,774
Staffordshire,Public order,2026-06,781
Staffordshire,Public order,2026-07,806
Staffordshire,Public order,2026-08,769
Staffordshire,Public order,2026-09,739
Staffordshire,Public order,2026-10,727
Staffordshire,Public order,2026-11,675
Staffordshire,Public order,2026-12,601
Staffordshire,Public order,2027-01,651
Staffordshire,Public order,2027-02,637
Staffordshire,Robbery,2026-03,99
Staffordshire,Robbery,2026-04,100
Staffordshire,Robbery,2026-05,104
Staffordshire,Robbery,2026-06,106
Staffordshire,Robbery,2026-07,105
Staffordshire,Robbery,2026-08,105
Staffordshire,Robbery,2026-09,104
Staffordshire,Robbery,2026-10,105
Staffordshire,Robbery,2026-11,96
Staffordshire,Robbery,2026-12,92
Staffordshire,Robbery,2027-01,99
Staffordshire,Robbery,2027-02,94
Staffordshire,Shoplifting,2026-03,611
Staffordshire,Shoplifting,2026-04,590
Staffordshire,Shoplifting,2026-05,605
Staffordshire,Shoplifting,2026-06,591
Staffordshire,Shoplifting,2026-07,603
Staffordshire,Shoplifting,2026-08,595
Staffordshire,Shoplifting,2026-09,590
Staffordshire,Shoplifting,2026-10,609
Staffordshire,Shoplifting,2026-11,577
Staffordshire,Shoplifting,2026-12,511
Staffordshire,Shoplifting,2027-01,598
Staffordshire,Shoplifting,2027-02,597
Staffordshire,Theft from the person,2026-03,22
Staffordshire,Theft from the person,2026-04,22
Staffordshire,Theft from the person,2026-05,23
Staffordshire,Theft from the person,2026-06,23
Staffordshire,Theft from the person,2026-07,24
Staffordshire,Theft from the person,2026-08,24
Staffordshire,Theft from the person,2026-09,24
Staffordshire,Theft from the person,2026-10,25
Staffordshire,Theft from the person,2026-11,25
Staffordshire,Theft from the person,2026-12,25
Staffordshire,Theft from the person,2027-01,22
Staffordshire,Theft from the person,2027-02,23
Staffordshire,Vehicle crime,2026-03,453
Staffordshire,Vehicle crime,2026-04,442
Staffordshire,Vehicle crime,2026-05,444
Staffordshire,Vehicle crime,2026-06,442
Staffordshire,Vehicle crime,2026-07,433
Staffordshire,Vehicle crime,2026-08,432
Staffordshire,Vehicle crime,2026-09,436
Staffordshire,Vehicle crime,2026-10,447
Staffordshire,Vehicle crime,2026-11,430
Staffordshire,Vehicle crime,2026-12,392
Staffordshire,Vehicle crime,2027-01,428
Staffordshire,Vehicle crime,2027-02,397
Staffordshire,Violence and sexual offences,2026-03,3779
Staffordshire,Violence and sexual offences,2026-04,3582
Staffordshire,Violence and sexual offences,2026-05,3764
Staffordshire,Violence and sexual offences,2026-06,3723
Staffordshire,Violence and sexual offences,2026-07,3797
Staffordshire,Violence and sexual offences,2026-08,3503
Staffordshire,Violence and sexual offences,2026-09,3342
Staffordshire,Violence and sexual offences,2026-10,3388
Staffordshire,Violence and sexual offences,2026-11,3274
Staffordshire,Violence and sexual offences,2026-12,3161
Staffordshire,Violence and sexual offences,2027-01,3282
Staffordshire,Violence and sexual offences,2027-02,3144
Suffolk,Anti-social behaviour,2026-03,325
Suffolk,Anti-social behaviour,2026-04,345
Suffolk,Anti-social behaviour,2026-05,354
Suffolk,Anti-social behaviour,2026-06,369
Suffolk,Anti-social behaviour,2026-07,388
Suffolk,Anti-social behaviour,2026-08,370
Suffolk,Anti-social behaviour,2026-09,327
Suffolk,Anti-social behaviour,2026-10,321
Suffolk,Anti-social behaviour,2026-11,283
Suffolk,Anti-social behaviour,2026-12,240
Suffolk,Anti-social behaviour,2027-01,253
Suffolk,Anti-social behaviour,2027-02,252
Suffolk,Bicycle theft,2026-03,30
Suffolk,Bicycle theft,2026-04,30
Suffolk,Bicycle theft,2026-05,35
Suffolk,Bicycle theft,2026-06,39
Suffolk,Bicycle theft,2026-07,40
Suffolk,Bicycle theft,2026-08,38
Suffolk,Bicycle theft,2026-09,38
Suffolk,Bicycle theft,2026-10,36
Suffolk,Bicycle theft,2026-11,30
Suffolk,Bicycle theft,2026-12,26
Suffolk,Bicycle theft,2027-01,27
Suffolk,Bicycle theft,2027-02,28
Suffolk,Burglary,2026-03,173
Suffolk,Burglary,2026-04,164
Suffolk,Burglary,2026-05,162
Suffolk,Burglary,2026-06,160
Suffolk,Burglary,2026-07,160
Suffolk,Burglary,2026-08,158
Suffolk,Burglary,2026-09,154
Suffolk,Burglary,2026-10,162
Suffolk,Burglary,2026-11,161
Suffolk,Burglary,2026-12,154
Suffolk,Burglary,2027-01,164
Suffolk,Burglary,2027-02,152
Suffolk,Criminal damage and arson,2026-03,358
Suffolk,Criminal damage and arson,2026-04,362
Suffolk,Criminal damage and arson,2026-05,367
Suffolk,Criminal damage and arson,2026-06,369
Suffolk,Criminal damage and arson,2026-07,380
Suffolk,Criminal damage and arson,2026-08,373
Suffolk,Criminal damage and arson,2026-09,354
Suffolk,Criminal damage and arson,2026-10,361
Suffolk,Criminal damage and arson,2026-11,342
Suffolk,Criminal damage and arson,2026-12,325
Suffolk,Criminal damage and arson,2027-01,325
Suffolk,Criminal damage and arson,2027-02,311
Suffolk,Drugs,2026-03,110
Suffolk,Drugs,2026-04,105
Suffolk,Drugs,2026-05,108
Suffolk,Drugs,2026-06,109
Suffolk,Drugs,2026-07,112
Suffolk,Drugs,2026-08,111
Suffolk,Drugs,2026-09,108
Suffolk,Drugs,2026-10,115
Suffolk,Drugs,2026-11,112
Suffolk,Drugs,2026-12,106
Suffolk,Drugs,2027-01,109
Suffolk,Drugs,2027-02,102
Suffolk,Other crime,2026-03,134
Suffolk,Other crime,2026-04,129
Suffolk,Other crime,2026-05,131
Suffolk,Other crime,2026-06,130
Suffolk,Other crime,2026-07,128
Suffolk,Other crime,2026-08,121
Suffolk,Other crime,2026-09,126
Suffolk,Other crime,2026-10,134
Suffolk,Other crime,2026-11,126
Suffolk,Other crime,2026-12,117
Suffolk,Other crime,2027-01,128
Suffolk,Other crime,2027-02,125
Suffolk,Other theft,2026-03,268
Suffolk,Other theft,2026-04,270
Suffolk,Other theft,2026-05,278
Suffolk,Other theft,2026-06,290
Suffolk,Other theft,2026-07,307
Suffolk,Other theft,2026-08,298
Suffolk,Other theft,2026-09,285
Suffolk,Other theft,2026-10,287
Suffolk,Other theft,2026-11,275
Suffolk,Other theft,2026-12,261
Suffolk,Other theft,2027-01,258
Suffolk,Other theft,2027-02,250
Suffolk,Possession of weapons,2026-03,59
Suffolk,Possession of weapons,2026-04,59
Suffolk,Possession of weapons,2026-05,61
Suffolk,Possession of weapons,2026-06,63
Suffolk,Possession of weapons,2026-07,64
Suffolk,Possession of weapons,2026-08,62
Suffolk,Possession of weapons,2026-09,59
Suffolk,Possession of weapons,2026-10,61
Suffolk,Possession of weapons,2026-11,53
Suffolk,Possession of weapons,2026-12,47
Suffolk,Possession of weapons,2027-01,51
Suffolk,Possession of weapons,2027-02,51
Suffolk,Public order,2026-03,237
Suffolk,Public order,2026-04,246
Suffolk,Public order,2026-05,266
Suffolk,Public order,2026-06,284
Suffolk,Public order,2026-07,303
Suffolk,Public order,2026-08,292
Suffolk,Public order,2026-09,278
Suffolk,Public order,2026-10,266
Suffolk,Public order,2026-11,249
Suffolk,Public order,2026-12,226
Suffolk,Public order,2027-01,232
Suffolk,Public order,2027-02,230
Suffolk,Robbery,2026-03,23
Suffolk,Robbery,2026-04,23
Suffolk,Robbery,2026-05,24
Suffolk,Robbery,2026-06,25
Suffolk,Robbery,2026-07,27
Suffolk,Robbery,2026-08,26
Suffolk,Robbery,2026-09,26
Suffolk,Robbery,2026-10,26
Suffolk,Robbery,2026-11,24
Suffolk,Robbery,2026-12,22
Suffolk,Robbery,2027-01,23
Suffolk,Robbery,2027-02,21
Suffolk,Shoplifting,2026-03,388
Suffolk,Shoplifting,2026-04,370
Suffolk,Shoplifting,2026-05,370
Suffolk,Shoplifting,2026-06,364
Suffolk,Shoplifting,2026-07,367
Suffolk,Shoplifting,2026-08,367
Suffolk,Shoplifting,2026-09,355
Suffolk,Shoplifting,2026-10,367
Suffolk,Shoplifting,2026-11,348
Suffolk,Shoplifting,2026-12,314
Suffolk,Shoplifting,2027-01,339
Suffolk,Shoplifting,2027-02,337
Suffolk,Theft from the person,2026-03,23
Suffolk,Theft from the person,2026-04,22
Suffolk,Theft from the person,2026-05,23
Suffolk,Theft from the person,2026-06,24
Suffolk,Theft from the person,2026-07,25
Suffolk,Theft from the person,2026-08,24
Suffolk,Theft from the person,2026-09,23
Suffolk,Theft from the person,2026-10,24
Suffolk,Theft from the person,2026-11,23
Suffolk,Theft from the person,2026-12,24
Suffolk,Theft from the person,2027-01,20
Suffolk,Theft from the person,2027-02,21
Suffolk,Vehicle crime,2026-03,202
Suffolk,Vehicle crime,2026-04,192
Suffolk,Vehicle crime,2026-05,186
Suffolk,Vehicle crime,2026-06,182
Suffolk,Vehicle crime,2026-07,180
Suffolk,Vehicle crime,2026-08,180
Suffolk,Vehicle crime,2026-09,178
Suffolk,Vehicle crime,2026-10,187
Suffolk,Vehicle crime,2026-11,184
Suffolk,Vehicle crime,2026-12,175
Suffolk,Vehicle crime,2027-01,186
Suffolk,Vehicle crime,2027-02,174
Suffolk,Violence and sexual offences,2026-03,1844
Suffolk,Violence and sexual offences,2026-04,1766
Suffolk,Violence and sexual offences,2026-05,1850
Suffolk,Violence and sexual offences,2026-06,1865
Suffolk,Violence and sexual offences,2026-07,1929
Suffolk,Violence and sexual offences,2026-08,1799
Suffolk,Violence and sexual offences,2026-09,1745
Suffolk,Violence and sexual offences,2026-10,1795
Suffolk,Violence and sexual offences,2026-11,1710
Suffolk,Violence and sexual offences,2026-12,1629
Suffolk,Violence and sexual offences,2027-01,1646
Suffolk,Violence and sexual offences,2027-02,1561
Surrey,Anti-social behaviour,2026-03,1006
Surrey,Anti-social behaviour,2026-04,1148
Surrey,Anti-social behaviour,2026-05,1234
Surrey,Anti-social behaviour,2026-06,1275
Surrey,Anti-social behaviour,2026-07,1348
Surrey,Anti-social behaviour,2026-08,1303
Surrey,Anti-social behaviour,2026-09,1155
Surrey,Anti-social behaviour,2026-10,1159
Surrey,Anti-social behaviour,2026-11,1010
Surrey,Anti-social behaviour,2026-12,906
Surrey,Anti-social behaviour,2027-01,955
Surrey,Anti-social behaviour,2027-02,950
Surrey,Bicycle theft,2026-03,44
Surrey,Bicycle theft,2026-04,48
Surrey,Bicycle theft,2026-05,55
Surrey,Bicycle theft,2026-06,59
Surrey,Bicycle theft,2026-07,62
Surrey,Bicycle theft,2026-08,63
Surrey,Bicycle theft,2026-09,61
Surrey,Bicycle theft,2026-10,64
Surrey,Bicycle theft,2026-11,52
Surrey,Bicycle theft,2026-12,44
Surrey,Bicycle theft,2027-01,46
Surrey,Bicycle theft,2027-02,46
Surrey,Burglary,2026-03,270
Surrey,Burglary,2026-04,259
Surrey,Burglary,2026-05,264
Surrey,Burglary,2026-06,262
Surrey,Burglary,2026-07,266
Surrey,Burglary,2026-08,268
Surrey,Burglary,2026-09,269
Surrey,Burglary,2026-10,296
Surrey,Burglary,2026-11,305
Surrey,Burglary,2026-12,288
Surrey,Burglary,2027-01,296
Surrey,Burglary,2027-02,275
Surrey,Criminal damage and arson,2026-03,555
Surrey,Criminal damage and arson,2026-04,555
Surrey,Criminal damage and arson,2026-05,575
Surrey,Criminal damage and arson,2026-06,569
Surrey,Criminal damage and arson,2026-07,580
Surrey,Criminal damage and arson,2026-08,577
Surrey,Criminal damage and arson,2026-09,546
Surrey,Criminal damage and arson,2026-10,585
Surrey,Criminal damage and arson,2026-11,561
Surrey,Criminal damage and arson,2026-12,529
Surrey,Criminal damage and arson,2027-01,531
Surrey,Criminal damage and arson,2027-02,506
Surrey,Drugs,2026-03,272
Surrey,Drugs,2026-04,260
Surrey,Drugs,2026-05,269
Surrey,Drugs,2026-06,263
Surrey,Drugs,2026-07,265
Surrey,Drugs,2026-08,259
Surrey,Drugs,2026-09,256
Surrey,Drugs,2026-10,284
Surrey,Drugs,2026-11,282
Surrey,Drugs,2026-12,267
Surrey,Drugs,2027-01,277
Surrey,Drugs,2027-02,258
Surrey,Other crime,2026-03,228
Surrey,Other crime,2026-04,212
Surrey,Other crime,2026-05,218
Surrey,Other crime,2026-06,214
Surrey,Other crime,2026-07,214
Surrey,Other crime,2026-08,206
Surrey,Other crime,2026-09,204
Surrey,Other crime,2026-10,220
Surrey,Other crime,2026-11,212
Surrey,Other crime,2026-12,191
Surrey,Other crime,2027-01,214
Surrey,Other crime,2027-02,212
Surrey,Other theft,2026-03,530
Surrey,Other theft,2026-04,520
Surrey,Other theft,2026-05,535
Surrey,Other theft,2026-06,539
Surrey,Other theft,2026-07,552
Surrey,Other theft,2026-08,544
Surrey,Other theft,2026-09,519
Surrey,Other theft,2026-10,536
Surrey,Other theft,2026-11,526
Surrey,Other theft,2026-12,505
Surrey,Other theft,2027-01,493
Surrey,Other theft,2027-02,476
Surrey,Possession of weapons,2026-03,83
Surrey,Possession of weapons,2026-04,80
Surrey,Possession of weapons,2026-05,84
Surrey,Possession of weapons,2026-06,82
Surrey,Possession of weapons,2026-07,85
Surrey,Possession of weapons,2026-08,85
Surrey,Possession of weapons,2026-09,82
Surrey,Possession of weapons,2026-10,85
Surrey,Possession of weapons,2026-11,81
Surrey,Possession of weapons,2026-12,75
Surrey,Possession of weapons,2027-01,80
Surrey,Possession of weapons,2027-02,77
Surrey,Public order,2026-03,663
Surrey,Public order,2026-04,669
Surrey,Public order,2026-05,733
Surrey,Public order,2026-06,761
Surrey,Public order,2026-07,781
Surrey,Public order,2026-08,738
Surrey,Public order,2026-09,706
Surrey,Public order,2026-10,710
Surrey,Public order,2026-11,655
Surrey,Public order,2026-12,584
Surrey,Public order,2027-01,597
Surrey,Public order,2027-02,591
Surrey,Robbery,2026-03,54
Surrey,Robbery,2026-04,52
Surrey,Robbery,2026-05,55
Surrey,Robbery,2026-06,57
Surrey,Robbery,2026-07,58
Surrey,Robbery,2026-08,58
Surrey,Robbery,2026-09,56
Surrey,Robbery,2026-10,59
Surrey,Robbery,2026-11,58
Surrey,Robbery,2026-12,54
Surrey,Robbery,2027-01,54
Surrey,Robbery,2027-02,52
Surrey,Shoplifting,2026-03,549
Surrey,Shoplifting,2026-04,530
Surrey,Shoplifting,2026-05,547
Surrey,Shoplifting,2026-06,539
Surrey,Shoplifting,2026-07,544
Surrey,Shoplifting,2026-08,548
Surrey,Shoplifting,2026-09,541
Surrey,Shoplifting,2026-10,564
Surrey,Shoplifting,2026-11,547
Surrey,Shoplifting,2026-12,495
Surrey,Shoplifting,2027-01,542
Surrey,Shoplifting,2027-02,535
Surrey,Theft from the person,2026-03,41
Surrey,Theft from the person,2026-04,40
Surrey,Theft from the person,2026-05,42
Surrey,Theft from the person,2026-06,44
Surrey,Theft from the person,2026-07,45
Surrey,Theft from the person,2026-08,44
Surrey,Theft from the person,2026-09,44
Surrey,Theft from the person,2026-10,48
Surrey,Theft from the person,2026-11,47
Surrey,Theft from the person,2026-12,46
Surrey,Theft from the person,2027-01,40
Surrey,Theft from the person,2027-02,39
Surrey,Vehicle crime,2026-03,356
Surrey,Vehicle crime,2026-04,347
Surrey,Vehicle crime,2026-05,356
Surrey,Vehicle crime,2026-06,351
Surrey,Vehicle crime,2026-07,353
Surrey,Vehicle crime,2026-08,357
Surrey,Vehicle crime,2026-09,366
Surrey,Vehicle crime,2026-10,387
Surrey,Vehicle crime,2026-11,377
Surrey,Vehicle crime,2026-12,351
Surrey,Vehicle crime,2027-01,365
Surrey,Vehicle crime,2027-02,340
Surrey,Violence and sexual offences,2026-03,2572
Surrey,Violence and sexual offences,2026-04,2513
Surrey,Violence and sexual offences,2026-05,2759
Surrey,Violence and sexual offences,2026-06,2729
Surrey,Violence and sexual offences,2026-07,2787
Surrey,Violence and sexual offences,2026-08,2704
Surrey,Violence and sexual offences,2026-09,2623
Surrey,Violence and sexual offences,2026-10,2667
Surrey,Violence and sexual offences,2026-11,2532
Surrey,Violence and sexual offences,2026-12,2500
Surrey,Violence and sexual offences,2027-01,2470
Surrey,Violence and sexual offences,2027-02,2350
Sussex,Anti-social behaviour,2026-03,2634
Sussex,Anti-social behaviour,2026-04,2853
Sussex,Anti-social behaviour,2026-05,3015
Sussex,Anti-social behaviour,2026-06,3067
Sussex,Anti-social behaviour,2026-07,3325
Sussex,Anti-social behaviour,2026-08,3046
Sussex,Anti-social behaviour,2026-09,2551
Sussex,Anti-social behaviour,2026-10,2446
Sussex,Anti-social behaviour,2026-11,2095
Sussex,Anti-social behaviour,2026-12,1799
Sussex,Anti-social behaviour,2027-01,1937
Sussex,Anti-social behaviour,2027-02,1930
Sussex,Bicycle theft,2026-03,94
Sussex,Bicycle theft,2026-04,101
Sussex,Bicycle theft,2026-05,113
Sussex,Bicycle theft,2026-06,122
Sussex,Bicycle theft,2026-07,134
Sussex,Bicycle theft,2026-08,133
Sussex,Bicycle theft,2026-09,127
Sussex,Bicycle theft,2026-10,128
Sussex,Bicycle theft,2026-11,102
Sussex,Bicycle theft,2026-12,75
Sussex,Bicycle theft,2027-01,84
Sussex,Bicycle theft,2027-02,80
Sussex,Burglary,2026-03,385
Sussex,Burglary,2026-04,374
Sussex,Burglary,2026-05,374
Sussex,Burglary,2026-06,369
Sussex,Burglary,2026-07,381
Sussex,Burglary,2026-08,387
Sussex,Burglary,2026-09,381
Sussex,Burglary,2026-10,402
Sussex,Burglary,2026-11,399
Sussex,Burglary,2026-12,379
Sussex,Burglary,2027-01,391
Sussex,Burglary,2027-02,356
Sussex,Criminal damage and arson,2026-03,1011
Sussex,Criminal damage and arson,2026-04,998
Sussex,Criminal damage and arson,2026-05,1041
Sussex,Criminal damage and arson,2026-06,1024
Sussex,Criminal damage and arson,2026-07,1069
Sussex,Criminal damage and arson,2026-08,1051
Sussex,Criminal damage and arson,2026-09,987
Sussex,Criminal damage and arson,2026-10,1062
Sussex,Criminal damage and arson,2026-11,1011
Sussex,Criminal damage and arson,2026-12,944
Sussex,Criminal damage and arson,2027-01,964
Sussex,Criminal damage and arson,2027-02,911
Sussex,Drugs,2026-03,444
Sussex,Drugs,2026-04,428
Sussex,Drugs,2026-05,445
Sussex,Drugs,2026-06,435
Sussex,Drugs,2026-07,455
Sussex,Drugs,2026-08,444
Sussex,Drugs,2026-09,433
Sussex,Drugs,2026-10,461
Sussex,Drugs,2026-11,446
Sussex,Drugs,2026-12,426
Sussex,Drugs,2027-01,438
Sussex,Drugs,2027-02,406
Sussex,Other crime,2026-03,351
Sussex,Other crime,2026-04,333
Sussex,Other crime,2026-05,344
Sussex,Other crime,2026-06,336
Sussex,Other crime,2026-07,343
Sussex,Other crime,2026-08,327
Sussex,Other crime,2026-09,325
Sussex,Other crime,2026-10,333
Sussex,Other crime,2026-11,324
Sussex,Other crime,2026-12,291
Sussex,Other crime,2027-01,330
Sussex,Other crime,2027-02,318
Sussex,Other theft,2026-03,829
Sussex,Other theft,2026-04,811
Sussex,Other theft,2026-05,858
Sussex,Other theft,2026-06,862
Sussex,Other theft,2026-07,900
Sussex,Other theft,2026-08,894
Sussex,Other theft,2026-09,844
Sussex,Other theft,2026-10,856
Sussex,Other theft,2026-11,827
Sussex,Other theft,2026-12,776
Sussex,Other theft,2027-01,766
Sussex,Other theft,2027-02,735
Sussex,Possession of weapons,2026-03,230
Sussex,Possession of weapons,2026-04,225
Sussex,Possession of weapons,2026-05,234
Sussex,Possession of weapons,2026-06,235
Sussex,Possession of weapons,2026-07,247
Sussex,Possession of weapons,2026-08,238
Sussex,Possession of weapons,2026-09,229
Sussex,Possession of weapons,2026-10,234
Sussex,Possession of weapons,2026-11,219
Sussex,Possession of weapons,2026-12,191
Sussex,Possession of weapons,2027-01,210
Sussex,Possession of weapons,2027-02,204
Sussex,Public order,2026-03,1098
Sussex,Public order,2026-04,1125
Sussex,Public order,2026-05,1213
Sussex,Public order,2026-06,1243
Sussex,Public order,2026-07,1328
Sussex,Public order,2026-08,1260
Sussex,Public order,2026-09,1159
Sussex,Public order,2026-10,1143
Sussex,Public order,2026-11,1014
Sussex,Public order,2026-12,904
Sussex,Public order,2027-01,954
Sussex,Public order,2027-02,936
Sussex,Robbery,2026-03,135
Sussex,Robbery,2026-04,141
Sussex,Robbery,2026-05,147
Sussex,Robbery,2026-06,155
Sussex,Robbery,2026-07,158
Sussex,Robbery,2026-08,153
Sussex,Robbery,2026-09,153
Sussex,Robbery,2026-10,156
Sussex,Robbery,2026-11,146
Sussex,Robbery,2026-12,133
Sussex,Robbery,2027-01,138
Sussex,Robbery,2027-02,133
Sussex,Shoplifting,2026-03,1638
Sussex,Shoplifting,2026-04,1643
Sussex,Shoplifting,2026-05,1690
Sussex,Shoplifting,2026-06,1642
Sussex,Shoplifting,2026-07,1735
Sussex,Shoplifting,2026-08,1626
Sussex,Shoplifting,2026-09,1559
Sussex,Shoplifting,2026-10,1651
Sussex,Shoplifting,2026-11,1544
Sussex,Shoplifting,2026-12,1350
Sussex,Shoplifting,2027-01,1517
Sussex,Shoplifting,2027-02,1469
Sussex,Theft from the person,2026-03,68
Sussex,Theft from the person,2026-04,72
Sussex,Theft from the person,2026-05,80
Sussex,Theft from the person,2026-06,82
Sussex,Theft from the person,2026-07,89
Sussex,Theft from the person,2026-08,91
Sussex,Theft from the person,2026-09,88
Sussex,Theft from the person,2026-10,93
Sussex,Theft from the person,2026-11,89
Sussex,Theft from the person,2026-12,83
Sussex,Theft from the person,2027-01,70
Sussex,Theft from the person,2027-02,69
Sussex,Vehicle crime,2026-03,438
Sussex,Vehicle crime,2026-04,424
Sussex,Vehicle crime,2026-05,436
Sussex,Vehicle crime,2026-06,426
Sussex,Vehicle crime,2026-07,441
Sussex,Vehicle crime,2026-08,443
Sussex,Vehicle crime,2026-09,445
Sussex,Vehicle crime,2026-10,469
Sussex,Vehicle crime,2026-11,457
Sussex,Vehicle crime,2026-12,414
Sussex,Vehicle crime,2027-01,429
Sussex,Vehicle crime,2027-02,400
Sussex,Violence and sexual offences,2026-03,4521
Sussex,Violence and sexual offences,2026-04,4500
Sussex,Violence and sexual offences,2026-05,4906
Sussex,Violence and sexual offences,2026-06,4825
Sussex,Violence and sexual offences,2026-07,5074
Sussex,Violence and sexual offences,2026-08,4731
Sussex,Violence and sexual offences,2026-09,4463
Sussex,Violence and sexual offences,2026-10,4430
Sussex,Violence and sexual offences,2026-11,4195
Sussex,Violence and sexual offences,2026-12,4050
Sussex,Violence and sexual offences,2027-01,4163
Sussex,Violence and sexual offences,2027-02,3885
Thames Valley,Anti-social behaviour,2026-03,1609
Thames Valley,Anti-social behaviour,2026-04,1788
Thames Valley,Anti-social behaviour,2026-05,1948
Thames Valley,Anti-social behaviour,2026-06,1991
Thames Valley,Anti-social behaviour,2026-07,2207
Thames Valley,Anti-social behaviour,2026-08,2027
Thames Valley,Anti-social behaviour,2026-09,1735
Thames Valley,Anti-social behaviour,2026-10,1701
Thames Valley,Anti-social behaviour,2026-11,1399
Thames Valley,Anti-social behaviour,2026-12,1159
Thames Valley,Anti-social behaviour,2027-01,1231
Thames Valley,Anti-social behaviour,2027-02,1270
Thames Valley,Bicycle theft,2026-03,223
Thames Valley,Bicycle theft,2026-04,234
Thames Valley,Bicycle theft,2026-05,260
Thames Valley,Bicycle theft,2026-06,269
Thames Valley,Bicycle theft,2026-07,284
Thames Valley,Bicycle theft,2026-08,293
Thames Valley,Bicycle theft,2026-09,292
Thames Valley,Bicycle theft,2026-10,297
Thames Valley,Bicycle theft,2026-11,253
Thames Valley,Bicycle theft,2026-12,169
Thames Valley,Bicycle theft,2027-01,183
Thames Valley,Bicycle theft,2027-02,180
Thames Valley,Burglary,2026-03,560
Thames Valley,Burglary,2026-04,534
Thames Valley,Burglary,2026-05,541
Thames Valley,Burglary,2026-06,528
Thames Valley,Burglary,2026-07,544
Thames Valley,Burglary,2026-08,541
Thames Valley,Burglary,2026-09,542
Thames Valley,Burglary,2026-10,578
Thames Valley,Burglary,2026-11,587
Thames Valley,Burglary,2026-12,561
Thames Valley,Burglary,2027-01,570
Thames Valley,Burglary,2027-02,517
Thames Valley,Criminal damage and arson,2026-03,1199
Thames Valley,Criminal damage and arson,2026-04,1198
Thames Valley,Criminal damage and arson,2026-05,1257
Thames Valley,Criminal damage and arson,2026-06,1249
Thames Valley,Criminal damage and arson,2026-07,1283
Thames Valley,Criminal damage and arson,2026-08,1272
Thames Valley,Criminal damage and arson,2026-09,1182
Thames Valley,Criminal damage and arson,2026-10,1266
Thames Valley,Criminal damage and arson,2026-11,1218
Thames Valley,Criminal damage and arson,2026-12,1148
Thames Valley,Criminal damage and arson,2027-01,1154
Thames Valley,Criminal damage and arson,2027-02,1090
Thames Valley,Drugs,2026-03,571
Thames Valley,Drugs,2026-04,541
Thames Valley,Drugs,2026-05,562
Thames Valley,Drugs,2026-06,550
Thames Valley,Drugs,2026-07,560
Thames Valley,Drugs,2026-08,553
Thames Valley,Drugs,2026-09,525
Thames Valley,Drugs,2026-10,563
Thames Valley,Drugs,2026-11,569
Thames Valley,Drugs,2026-12,535
Thames Valley,Drugs,2027-01,566
Thames Valley,Drugs,2027-02,525
Thames Valley,Other crime,2026-03,421
Thames Valley,Other crime,2026-04,395
Thames Valley,Other crime,2026-05,403
Thames Valley,Other crime,2026-06,389
Thames Valley,Other crime,2026-07,389
Thames Valley,Other crime,2026-08,368
Thames Valley,Other crime,2026-09,367
Thames Valley,Other crime,2026-10,385
Thames Valley,Other crime,2026-11,375
Thames Valley,Other crime,2026-12,340
Thames Valley,Other crime,2027-01,382
Thames Valley,Other crime,2027-02,371
Thames Valley,Other theft,2026-03,1266
Thames Valley,Other theft,2026-04,1247
Thames Valley,Other theft,2026-05,1305
Thames Valley,Other theft,2026-06,1342
Thames Valley,Other theft,2026-07,1392
Thames Valley,Other theft,2026-08,1369
Thames Valley,Other theft,2026-09,1284
Thames Valley,Other theft,2026-10,1324
Thames Valley,Other theft,2026-11,1262
Thames Valley,Other theft,2026-12,1202
Thames Valley,Other theft,2027-01,1169
Thames Valley,Other theft,2027-02,1116
Thames Valley,Possession of weapons,2026-03,119
Thames Valley,Possession of weapons,2026-04,114
Thames Valley,Possession of weapons,2026-05,123
Thames Valley,Possession of weapons,2026-06,121
Thames Valley,Possession of weapons,2026-07,124
Thames Valley,Possession of weapons,2026-08,119
Thames Valley,Possession of weapons,2026-09,116
Thames Valley,Possession of weapons,2026-10,122
Thames Valley,Possession of weapons,2026-11,113
Thames Valley,Possession of weapons,2026-12,105
Thames Valley,Possession of weapons,2027-01,116
Thames Valley,Possession of weapons,2027-02,113
Thames Valley,Public order,2026-03,1263
Thames Valley,Public order,2026-04,1292
Thames Valley,Public order,2026-05,1408
Thames Valley,Public order,2026-06,1440
Thames Valley,Public order,2026-07,1505
Thames Valley,Public order,2026-08,1392
Thames Valley,Public order,2026-09,1304
Thames Valley,Public order,2026-10,1313
Thames Valley,Public order,2026-11,1180
Thames Valley,Public order,2026-12,1062
Thames Valley,Public order,2027-01,1102
Thames Valley,Public order,2027-02,1083
Thames Valley,Robbery,2026-03,174
Thames Valley,Robbery,2026-04,170
Thames Valley,Robbery,2026-05,188
Thames Valley,Robbery,2026-06,183
Thames Valley,Robbery,2026-07,192
Thames Valley,Robbery,2026-08,192
Thames Valley,Robbery,2026-09,185
Thames Valley,Robbery,2026-10,194
Thames Valley,Robbery,2026-11,189
Thames Valley,Robbery,2026-12,169
Thames Valley,Robbery,2027-01,176
Thames Valley,Robbery,2027-02,167
Thames Valley,Shoplifting,2026-03,1636
Thames Valley,Shoplifting,2026-04,1615
Thames Valley,Shoplifting,2026-05,1637
Thames Valley,Shoplifting,2026-06,1574
Thames Valley,Shoplifting,2026-07,1634
Thames Valley,Shoplifting,2026-08,1585
Thames Valley,Shoplifting,2026-09,1499
Thames Valley,Shoplifting,2026-10,1558
Thames Valley,Shoplifting,2026-11,1478
Thames Valley,Shoplifting,2026-12,1284
Thames Valley,Shoplifting,2027-01,1414
Thames Valley,Shoplifting,2027-02,1413
Thames Valley,Theft from the person,2026-03,129
Thames Valley,Theft from the person,2026-04,125
Thames Valley,Theft from the person,2026-05,131
Thames Valley,Theft from the person,2026-06,134
Thames Valley,Theft from the person,2026-07,144
Thames Valley,Theft from the person,2026-08,145
Thames Valley,Theft from the person,2026-09,138
Thames Valley,Theft from the person,2026-10,148
Thames Valley,Theft from the person,2026-11,150
Thames Valley,Theft from the person,2026-12,147
Thames Valley,Theft from the person,2027-01,125
Thames Valley,Theft from the person,2027-02,120
Thames Valley,Vehicle crime,2026-03,977
Thames Valley,Vehicle crime,2026-04,922
Thames Valley,Vehicle crime,2026-05,949
Thames Valley,Vehicle crime,2026-06,932
Thames Valley,Vehicle crime,2026-07,964
Thames Valley,Vehicle crime,2026-08,968
Thames Valley,Vehicle crime,2026-09,973
Thames Valley,Vehicle crime,2026-10,1054
Thames Valley,Vehicle crime,2026-11,1024
Thames Valley,Vehicle crime,2026-12,921
Thames Valley,Vehicle crime,2027-01,983
Thames Valley,Vehicle crime,2027-02,910
Thames Valley,Violence and sexual offences,2026-03,6340
Thames Valley,Violence and sexual offences,2026-04,6037
Thames Valley,Violence and sexual offences,2026-05,6712
Thames Valley,Violence and sexual offences,2026-06,6868
Thames Valley,Violence and sexual offences,2026-07,7192
Thames Valley,Violence and sexual offences,2026-08,6617
Thames Valley,Violence and sexual offences,2026-09,6602
Thames Valley,Violence and sexual offences,2026-10,6868
Thames Valley,Violence and sexual offences,2026-11,6446
Thames Valley,Violence and sexual offences,2026-12,5972
Thames Valley,Violence and sexual offences,2027-01,6319
Thames Valley,Violence and sexual offences,2027-02,5933
Warwickshire,Anti-social behaviour,2026-03,898
Warwickshire,Anti-social behaviour,2026-04,1003
Warwickshire,Anti-social behaviour,2026-05,1072
Warwickshire,Anti-social behaviour,2026-06,1077
Warwickshire,Anti-social behaviour,2026-07,1126
Warwickshire,Anti-social behaviour,2026-08,1098
Warwickshire,Anti-social behaviour,2026-09,943
Warwickshire,Anti-social behaviour,2026-10,906
Warwickshire,Anti-social behaviour,2026-11,783
Warwickshire,Anti-social behaviour,2026-12,674
Warwickshire,Anti-social behaviour,2027-01,716
Warwickshire,Anti-social behaviour,2027-02,743
Warwickshire,Bicycle theft,2026-03,28
Warwickshire,Bicycle theft,2026-04,28
Warwickshire,Bicycle theft,2026-05,30
Warwickshire,Bicycle theft,2026-06,32
Warwickshire,Bicycle theft,2026-07,33
Warwickshire,Bicycle theft,2026-08,32
Warwickshire,Bicycle theft,2026-09,32
Warwickshire,Bicycle theft,2026-10,31
Warwickshire,Bicycle theft,2026-11,28
Warwickshire,Bicycle theft,2026-12,24
Warwickshire,Bicycle theft,2027-01,25
Warwickshire,Bicycle theft,2027-02,24
Warwickshire,Burglary,2026-03,199
Warwickshire,Burglary,2026-04,192
Warwickshire,Burglary,2026-05,192
Warwickshire,Burglary,2026-06,185
Warwickshire,Burglary,2026-07,186
Warwickshire,Burglary,2026-08,190
Warwickshire,Burglary,2026-09,183
Warwickshire,Burglary,2026-10,197
Warwickshire,Burglary,2026-11,198
Warwickshire,Burglary,2026-12,188
Warwickshire,Burglary,2027-01,195
Warwickshire,Burglary,2027-02,183
Warwickshire,Criminal damage and arson,2026-03,281
Warwickshire,Criminal damage and arson,2026-04,286
Warwickshire,Criminal damage and arson,2026-05,302
Warwickshire,Criminal damage and arson,2026-06,304
Warwickshire,Criminal damage and arson,2026-07,314
Warwickshire,Criminal damage and arson,2026-08,312
Warwickshire,Criminal damage and arson,2026-09,298
Warwickshire,Criminal damage and arson,2026-10,309
Warwickshire,Criminal damage and arson,2026-11,299
Warwickshire,Criminal damage and arson,2026-12,286
Warwickshire,Criminal damage and arson,2027-01,284
Warwickshire,Criminal damage and arson,2027-02,275
Warwickshire,Drugs,2026-03,87
Warwickshire,Drugs,2026-04,88
Warwickshire,Drugs,2026-05,91
Warwickshire,Drugs,2026-06,91
Warwickshire,Drugs,2026-07,93
Warwickshire,Drugs,2026-08,91
Warwickshire,Drugs,2026-09,88
Warwickshire,Drugs,2026-10,92
Warwickshire,Drugs,2026-11,89
Warwickshire,Drugs,2026-12,87
Warwickshire,Drugs,2027-01,91
Warwickshire,Drugs,2027-02,86
Warwickshire,Other crime,2026-03,109
Warwickshire,Other crime,2026-04,105
Warwickshire,Other crime,2026-05,109
Warwickshire,Other crime,2026-06,107
Warwickshire,Other crime,2026-07,108
Warwickshire,Other crime,2026-08,105
Warwickshire,Other crime,2026-09,104
Warwickshire,Other crime,2026-10,110
Warwickshire,Other crime,2026-11,103
Warwickshire,Other crime,2026-12,96
Warwickshire,Other crime,2027-01,109
Warwickshire,Other crime,2027-02,101
Warwickshire,Other theft,2026-03,236
Warwickshire,Other theft,2026-04,238
Warwickshire,Other theft,2026-05,241
Warwickshire,Other theft,2026-06,243
Warwickshire,Other theft,2026-07,250
Warwickshire,Other theft,2026-08,249
Warwickshire,Other theft,2026-09,240
Warwickshire,Other theft,2026-10,240
Warwickshire,Other theft,2026-11,234
Warwickshire,Other theft,2026-12,217
Warwickshire,Other theft,2027-01,217
Warwickshire,Other theft,2027-02,209
Warwickshire,Possession of weapons,2026-03,50
Warwickshire,Possession of weapons,2026-04,52
Warwickshire,Possession of weapons,2026-05,54
Warwickshire,Possession of weapons,2026-06,53
Warwickshire,Possession of weapons,2026-07,54
Warwickshire,Possession of weapons,2026-08,52
Warwickshire,Possession of weapons,2026-09,49
Warwickshire,Possession of weapons,2026-10,52
Warwickshire,Possession of weapons,2026-11,49
Warwickshire,Possession of weapons,2026-12,46
Warwickshire,Possession of weapons,2027-01,48
Warwickshire,Possession of weapons,2027-02,47
Warwickshire,Public order,2026-03,245
Warwickshire,Public order,2026-04,255
Warwickshire,Public order,2026-05,285
Warwickshire,Public order,2026-06,301
Warwickshire,Public order,2026-07,325
Warwickshire,Public order,2026-08,313
Warwickshire,Public order,2026-09,296
Warwickshire,Public order,2026-10,289
Warwickshire,Public order,2026-11,274
Warwickshire,Public order,2026-12,246
Warwickshire,Public order,2027-01,251
Warwickshire,Public order,2027-02,251
Warwickshire,Robbery,2026-03,43
Warwickshire,Robbery,2026-04,44
Warwickshire,Robbery,2026-05,46
Warwickshire,Robbery,2026-06,46
Warwickshire,Robbery,2026-07,48
Warwickshire,Robbery,2026-08,47
Warwickshire,Robbery,2026-09,48
Warwickshire,Robbery,2026-10,48
Warwickshire,Robbery,2026-11,45
Warwickshire,Robbery,2026-12,42
Warwickshire,Robbery,2027-01,44
Warwickshire,Robbery,2027-02,41
Warwickshire,Shoplifting,2026-03,316
Warwickshire,Shoplifting,2026-04,316
Warwickshire,Shoplifting,2026-05,319
Warwickshire,Shoplifting,2026-06,316
Warwickshire,Shoplifting,2026-07,327
Warwickshire,Shoplifting,2026-08,329
Warwickshire,Shoplifting,2026-09,323
Warwickshire,Shoplifting,2026-10,330
Warwickshire,Shoplifting,2026-11,316
Warwickshire,Shoplifting,2026-12,282
Warwickshire,Shoplifting,2027-01,305
Warwickshire,Shoplifting,2027-02,308
Warwickshire,Theft from the person,2026-03,19
Warwickshire,Theft from the person,2026-04,19
Warwickshire,Theft from the person,2026-05,20
Warwickshire,Theft from the person,2026-06,21
Warwickshire,Theft from the person,2026-07,21
Warwickshire,Theft from the person,2026-08,21
Warwickshire,Theft from the person,2026-09,20
Warwickshire,Theft from the person,2026-10,21
Warwickshire,Theft from the person,2026-11,20
Warwickshire,Theft from the person,2026-12,21
Warwickshire,Theft from the person,2027-01,17
Warwickshire,Theft from the person,2027-02,18
Warwickshire,Vehicle crime,2026-03,260
Warwickshire,Vehicle crime,2026-04,265
Warwickshire,Vehicle crime,2026-05,273
Warwickshire,Vehicle crime,2026-06,267
Warwickshire,Vehicle crime,2026-07,275
Warwickshire,Vehicle crime,2026-08,283
Warwickshire,Vehicle crime,2026-09,284
Warwickshire,Vehicle crime,2026-10,300
Warwickshire,Vehicle crime,2026-11,295
Warwickshire,Vehicle crime,2026-12,268
Warwickshire,Vehicle crime,2027-01,277
Warwickshire,Vehicle crime,2027-02,261
Warwickshire,Violence and sexual offences,2026-03,1514
Warwickshire,Violence and sexual offences,2026-04,1480
Warwickshire,Violence and sexual offences,2026-05,1540
Warwickshire,Violence and sexual offences,2026-06,1541
Warwickshire,Violence and sexual offences,2026-07,1608
Warwickshire,Violence and sexual offences,2026-08,1519
Warwickshire,Violence and sexual offences,2026-09,1489
Warwickshire,Violence and sexual offences,2026-10,1494
Warwickshire,Violence and sexual offences,2026-11,1402
Warwickshire,Violence and sexual offences,2026-12,1365
Warwickshire,Violence and sexual offences,2027-01,1372
Warwickshire,Violence and sexual offences,2027-02,1323
West Mercia,Anti-social behaviour,2026-03,1298
West Mercia,Anti-social behaviour,2026-04,1427
West Mercia,Anti-social behaviour,2026-05,1473
West Mercia,Anti-social behaviour,2026-06,1503
West Mercia,Anti-social behaviour,2026-07,1601
West Mercia,Anti-social behaviour,2026-08,1520
West Mercia,Anti-social behaviour,2026-09,1333
West Mercia,Anti-social behaviour,2026-10,1321
West Mercia,Anti-social behaviour,2026-11,1108
West Mercia,Anti-social behaviour,2026-12,975
West Mercia,Anti-social behaviour,2027-01,1031
West Mercia,Anti-social behaviour,2027-02,1036
West Mercia,Bicycle theft,2026-03,50
West Mercia,Bicycle theft,2026-04,55
West Mercia,Bicycle theft,2026-05,62
West Mercia,Bicycle theft,2026-06,66
West Mercia,Bicycle theft,2026-07,67
West Mercia,Bicycle theft,2026-08,69
West Mercia,Bicycle theft,2026-09,68
West Mercia,Bicycle theft,2026-10,67
West Mercia,Bicycle theft,2026-11,52
West Mercia,Bicycle theft,2026-12,43
West Mercia,Bicycle theft,2027-01,46
West Mercia,Bicycle theft,2027-02,46
West Mercia,Burglary,2026-03,312
West Mercia,Burglary,2026-04,308
West Mercia,Burglary,2026-05,308
West Mercia,Burglary,2026-06,307
West Mercia,Burglary,2026-07,310
West Mercia,Burglary,2026-08,315
West Mercia,Burglary,2026-09,313
West Mercia,Burglary,2026-10,333
West Mercia,Burglary,2026-11,332
West Mercia,Burglary,2026-12,313
West Mercia,Burglary,2027-01,319
West Mercia,Burglary,2027-02,296
West Mercia,Criminal damage and arson,2026-03,653
West Mercia,Criminal damage and arson,2026-04,653
West Mercia,Criminal damage and arson,2026-05,660
West Mercia,Criminal damage and arson,2026-06,650
West Mercia,Criminal damage and arson,2026-07,668
West Mercia,Criminal damage and arson,2026-08,665
West Mercia,Criminal damage and arson,2026-09,626
West Mercia,Criminal damage and arson,2026-10,659
West Mercia,Criminal damage and arson,2026-11,628
West Mercia,Criminal damage and arson,2026-12,595
West Mercia,Criminal damage and arson,2027-01,595
West Mercia,Criminal damage and arson,2027-02,571
West Mercia,Drugs,2026-03,197
West Mercia,Drugs,2026-04,189
West Mercia,Drugs,2026-05,195
West Mercia,Drugs,2026-06,196
West Mercia,Drugs,2026-07,208
West Mercia,Drugs,2026-08,199
West Mercia,Drugs,2026-09,200
West Mercia,Drugs,2026-10,219
West Mercia,Drugs,2026-11,214
West Mercia,Drugs,2026-12,205
West Mercia,Drugs,2027-01,213
West Mercia,Drugs,2027-02,194
West Mercia,Other crime,2026-03,221
West Mercia,Other crime,2026-04,214
West Mercia,Other crime,2026-05,216
West Mercia,Other crime,2026-06,213
West Mercia,Other crime,2026-07,216
West Mercia,Other crime,2026-08,208
West Mercia,Other crime,2026-09,204
West Mercia,Other crime,2026-10,215
West Mercia,Other crime,2026-11,203
West Mercia,Other crime,2026-12,182
West Mercia,Other crime,2027-01,210
West Mercia,Other crime,2027-02,206
West Mercia,Other theft,2026-03,521
West Mercia,Other theft,2026-04,511
West Mercia,Other theft,2026-05,526
West Mercia,Other theft,2026-06,529
West Mercia,Other theft,2026-07,542
West Mercia,Other theft,2026-08,537
West Mercia,Other theft,2026-09,514
West Mercia,Other theft,2026-10,522
West Mercia,Other theft,2026-11,499
West Mercia,Other theft,2026-12,483
West Mercia,Other theft,2027-01,476
West Mercia,Other theft,2027-02,459
West Mercia,Possession of weapons,2026-03,106
West Mercia,Possession of weapons,2026-04,102
West Mercia,Possession of weapons,2026-05,104
West Mercia,Possession of weapons,2026-06,105
West Mercia,Possession of weapons,2026-07,107
West Mercia,Possession of weapons,2026-08,104
West Mercia,Possession of weapons,2026-09,102
West Mercia,Possession of weapons,2026-10,105
West Mercia,Possession of weapons,2026-11,95
West Mercia,Possession of weapons,2026-12,90
West Mercia,Possession of weapons,2027-01,95
West Mercia,Possession of weapons,2027-02,93
West Mercia,Public order,2026-03,501
West Mercia,Public order,2026-04,514
West Mercia,Public order,2026-05,549
West Mercia,Public order,2026-06,568
West Mercia,Public order,2026-07,606
West Mercia,Public order,2026-08,584
West Mercia,Public order,2026-09,556
West Mercia,Public order,2026-10,545
West Mercia,Public order,2026-11,492
West Mercia,Public order,2026-12,452
West Mercia,Public order,2027-01,474
West Mercia,Public order,2027-02,472
West Mercia,Robbery,2026-03,78
West Mercia,Robbery,2026-04,77
West Mercia,Robbery,2026-05,82
West Mercia,Robbery,2026-06,83
West Mercia,Robbery,2026-07,86
West Mercia,Robbery,2026-08,86
West Mercia,Robbery,2026-09,85
West Mercia,Robbery,2026-10,88
West Mercia,Robbery,2026-11,79
West Mercia,Robbery,2026-12,75
West Mercia,Robbery,2027-01,79
West Mercia,Robbery,2027-02,75
West Mercia,Shoplifting,2026-03,760
West Mercia,Shoplifting,2026-04,749
West Mercia,Shoplifting,2026-05,769
West Mercia,Shoplifting,2026-06,744
West Mercia,Shoplifting,2026-07,759
West Mercia,Shoplifting,2026-08,764
West Mercia,Shoplifting,2026-09,739
West Mercia,Shoplifting,2026-10,773
West Mercia,Shoplifting,2026-11,725
West Mercia,Shoplifting,2026-12,653
West Mercia,Shoplifting,2027-01,716
West Mercia,Shoplifting,2027-02,717
West Mercia,Theft from the person,2026-03,29
West Mercia,Theft from the person,2026-04,27
West Mercia,Theft from the person,2026-05,31
West Mercia,Theft from the person,2026-06,31
West Mercia,Theft from the person,2026-07,32
West Mercia,Theft from the person,2026-08,30
West Mercia,Theft from the person,2026-09,29
West Mercia,Theft from the person,2026-10,31
West Mercia,Theft from the person,2026-11,30
West Mercia,Theft from the person,2026-12,30
West Mercia,Theft from the person,2027-01,26
West Mercia,Theft from the person,2027-02,28
West Mercia,Vehicle crime,2026-03,239
West Mercia,Vehicle crime,2026-04,240
West Mercia,Vehicle crime,2026-05,242
West Mercia,Vehicle crime,2026-06,245
West Mercia,Vehicle crime,2026-07,254
West Mercia,Vehicle crime,2026-08,261
West Mercia,Vehicle crime,2026-09,269
West Mercia,Vehicle crime,2026-10,285
West Mercia,Vehicle crime,2026-11,282
West Mercia,Vehicle crime,2026-12,261
West Mercia,Vehicle crime,2027-01,272
West Mercia,Vehicle crime,2027-02,252
West Mercia,Violence and sexual offences,2026-03,3441
West Mercia,Violence and sexual offences,2026-04,3412
West Mercia,Violence and sexual offences,2026-05,3625
West Mercia,Violence and sexual offences,2026-06,3617
West Mercia,Violence and sexual offences,2026-07,3759
West Mercia,Violence and sexual offences,2026-08,3519
West Mercia,Violence and sexual offences,2026-09,3331
West Mercia,Violence and sexual offences,2026-10,3386
West Mercia,Violence and sexual offences,2026-11,3276
West Mercia,Violence and sexual offences,2026-12,3199
West Mercia,Violence and sexual offences,2027-01,3138
West Mercia,Violence and sexual offences,2027-02,2975
West Midlands,Anti-social behaviour,2026-03,1044
West Midlands,Anti-social behaviour,2026-04,1132
West Midlands,Anti-social behaviour,2026-05,1258
West Midlands,Anti-social behaviour,2026-06,1344
West Midlands,Anti-social behaviour,2026-07,1469
West Midlands,Anti-social behaviour,2026-08,1420
West Midlands,Anti-social behaviour,2026-09,1283
West Midlands,Anti-social behaviour,2026-10,1324
West Midlands,Anti-social behaviour,2026-11,1159
West Midlands,Anti-social behaviour,2026-12,1029
West Midlands,Anti-social behaviour,2027-01,1098
West Midlands,Anti-social behaviour,2027-02,1108
West Midlands,Bicycle theft,2026-03,118
West Midlands,Bicycle theft,2026-04,124
West Midlands,Bicycle theft,2026-05,139
West Midlands,Bicycle theft,2026-06,150
West Midlands,Bicycle theft,2026-07,157
West Midlands,Bicycle theft,2026-08,154
West Midlands,Bicycle theft,2026-09,159
West Midlands,Bicycle theft,2026-10,160
West Midlands,Bicycle theft,2026-11,130
West Midlands,Bicycle theft,2026-12,95
West Midlands,Bicycle theft,2027-01,106
West Midlands,Bicycle theft,2027-02,109
West Midlands,Burglary,2026-03,1121
West Midlands,Burglary,2026-04,1060
West Midlands,Burglary,2026-05,1068
West Midlands,Burglary,2026-06,1040
West Midlands,Burglary,2026-07,1055
West Midlands,Burglary,2026-08,1071
West Midlands,Burglary,2026-09,1083
West Midlands,Burglary,2026-10,1194
West Midlands,Burglary,2026-11,1202
West Midlands,Burglary,2026-12,1129
West Midlands,Burglary,2027-01,1131
West Midlands,Burglary,2027-02,1014
West Midlands,Criminal damage and arson,2026-03,2092
West Midlands,Criminal damage and arson,2026-04,2014
West Midlands,Criminal damage and arson,2026-05,2062
West Midlands,Criminal damage and arson,2026-06,2037
West Midlands,Criminal damage and arson,2026-07,2105
West Midlands,Criminal damage and arson,2026-08,2002
West Midlands,Criminal damage and arson,2026-09,1892
West Midlands,Criminal damage and arson,2026-10,2042
West Midlands,Criminal damage and arson,2026-11,2001
West Midlands,Criminal damage and arson,2026-12,1890
West Midlands,Criminal damage and arson,2027-01,1845
West Midlands,Criminal damage and arson,2027-02,1718
West Midlands,Drugs,2026-03,794
West Midlands,Drugs,2026-04,746
West Midlands,Drugs,2026-05,769
West Midlands,Drugs,2026-06,747
West Midlands,Drugs,2026-07,757
West Midlands,Drugs,2026-08,751
West Midlands,Drugs,2026-09,724
West Midlands,Drugs,2026-10,767
West Midlands,Drugs,2026-11,766
West Midlands,Drugs,2026-12,725
West Midlands,Drugs,2027-01,777
West Midlands,Drugs,2027-02,719
West Midlands,Other crime,2026-03,539
West Midlands,Other crime,2026-04,508
West Midlands,Other crime,2026-05,525
West Midlands,Other crime,2026-06,520
West Midlands,Other crime,2026-07,520
West Midlands,Other crime,2026-08,500
West Midlands,Other crime,2026-09,503
West Midlands,Other crime,2026-10,519
West Midlands,Other crime,2026-11,507
West Midlands,Other crime,2026-12,468
West Midlands,Other crime,2027-01,517
West Midlands,Other crime,2027-02,489
West Midlands,Other theft,2026-03,1552
West Midlands,Other theft,2026-04,1508
West Midlands,Other theft,2026-05,1548
West Midlands,Other theft,2026-06,1558
West Midlands,Other theft,2026-07,1620
West Midlands,Other theft,2026-08,1553
West Midlands,Other theft,2026-09,1438
West Midlands,Other theft,2026-10,1462
West Midlands,Other theft,2026-11,1366
West Midlands,Other theft,2026-12,1341
West Midlands,Other theft,2027-01,1296
West Midlands,Other theft,2027-02,1264
West Midlands,Possession of weapons,2026-03,576
West Midlands,Possession of weapons,2026-04,554
West Midlands,Possession of weapons,2026-05,589
West Midlands,Possession of weapons,2026-06,584
West Midlands,Possession of weapons,2026-07,588
West Midlands,Possession of weapons,2026-08,577
West Midlands,Possession of weapons,2026-09,552
West Midlands,Possession of weapons,2026-10,561
West Midlands,Possession of weapons,2026-11,539
West Midlands,Possession of weapons,2026-12,485
West Midlands,Possession of weapons,2027-01,513
West Midlands,Possession of weapons,2027-02,487
West Midlands,Public order,2026-03,1531
West Midlands,Public order,2026-04,1523
West Midlands,Public order,2026-05,1650
West Midlands,Public order,2026-06,1667
West Midlands,Public order,2026-07,1751
West Midlands,Public order,2026-08,1627
West Midlands,Public order,2026-09,1525
West Midlands,Public order,2026-10,1534
West Midlands,Public order,2026-11,1357
West Midlands,Public order,2026-12,1246
West Midlands,Public order,2027-01,1257
West Midlands,Public order,2027-02,1243
West Midlands,Robbery,2026-03,501
West Midlands,Robbery,2026-04,491
West Midlands,Robbery,2026-05,511
West Midlands,Robbery,2026-06,507
West Midlands,Robbery,2026-07,514
West Midlands,Robbery,2026-08,508
West Midlands,Robbery,2026-09,507
West Midlands,Robbery,2026-10,531
West Midlands,Robbery,2026-11,514
West Midlands,Robbery,2026-12,476
West Midlands,Robbery,2027-01,482
West Midlands,Robbery,2027-02,453
West Midlands,Shoplifting,2026-03,2841
West Midlands,Shoplifting,2026-04,2758
West Midlands,Shoplifting,2026-05,2773
West Midlands,Shoplifting,2026-06,2668
West Midlands,Shoplifting,2026-07,2695
West Midlands,Shoplifting,2026-08,2656
West Midlands,Shoplifting,2026-09,2563
West Midlands,Shoplifting,2026-10,2702
West Midlands,Shoplifting,2026-11,2601
West Midlands,Shoplifting,2026-12,2444
West Midlands,Shoplifting,2027-01,2654
West Midlands,Shoplifting,2027-02,2526
West Midlands,Theft from the person,2026-03,209
West Midlands,Theft from the person,2026-04,202
West Midlands,Theft from the person,2026-05,210
West Midlands,Theft from the person,2026-06,209
West Midlands,Theft from the person,2026-07,212
West Midlands,Theft from the person,2026-08,210
West Midlands,Theft from the person,2026-09,211
West Midlands,Theft from the person,2026-10,226
West Midlands,Theft from the person,2026-11,230
West Midlands,Theft from the person,2026-12,221
West Midlands,Theft from the person,2027-01,193
West Midlands,Theft from the person,2027-02,189
West Midlands,Vehicle crime,2026-03,2315
West Midlands,Vehicle crime,2026-04,2259
West Midlands,Vehicle crime,2026-05,2289
West Midlands,Vehicle crime,2026-06,2192
West Midlands,Vehicle crime,2026-07,2220
West Midlands,Vehicle crime,2026-08,2154
West Midlands,Vehicle crime,2026-09,2154
West Midlands,Vehicle crime,2026-10,2289
West Midlands,Vehicle crime,2026-11,2207
West Midlands,Vehicle crime,2026-12,2030
West Midlands,Vehicle crime,2027-01,2145
West Midlands,Vehicle crime,2027-02,1942
West Midlands,Violence and sexual offences,2026-03,11537
West Midlands,Violence and sexual offences,2026-04,10856
West Midlands,Violence and sexual offences,2026-05,11853
West Midlands,Violence and sexual offences,2026-06,11634
West Midlands,Violence and sexual offences,2026-07,11807
West Midlands,Violence and sexual offences,2026-08,10507
West Midlands,Violence and sexual offences,2026-09,10812
West Midlands,Violence and sexual offences,2026-10,11345
West Midlands,Violence and sexual offences,2026-11,11012
West Midlands,Violence and sexual offences,2026-12,10843
West Midlands,Violence and sexual offences,2027-01,10739
West Midlands,Violence and sexual offences,2027-02,10144
West Yorkshire,Anti-social behaviour,2026-03,2192
West Yorkshire,Anti-social behaviour,2026-04,2434
West Yorkshire,Anti-social behaviour,2026-05,2585
West Yorkshire,Anti-social behaviour,2026-06,2592
West Yorkshire,Anti-social behaviour,2026-07,2812
West Yorkshire,Anti-social behaviour,2026-08,2754
West Yorkshire,Anti-social behaviour,2026-09,2309
West Yorkshire,Anti-social behaviour,2026-10,2403
West Yorkshire,Anti-social behaviour,2026-11,1939
West Yorkshire,Anti-social behaviour,2026-12,1531
West Yorkshire,Anti-social behaviour,2027-01,1574
West Yorkshire,Anti-social behaviour,2027-02,1632
West Yorkshire,Bicycle theft,2026-03,113
West Yorkshire,Bicycle theft,2026-04,124
West Yorkshire,Bicycle theft,2026-05,136
West Yorkshire,Bicycle theft,2026-06,142
West Yorkshire,Bicycle theft,2026-07,149
West Yorkshire,Bicycle theft,2026-08,149
West Yorkshire,Bicycle theft,2026-09,152
West Yorkshire,Bicycle theft,2026-10,150
West Yorkshire,Bicycle theft,2026-11,124
West Yorkshire,Bicycle theft,2026-12,90
West Yorkshire,Bicycle theft,2027-01,99
West Yorkshire,Bicycle theft,2027-02,95
West Yorkshire,Burglary,2026-03,1157
West Yorkshire,Burglary,2026-04,1107
West Yorkshire,Burglary,2026-05,1133
West Yorkshire,Burglary,2026-06,1119
West Yorkshire,Burglary,2026-07,1120
West Yorkshire,Burglary,2026-08,1121
West Yorkshire,Burglary,2026-09,1115
West Yorkshire,Burglary,2026-10,1222
West Yorkshire,Burglary,2026-11,1244
West Yorkshire,Burglary,2026-12,1180
West Yorkshire,Burglary,2027-01,1182
West Yorkshire,Burglary,2027-02,1061
West Yorkshire,Criminal damage and arson,2026-03,1761
West Yorkshire,Criminal damage and arson,2026-04,1745
West Yorkshire,Criminal damage and arson,2026-05,1790
West Yorkshire,Criminal damage and arson,2026-06,1745
West Yorkshire,Criminal damage and arson,2026-07,1820
West Yorkshire,Criminal damage and arson,2026-08,1797
West Yorkshire,Criminal damage and arson,2026-09,1665
West Yorkshire,Criminal damage and arson,2026-10,1785
West Yorkshire,Criminal damage and arson,2026-11,1723
West Yorkshire,Criminal damage and arson,2026-12,1575
West Yorkshire,Criminal damage and arson,2027-01,1568
West Yorkshire,Criminal damage and arson,2027-02,1513
West Yorkshire,Drugs,2026-03,962
West Yorkshire,Drugs,2026-04,911
West Yorkshire,Drugs,2026-05,948
West Yorkshire,Drugs,2026-06,908
West Yorkshire,Drugs,2026-07,933
West Yorkshire,Drugs,2026-08,916
West Yorkshire,Drugs,2026-09,888
West Yorkshire,Drugs,2026-10,966
West Yorkshire,Drugs,2026-11,936
West Yorkshire,Drugs,2026-12,901
West Yorkshire,Drugs,2027-01,965
West Yorkshire,Drugs,2027-02,876
West Yorkshire,Other crime,2026-03,866
West Yorkshire,Other crime,2026-04,822
West Yorkshire,Other crime,2026-05,849
West Yorkshire,Other crime,2026-06,820
West Yorkshire,Other crime,2026-07,838
West Yorkshire,Other crime,2026-08,807
West Yorkshire,Other crime,2026-09,812
West Yorkshire,Other crime,2026-10,861
West Yorkshire,Other crime,2026-11,824
West Yorkshire,Other crime,2026-12,746
West Yorkshire,Other crime,2027-01,823
West Yorkshire,Other crime,2027-02,784
West Yorkshire,Other theft,2026-03,1565
West Yorkshire,Other theft,2026-04,1560
West Yorkshire,Other theft,2026-05,1643
West Yorkshire,Other theft,2026-06,1644
West Yorkshire,Other theft,2026-07,1710
West Yorkshire,Other theft,2026-08,1647
West Yorkshire,Other theft,2026-09,1555
West Yorkshire,Other theft,2026-10,1652
West Yorkshire,Other theft,2026-11,1572
West Yorkshire,Other theft,2026-12,1495
West Yorkshire,Other theft,2027-01,1449
West Yorkshire,Other theft,2027-02,1354
West Yorkshire,Possession of weapons,2026-03,217
West Yorkshire,Possession of weapons,2026-04,216
West Yorkshire,Possession of weapons,2026-05,225
West Yorkshire,Possession of weapons,2026-06,225
West Yorkshire,Possession of weapons,2026-07,234
West Yorkshire,Possession of weapons,2026-08,231
West Yorkshire,Possession of weapons,2026-09,226
West Yorkshire,Possession of weapons,2026-10,235
West Yorkshire,Possession of weapons,2026-11,223
West Yorkshire,Possession of weapons,2026-12,197
West Yorkshire,Possession of weapons,2027-01,218
West Yorkshire,Possession of weapons,2027-02,205
West Yorkshire,Public order,2026-03,1880
West Yorkshire,Public order,2026-04,1906
West Yorkshire,Public order,2026-05,2115
West Yorkshire,Public order,2026-06,2152
West Yorkshire,Public order,2026-07,2286
West Yorkshire,Public order,2026-08,2130
West Yorkshire,Public order,2026-09,1974
West Yorkshire,Public order,2026-10,1961
West Yorkshire,Public order,2026-11,1698
West Yorkshire,Public order,2026-12,1501
West Yorkshire,Public order,2027-01,1507
West Yorkshire,Public order,2027-02,1459
West Yorkshire,Robbery,2026-03,331
West Yorkshire,Robbery,2026-04,322
West Yorkshire,Robbery,2026-05,332
West Yorkshire,Robbery,2026-06,325
West Yorkshire,Robbery,2026-07,333
West Yorkshire,Robbery,2026-08,332
West Yorkshire,Robbery,2026-09,328
West Yorkshire,Robbery,2026-10,343
West Yorkshire,Robbery,2026-11,337
West Yorkshire,Robbery,2026-12,315
West Yorkshire,Robbery,2027-01,322
West Yorkshire,Robbery,2027-02,307
West Yorkshire,Shoplifting,2026-03,1779
West Yorkshire,Shoplifting,2026-04,1749
West Yorkshire,Shoplifting,2026-05,1786
West Yorkshire,Shoplifting,2026-06,1733
West Yorkshire,Shoplifting,2026-07,1736
West Yorkshire,Shoplifting,2026-08,1674
West Yorkshire,Shoplifting,2026-09,1627
West Yorkshire,Shoplifting,2026-10,1750
West Yorkshire,Shoplifting,2026-11,1679
West Yorkshire,Shoplifting,2026-12,1497
West Yorkshire,Shoplifting,2027-01,1602
West Yorkshire,Shoplifting,2027-02,1581
West Yorkshire,Theft from the person,2026-03,169
West Yorkshire,Theft from the person,2026-04,172
West Yorkshire,Theft from the person,2026-05,182
West Yorkshire,Theft from the person,2026-06,177
West Yorkshire,Theft from the person,2026-07,187
West Yorkshire,Theft from the person,2026-08,190
West Yorkshire,Theft from the person,2026-09,185
West Yorkshire,Theft from the person,2026-10,198
West Yorkshire,Theft from the person,2026-11,197
West Yorkshire,Theft from the person,2026-12,193
West Yorkshire,Theft from the person,2027-01,167
West Yorkshire,Theft from the person,2027-02,160
West Yorkshire,Vehicle crime,2026-03,1317
West Yorkshire,Vehicle crime,2026-04,1277
West Yorkshire,Vehicle crime,2026-05,1301
West Yorkshire,Vehicle crime,2026-06,1282
West Yorkshire,Vehicle crime,2026-07,1309
West Yorkshire,Vehicle crime,2026-08,1341
West Yorkshire,Vehicle crime,2026-09,1356
West Yorkshire,Vehicle crime,2026-10,1470
West Yorkshire,Vehicle crime,2026-11,1363
West Yorkshire,Vehicle crime,2026-12,1267
West Yorkshire,Vehicle crime,2027-01,1320
West Yorkshire,Vehicle crime,2027-02,1210
West Yorkshire,Violence and sexual offences,2026-03,10041
West Yorkshire,Violence and sexual offences,2026-04,10344
West Yorkshire,Violence and sexual offences,2026-05,11505
West Yorkshire,Violence and sexual offences,2026-06,11303
West Yorkshire,Violence and sexual offences,2026-07,11324
West Yorkshire,Violence and sexual offences,2026-08,10415
West Yorkshire,Violence and sexual offences,2026-09,10718
West Yorkshire,Violence and sexual offences,2026-10,11096
West Yorkshire,Violence and sexual offences,2026-11,10634
West Yorkshire,Violence and sexual offences,2026-12,10596
West Yorkshire,Violence and sexual offences,2027-01,10386
West Yorkshire,Violence and sexual offences,2027-02,9936
Wiltshire,Anti-social behaviour,2026-03,823
Wiltshire,Anti-social behaviour,2026-04,867
Wiltshire,Anti-social behaviour,2026-05,936
Wiltshire,Anti-social behaviour,2026-06,932
Wiltshire,Anti-social behaviour,2026-07,972
Wiltshire,Anti-social behaviour,2026-08,931
Wiltshire,Anti-social behaviour,2026-09,820
Wiltshire,Anti-social behaviour,2026-10,808
Wiltshire,Anti-social behaviour,2026-11,730
Wiltshire,Anti-social behaviour,2026-12,667
Wiltshire,Anti-social behaviour,2027-01,686
Wiltshire,Anti-social behaviour,2027-02,691
Wiltshire,Bicycle theft,2026-03,40
Wiltshire,Bicycle theft,2026-04,42
Wiltshire,Bicycle theft,2026-05,49
Wiltshire,Bicycle theft,2026-06,48
Wiltshire,Bicycle theft,2026-07,50
Wiltshire,Bicycle theft,2026-08,48
Wiltshire,Bicycle theft,2026-09,48
Wiltshire,Bicycle theft,2026-10,47
Wiltshire,Bicycle theft,2026-11,40
Wiltshire,Bicycle theft,2026-12,33
Wiltshire,Bicycle theft,2027-01,35
Wiltshire,Bicycle theft,2027-02,35
Wiltshire,Burglary,2026-03,142
Wiltshire,Burglary,2026-04,136
Wiltshire,Burglary,2026-05,140
Wiltshire,Burglary,2026-06,137
Wiltshire,Burglary,2026-07,140
Wiltshire,Burglary,2026-08,142
Wiltshire,Burglary,2026-09,139
Wiltshire,Burglary,2026-10,145
Wiltshire,Burglary,2026-11,142
Wiltshire,Burglary,2026-12,137
Wiltshire,Burglary,2027-01,138
Wiltshire,Burglary,2027-02,130
Wiltshire,Criminal damage and arson,2026-03,365
Wiltshire,Criminal damage and arson,2026-04,363
Wiltshire,Criminal damage and arson,2026-05,371
Wiltshire,Criminal damage and arson,2026-06,367
Wiltshire,Criminal damage and arson,2026-07,377
Wiltshire,Criminal damage and arson,2026-08,374
Wiltshire,Criminal damage and arson,2026-09,355
Wiltshire,Criminal damage and arson,2026-10,362
Wiltshire,Criminal damage and arson,2026-11,355
Wiltshire,Criminal damage and arson,2026-12,337
Wiltshire,Criminal damage and arson,2027-01,329
Wiltshire,Criminal damage and arson,2027-02,316
Wiltshire,Drugs,2026-03,111
Wiltshire,Drugs,2026-04,108
Wiltshire,Drugs,2026-05,112
Wiltshire,Drugs,2026-06,111
Wiltshire,Drugs,2026-07,115
Wiltshire,Drugs,2026-08,113
Wiltshire,Drugs,2026-09,110
Wiltshire,Drugs,2026-10,116
Wiltshire,Drugs,2026-11,114
Wiltshire,Drugs,2026-12,111
Wiltshire,Drugs,2027-01,112
Wiltshire,Drugs,2027-02,106
Wiltshire,Other crime,2026-03,117
Wiltshire,Other crime,2026-04,113
Wiltshire,Other crime,2026-05,117
Wiltshire,Other crime,2026-06,116
Wiltshire,Other crime,2026-07,117
Wiltshire,Other crime,2026-08,114
Wiltshire,Other crime,2026-09,114
Wiltshire,Other crime,2026-10,117
Wiltshire,Other crime,2026-11,113
Wiltshire,Other crime,2026-12,107
Wiltshire,Other crime,2027-01,119
Wiltshire,Other crime,2027-02,115
Wiltshire,Other theft,2026-03,224
Wiltshire,Other theft,2026-04,224
Wiltshire,Other theft,2026-05,236
Wiltshire,Other theft,2026-06,239
Wiltshire,Other theft,2026-07,245
Wiltshire,Other theft,2026-08,236
Wiltshire,Other theft,2026-09,229
Wiltshire,Other theft,2026-10,230
Wiltshire,Other theft,2026-11,223
Wiltshire,Other theft,2026-12,213
Wiltshire,Other theft,2027-01,208
Wiltshire,Other theft,2027-02,202
Wiltshire,Possession of weapons,2026-03,43
Wiltshire,Possession of weapons,2026-04,42
Wiltshire,Possession of weapons,2026-05,45
Wiltshire,Possession of weapons,2026-06,45
Wiltshire,Possession of weapons,2026-07,46
Wiltshire,Possession of weapons,2026-08,45
Wiltshire,Possession of weapons,2026-09,44
Wiltshire,Possession of weapons,2026-10,46
Wiltshire,Possession of weapons,2026-11,43
Wiltshire,Possession of weapons,2026-12,42
Wiltshire,Possession of weapons,2027-01,42
Wiltshire,Possession of weapons,2027-02,41
Wiltshire,Public order,2026-03,341
Wiltshire,Public order,2026-04,339
Wiltshire,Public order,2026-05,364
Wiltshire,Public order,2026-06,373
Wiltshire,Public order,2026-07,385
Wiltshire,Public order,2026-08,367
Wiltshire,Public order,2026-09,350
Wiltshire,Public order,2026-10,340
Wiltshire,Public order,2026-11,314
Wiltshire,Public order,2026-12,286
Wiltshire,Public order,2027-01,292
Wiltshire,Public order,2027-02,293
Wiltshire,Robbery,2026-03,18
Wiltshire,Robbery,2026-04,19
Wiltshire,Robbery,2026-05,21
Wiltshire,Robbery,2026-06,21
Wiltshire,Robbery,2026-07,22
Wiltshire,Robbery,2026-08,22
Wiltshire,Robbery,2026-09,21
Wiltshire,Robbery,2026-10,21
Wiltshire,Robbery,2026-11,20
Wiltshire,Robbery,2026-12,20
Wiltshire,Robbery,2027-01,19
Wiltshire,Robbery,2027-02,19
Wiltshire,Shoplifting,2026-03,318
Wiltshire,Shoplifting,2026-04,314
Wiltshire,Shoplifting,2026-05,324
Wiltshire,Shoplifting,2026-06,323
Wiltshire,Shoplifting,2026-07,331
Wiltshire,Shoplifting,2026-08,328
Wiltshire,Shoplifting,2026-09,320
Wiltshire,Shoplifting,2026-10,330
Wiltshire,Shoplifting,2026-11,319
Wiltshire,Shoplifting,2026-12,291
Wiltshire,Shoplifting,2027-01,318
Wiltshire,Shoplifting,2027-02,316
Wiltshire,Theft from the person,2026-03,23
Wiltshire,Theft from the person,2026-04,23
Wiltshire,Theft from the person,2026-05,24
Wiltshire,Theft from the person,2026-06,25
Wiltshire,Theft from the person,2026-07,27
Wiltshire,Theft from the person,2026-08,25
Wiltshire,Theft from the person,2026-09,24
Wiltshire,Theft from the person,2026-10,25
Wiltshire,Theft from the person,2026-11,25
Wiltshire,Theft from the person,2026-12,25
Wiltshire,Theft from the person,2027-01,21
Wiltshire,Theft from the person,2027-02,21
Wiltshire,Vehicle crime,2026-03,175
Wiltshire,Vehicle crime,2026-04,168
Wiltshire,Vehicle crime,2026-05,174
Wiltshire,Vehicle crime,2026-06,168
Wiltshire,Vehicle crime,2026-07,170
Wiltshire,Vehicle crime,2026-08,168
Wiltshire,Vehicle crime,2026-09,175
Wiltshire,Vehicle crime,2026-10,179
Wiltshire,Vehicle crime,2026-11,177
Wiltshire,Vehicle crime,2026-12,166
Wiltshire,Vehicle crime,2027-01,178
Wiltshire,Vehicle crime,2027-02,166
Wiltshire,Violence and sexual offences,2026-03,1674
Wiltshire,Violence and sexual offences,2026-04,1631
Wiltshire,Violence and sexual offences,2026-05,1754
Wiltshire,Violence and sexual offences,2026-06,1763
Wiltshire,Violence and sexual offences,2026-07,1856
Wiltshire,Violence and sexual offences,2026-08,1708
Wiltshire,Violence and sexual offences,2026-09,1648
Wiltshire,Violence and sexual offences,2026-10,1679
Wiltshire,Violence and sexual offences,2026-11,1622
Wiltshire,Violence and sexual offences,2026-12,1585
Wiltshire,Violence and sexual offences,2027-01,1562
Wiltshire,Violence and sexual offences,2027-02,1471
